ISO-10303-21;
HEADER;
FILE_DESCRIPTION(('KiCad electronic assembly'),'2;1');
FILE_NAME('qfn-programmer.step','2026-01-20T22:23:40',('Pcbnew'),(
    'Kicad'),'Open CASCADE STEP processor 7.9','KiCad to STEP converter'
  ,'Unknown');
FILE_SCHEMA(('AUTOMOTIVE_DESIGN { 1 0 10303 214 1 1 1 1 }'));
ENDSEC;
DATA;
#1 = APPLICATION_PROTOCOL_DEFINITION('international standard',
  'automotive_design',2000,#2);
#2 = APPLICATION_CONTEXT(
  'core data for automotive mechanical design processes');
#3 = SHAPE_DEFINITION_REPRESENTATION(#4,#10);
#4 = PRODUCT_DEFINITION_SHAPE('','',#5);
#5 = PRODUCT_DEFINITION('design','',#6,#9);
#6 = PRODUCT_DEFINITION_FORMATION('','',#7);
#7 = PRODUCT('qfn-programmer 1','qfn-programmer 1','',(#8));
#8 = PRODUCT_CONTEXT('',#2,'mechanical');
#9 = PRODUCT_DEFINITION_CONTEXT('part definition',#2,'design');
#10 = SHAPE_REPRESENTATION('',(#11,#15,#19,#23,#27,#31,#35,#39),#43);
#11 = AXIS2_PLACEMENT_3D('',#12,#13,#14);
#12 = CARTESIAN_POINT('',(0.,0.,0.));
#13 = DIRECTION('',(0.,0.,1.));
#14 = DIRECTION('',(1.,0.,-0.));
#15 = AXIS2_PLACEMENT_3D('',#16,#17,#18);
#16 = CARTESIAN_POINT('',(47.2125,-15.555,1.595));
#17 = DIRECTION('',(0.,0.,1.));
#18 = DIRECTION('',(1.,0.,0.));
#19 = AXIS2_PLACEMENT_3D('',#20,#21,#22);
#20 = CARTESIAN_POINT('',(47.2325,-23.565,1.595));
#21 = DIRECTION('',(0.,0.,1.));
#22 = DIRECTION('',(1.,0.,0.));
#23 = AXIS2_PLACEMENT_3D('',#24,#25,#26);
#24 = CARTESIAN_POINT('',(46.885,-10.07,1.595));
#25 = DIRECTION('',(1.224646799147E-16,1.,1.110223024625E-16));
#26 = DIRECTION('',(-1.,1.224646799147E-16,0.));
#27 = AXIS2_PLACEMENT_3D('',#28,#29,#30);
#28 = CARTESIAN_POINT('',(47.1925,-19.58,1.595));
#29 = DIRECTION('',(0.,0.,1.));
#30 = DIRECTION('',(1.,0.,0.));
#31 = AXIS2_PLACEMENT_3D('',#32,#33,#34);
#32 = CARTESIAN_POINT('',(29.48,1.58,1.595));
#33 = DIRECTION('',(0.,0.,1.));
#34 = DIRECTION('',(1.,0.,0.));
#35 = AXIS2_PLACEMENT_3D('',#36,#37,#38);
#36 = CARTESIAN_POINT('',(29.38,-26.39,1.595));
#37 = DIRECTION('',(0.,0.,1.));
#38 = DIRECTION('',(-1.,1.224646799147E-16,0.));
#39 = AXIS2_PLACEMENT_3D('',#40,#41,#42);
#40 = CARTESIAN_POINT('',(0.,0.,0.));
#41 = DIRECTION('',(0.,0.,1.));
#42 = DIRECTION('',(1.,0.,-0.));
#43 = ( GEOMETRIC_REPRESENTATION_CONTEXT(3) 
GLOBAL_UNCERTAINTY_ASSIGNED_CONTEXT((#47)) GLOBAL_UNIT_ASSIGNED_CONTEXT(
(#44,#45,#46)) REPRESENTATION_CONTEXT('Context #1',
  '3D Context with UNIT and UNCERTAINTY') );
#44 = ( LENGTH_UNIT() NAMED_UNIT(*) SI_UNIT(.MILLI.,.METRE.) );
#45 = ( NAMED_UNIT(*) PLANE_ANGLE_UNIT() SI_UNIT($,.RADIAN.) );
#46 = ( NAMED_UNIT(*) SI_UNIT($,.STERADIAN.) SOLID_ANGLE_UNIT() );
#47 = UNCERTAINTY_MEASURE_WITH_UNIT(LENGTH_MEASURE(1.E-07),#44,
  'distance_accuracy_value','confusion accuracy');
#48 = PRODUCT_RELATED_PRODUCT_CATEGORY('part',$,(#7));
#49 = SHAPE_DEFINITION_REPRESENTATION(#50,#56);
#50 = PRODUCT_DEFINITION_SHAPE('','',#51);
#51 = PRODUCT_DEFINITION('design','',#52,#55);
#52 = PRODUCT_DEFINITION_FORMATION('','',#53);
#53 = PRODUCT('C_0805_2012Metric','C_0805_2012Metric','',(#54));
#54 = PRODUCT_CONTEXT('',#2,'mechanical');
#55 = PRODUCT_DEFINITION_CONTEXT('part definition',#2,'design');
#56 = ADVANCED_BREP_SHAPE_REPRESENTATION('',(#11,#57),#911);
#57 = MANIFOLD_SOLID_BREP('',#58);
#58 = CLOSED_SHELL('',(#59,#135,#166,#191,#216,#240,#264,#289,#314,#331,
    #417,#449,#473,#498,#522,#547,#571,#596,#613,#699,#730,#755,#780,
    #804,#828,#853,#878,#895));
#59 = ADVANCED_FACE('',(#60),#130,.F.);
#60 = FACE_BOUND('',#61,.F.);
#61 = EDGE_LOOP('',(#62,#72,#81,#89,#98,#106,#115,#123));
#62 = ORIENTED_EDGE('',*,*,#63,.F.);
#63 = EDGE_CURVE('',#64,#66,#68,.T.);
#64 = VERTEX_POINT('',#65);
#65 = CARTESIAN_POINT('',(-1.,-0.625,4.E-02));
#66 = VERTEX_POINT('',#67);
#67 = CARTESIAN_POINT('',(-1.,-0.625,1.21));
#68 = LINE('',#69,#70);
#69 = CARTESIAN_POINT('',(-1.,-0.625,0.));
#70 = VECTOR('',#71,1.);
#71 = DIRECTION('',(0.,0.,1.));
#72 = ORIENTED_EDGE('',*,*,#73,.T.);
#73 = EDGE_CURVE('',#64,#74,#76,.T.);
#74 = VERTEX_POINT('',#75);
#75 = CARTESIAN_POINT('',(-1.,-0.585,0.));
#76 = CIRCLE('',#77,4.E-02);
#77 = AXIS2_PLACEMENT_3D('',#78,#79,#80);
#78 = CARTESIAN_POINT('',(-1.,-0.585,4.E-02));
#79 = DIRECTION('',(1.,0.,-0.));
#80 = DIRECTION('',(0.,0.,1.));
#81 = ORIENTED_EDGE('',*,*,#82,.T.);
#82 = EDGE_CURVE('',#74,#83,#85,.T.);
#83 = VERTEX_POINT('',#84);
#84 = CARTESIAN_POINT('',(-1.,0.585,0.));
#85 = LINE('',#86,#87);
#86 = CARTESIAN_POINT('',(-1.,-0.625,0.));
#87 = VECTOR('',#88,1.);
#88 = DIRECTION('',(0.,1.,0.));
#89 = ORIENTED_EDGE('',*,*,#90,.F.);
#90 = EDGE_CURVE('',#91,#83,#93,.T.);
#91 = VERTEX_POINT('',#92);
#92 = CARTESIAN_POINT('',(-1.,0.625,4.E-02));
#93 = CIRCLE('',#94,4.E-02);
#94 = AXIS2_PLACEMENT_3D('',#95,#96,#97);
#95 = CARTESIAN_POINT('',(-1.,0.585,4.E-02));
#96 = DIRECTION('',(-1.,0.,0.));
#97 = DIRECTION('',(0.,0.,1.));
#98 = ORIENTED_EDGE('',*,*,#99,.T.);
#99 = EDGE_CURVE('',#91,#100,#102,.T.);
#100 = VERTEX_POINT('',#101);
#101 = CARTESIAN_POINT('',(-1.,0.625,1.21));
#102 = LINE('',#103,#104);
#103 = CARTESIAN_POINT('',(-1.,0.625,0.));
#104 = VECTOR('',#105,1.);
#105 = DIRECTION('',(0.,0.,1.));
#106 = ORIENTED_EDGE('',*,*,#107,.T.);
#107 = EDGE_CURVE('',#100,#108,#110,.T.);
#108 = VERTEX_POINT('',#109);
#109 = CARTESIAN_POINT('',(-1.,0.585,1.25));
#110 = CIRCLE('',#111,4.E-02);
#111 = AXIS2_PLACEMENT_3D('',#112,#113,#114);
#112 = CARTESIAN_POINT('',(-1.,0.585,1.21));
#113 = DIRECTION('',(1.,0.,-0.));
#114 = DIRECTION('',(0.,0.,1.));
#115 = ORIENTED_EDGE('',*,*,#116,.F.);
#116 = EDGE_CURVE('',#117,#108,#119,.T.);
#117 = VERTEX_POINT('',#118);
#118 = CARTESIAN_POINT('',(-1.,-0.585,1.25));
#119 = LINE('',#120,#121);
#120 = CARTESIAN_POINT('',(-1.,-0.625,1.25));
#121 = VECTOR('',#122,1.);
#122 = DIRECTION('',(0.,1.,0.));
#123 = ORIENTED_EDGE('',*,*,#124,.F.);
#124 = EDGE_CURVE('',#66,#117,#125,.T.);
#125 = CIRCLE('',#126,4.E-02);
#126 = AXIS2_PLACEMENT_3D('',#127,#128,#129);
#127 = CARTESIAN_POINT('',(-1.,-0.585,1.21));
#128 = DIRECTION('',(-1.,0.,0.));
#129 = DIRECTION('',(0.,0.,1.));
#130 = PLANE('',#131);
#131 = AXIS2_PLACEMENT_3D('',#132,#133,#134);
#132 = CARTESIAN_POINT('',(-1.,-0.625,0.));
#133 = DIRECTION('',(1.,0.,0.));
#134 = DIRECTION('',(0.,0.,1.));
#135 = ADVANCED_FACE('',(#136),#161,.F.);
#136 = FACE_BOUND('',#137,.F.);
#137 = EDGE_LOOP('',(#138,#148,#154,#155));
#138 = ORIENTED_EDGE('',*,*,#139,.F.);
#139 = EDGE_CURVE('',#140,#142,#144,.T.);
#140 = VERTEX_POINT('',#141);
#141 = CARTESIAN_POINT('',(-0.6,-0.625,4.E-02));
#142 = VERTEX_POINT('',#143);
#143 = CARTESIAN_POINT('',(-0.6,-0.625,1.21));
#144 = LINE('',#145,#146);
#145 = CARTESIAN_POINT('',(-0.6,-0.625,0.));
#146 = VECTOR('',#147,1.);
#147 = DIRECTION('',(0.,0.,1.));
#148 = ORIENTED_EDGE('',*,*,#149,.F.);
#149 = EDGE_CURVE('',#64,#140,#150,.T.);
#150 = LINE('',#151,#152);
#151 = CARTESIAN_POINT('',(-1.,-0.625,4.E-02));
#152 = VECTOR('',#153,1.);
#153 = DIRECTION('',(1.,0.,0.));
#154 = ORIENTED_EDGE('',*,*,#63,.T.);
#155 = ORIENTED_EDGE('',*,*,#156,.T.);
#156 = EDGE_CURVE('',#66,#142,#157,.T.);
#157 = LINE('',#158,#159);
#158 = CARTESIAN_POINT('',(-1.,-0.625,1.21));
#159 = VECTOR('',#160,1.);
#160 = DIRECTION('',(1.,0.,0.));
#161 = PLANE('',#162);
#162 = AXIS2_PLACEMENT_3D('',#163,#164,#165);
#163 = CARTESIAN_POINT('',(-1.,-0.625,0.));
#164 = DIRECTION('',(0.,1.,0.));
#165 = DIRECTION('',(0.,-0.,1.));
#166 = ADVANCED_FACE('',(#167),#186,.T.);
#167 = FACE_BOUND('',#168,.T.);
#168 = EDGE_LOOP('',(#169,#170,#178,#185));
#169 = ORIENTED_EDGE('',*,*,#73,.T.);
#170 = ORIENTED_EDGE('',*,*,#171,.T.);
#171 = EDGE_CURVE('',#74,#172,#174,.T.);
#172 = VERTEX_POINT('',#173);
#173 = CARTESIAN_POINT('',(-0.6,-0.585,0.));
#174 = LINE('',#175,#176);
#175 = CARTESIAN_POINT('',(-1.,-0.585,0.));
#176 = VECTOR('',#177,1.);
#177 = DIRECTION('',(1.,0.,0.));
#178 = ORIENTED_EDGE('',*,*,#179,.F.);
#179 = EDGE_CURVE('',#140,#172,#180,.T.);
#180 = CIRCLE('',#181,4.E-02);
#181 = AXIS2_PLACEMENT_3D('',#182,#183,#184);
#182 = CARTESIAN_POINT('',(-0.6,-0.585,4.E-02));
#183 = DIRECTION('',(1.,0.,-0.));
#184 = DIRECTION('',(0.,0.,1.));
#185 = ORIENTED_EDGE('',*,*,#149,.F.);
#186 = CYLINDRICAL_SURFACE('',#187,4.E-02);
#187 = AXIS2_PLACEMENT_3D('',#188,#189,#190);
#188 = CARTESIAN_POINT('',(-1.,-0.585,4.E-02));
#189 = DIRECTION('',(1.,0.,0.));
#190 = DIRECTION('',(0.,-1.,0.));
#191 = ADVANCED_FACE('',(#192),#211,.T.);
#192 = FACE_BOUND('',#193,.T.);
#193 = EDGE_LOOP('',(#194,#195,#204,#210));
#194 = ORIENTED_EDGE('',*,*,#156,.T.);
#195 = ORIENTED_EDGE('',*,*,#196,.T.);
#196 = EDGE_CURVE('',#142,#197,#199,.T.);
#197 = VERTEX_POINT('',#198);
#198 = CARTESIAN_POINT('',(-0.6,-0.585,1.25));
#199 = CIRCLE('',#200,4.E-02);
#200 = AXIS2_PLACEMENT_3D('',#201,#202,#203);
#201 = CARTESIAN_POINT('',(-0.6,-0.585,1.21));
#202 = DIRECTION('',(-1.,0.,0.));
#203 = DIRECTION('',(0.,0.,1.));
#204 = ORIENTED_EDGE('',*,*,#205,.F.);
#205 = EDGE_CURVE('',#117,#197,#206,.T.);
#206 = LINE('',#207,#208);
#207 = CARTESIAN_POINT('',(-1.,-0.585,1.25));
#208 = VECTOR('',#209,1.);
#209 = DIRECTION('',(1.,0.,0.));
#210 = ORIENTED_EDGE('',*,*,#124,.F.);
#211 = CYLINDRICAL_SURFACE('',#212,4.E-02);
#212 = AXIS2_PLACEMENT_3D('',#213,#214,#215);
#213 = CARTESIAN_POINT('',(-1.,-0.585,1.21));
#214 = DIRECTION('',(1.,0.,0.));
#215 = DIRECTION('',(0.,-1.,0.));
#216 = ADVANCED_FACE('',(#217),#235,.F.);
#217 = FACE_BOUND('',#218,.F.);
#218 = EDGE_LOOP('',(#219,#220,#221,#229));
#219 = ORIENTED_EDGE('',*,*,#82,.F.);
#220 = ORIENTED_EDGE('',*,*,#171,.T.);
#221 = ORIENTED_EDGE('',*,*,#222,.T.);
#222 = EDGE_CURVE('',#172,#223,#225,.T.);
#223 = VERTEX_POINT('',#224);
#224 = CARTESIAN_POINT('',(-0.6,0.585,0.));
#225 = LINE('',#226,#227);
#226 = CARTESIAN_POINT('',(-0.6,-0.625,0.));
#227 = VECTOR('',#228,1.);
#228 = DIRECTION('',(0.,1.,0.));
#229 = ORIENTED_EDGE('',*,*,#230,.F.);
#230 = EDGE_CURVE('',#83,#223,#231,.T.);
#231 = LINE('',#232,#233);
#232 = CARTESIAN_POINT('',(-1.,0.585,0.));
#233 = VECTOR('',#234,1.);
#234 = DIRECTION('',(1.,0.,0.));
#235 = PLANE('',#236);
#236 = AXIS2_PLACEMENT_3D('',#237,#238,#239);
#237 = CARTESIAN_POINT('',(-1.,-0.625,0.));
#238 = DIRECTION('',(0.,0.,1.));
#239 = DIRECTION('',(1.,0.,-0.));
#240 = ADVANCED_FACE('',(#241),#259,.T.);
#241 = FACE_BOUND('',#242,.T.);
#242 = EDGE_LOOP('',(#243,#244,#245,#253));
#243 = ORIENTED_EDGE('',*,*,#116,.F.);
#244 = ORIENTED_EDGE('',*,*,#205,.T.);
#245 = ORIENTED_EDGE('',*,*,#246,.T.);
#246 = EDGE_CURVE('',#197,#247,#249,.T.);
#247 = VERTEX_POINT('',#248);
#248 = CARTESIAN_POINT('',(-0.6,0.585,1.25));
#249 = LINE('',#250,#251);
#250 = CARTESIAN_POINT('',(-0.6,-0.625,1.25));
#251 = VECTOR('',#252,1.);
#252 = DIRECTION('',(0.,1.,0.));
#253 = ORIENTED_EDGE('',*,*,#254,.F.);
#254 = EDGE_CURVE('',#108,#247,#255,.T.);
#255 = LINE('',#256,#257);
#256 = CARTESIAN_POINT('',(-1.,0.585,1.25));
#257 = VECTOR('',#258,1.);
#258 = DIRECTION('',(1.,0.,0.));
#259 = PLANE('',#260);
#260 = AXIS2_PLACEMENT_3D('',#261,#262,#263);
#261 = CARTESIAN_POINT('',(-1.,-0.625,1.25));
#262 = DIRECTION('',(0.,0.,1.));
#263 = DIRECTION('',(1.,0.,-0.));
#264 = ADVANCED_FACE('',(#265),#284,.T.);
#265 = FACE_BOUND('',#266,.T.);
#266 = EDGE_LOOP('',(#267,#275,#282,#283));
#267 = ORIENTED_EDGE('',*,*,#268,.T.);
#268 = EDGE_CURVE('',#91,#269,#271,.T.);
#269 = VERTEX_POINT('',#270);
#270 = CARTESIAN_POINT('',(-0.6,0.625,4.E-02));
#271 = LINE('',#272,#273);
#272 = CARTESIAN_POINT('',(-1.,0.625,4.E-02));
#273 = VECTOR('',#274,1.);
#274 = DIRECTION('',(1.,0.,0.));
#275 = ORIENTED_EDGE('',*,*,#276,.T.);
#276 = EDGE_CURVE('',#269,#223,#277,.T.);
#277 = CIRCLE('',#278,4.E-02);
#278 = AXIS2_PLACEMENT_3D('',#279,#280,#281);
#279 = CARTESIAN_POINT('',(-0.6,0.585,4.E-02));
#280 = DIRECTION('',(-1.,0.,0.));
#281 = DIRECTION('',(0.,0.,1.));
#282 = ORIENTED_EDGE('',*,*,#230,.F.);
#283 = ORIENTED_EDGE('',*,*,#90,.F.);
#284 = CYLINDRICAL_SURFACE('',#285,4.E-02);
#285 = AXIS2_PLACEMENT_3D('',#286,#287,#288);
#286 = CARTESIAN_POINT('',(-1.,0.585,4.E-02));
#287 = DIRECTION('',(1.,0.,0.));
#288 = DIRECTION('',(-0.,1.,0.));
#289 = ADVANCED_FACE('',(#290),#309,.T.);
#290 = FACE_BOUND('',#291,.T.);
#291 = EDGE_LOOP('',(#292,#293,#294,#303));
#292 = ORIENTED_EDGE('',*,*,#107,.T.);
#293 = ORIENTED_EDGE('',*,*,#254,.T.);
#294 = ORIENTED_EDGE('',*,*,#295,.F.);
#295 = EDGE_CURVE('',#296,#247,#298,.T.);
#296 = VERTEX_POINT('',#297);
#297 = CARTESIAN_POINT('',(-0.6,0.625,1.21));
#298 = CIRCLE('',#299,4.E-02);
#299 = AXIS2_PLACEMENT_3D('',#300,#301,#302);
#300 = CARTESIAN_POINT('',(-0.6,0.585,1.21));
#301 = DIRECTION('',(1.,0.,-0.));
#302 = DIRECTION('',(0.,0.,1.));
#303 = ORIENTED_EDGE('',*,*,#304,.F.);
#304 = EDGE_CURVE('',#100,#296,#305,.T.);
#305 = LINE('',#306,#307);
#306 = CARTESIAN_POINT('',(-1.,0.625,1.21));
#307 = VECTOR('',#308,1.);
#308 = DIRECTION('',(1.,0.,0.));
#309 = CYLINDRICAL_SURFACE('',#310,4.E-02);
#310 = AXIS2_PLACEMENT_3D('',#311,#312,#313);
#311 = CARTESIAN_POINT('',(-1.,0.585,1.21));
#312 = DIRECTION('',(1.,0.,0.));
#313 = DIRECTION('',(-0.,1.,0.));
#314 = ADVANCED_FACE('',(#315),#326,.T.);
#315 = FACE_BOUND('',#316,.T.);
#316 = EDGE_LOOP('',(#317,#323,#324,#325));
#317 = ORIENTED_EDGE('',*,*,#318,.F.);
#318 = EDGE_CURVE('',#269,#296,#319,.T.);
#319 = LINE('',#320,#321);
#320 = CARTESIAN_POINT('',(-0.6,0.625,0.));
#321 = VECTOR('',#322,1.);
#322 = DIRECTION('',(0.,0.,1.));
#323 = ORIENTED_EDGE('',*,*,#268,.F.);
#324 = ORIENTED_EDGE('',*,*,#99,.T.);
#325 = ORIENTED_EDGE('',*,*,#304,.T.);
#326 = PLANE('',#327);
#327 = AXIS2_PLACEMENT_3D('',#328,#329,#330);
#328 = CARTESIAN_POINT('',(-1.,0.625,0.));
#329 = DIRECTION('',(0.,1.,0.));
#330 = DIRECTION('',(0.,-0.,1.));
#331 = ADVANCED_FACE('',(#332,#342),#412,.T.);
#332 = FACE_BOUND('',#333,.T.);
#333 = EDGE_LOOP('',(#334,#335,#336,#337,#338,#339,#340,#341));
#334 = ORIENTED_EDGE('',*,*,#139,.F.);
#335 = ORIENTED_EDGE('',*,*,#179,.T.);
#336 = ORIENTED_EDGE('',*,*,#222,.T.);
#337 = ORIENTED_EDGE('',*,*,#276,.F.);
#338 = ORIENTED_EDGE('',*,*,#318,.T.);
#339 = ORIENTED_EDGE('',*,*,#295,.T.);
#340 = ORIENTED_EDGE('',*,*,#246,.F.);
#341 = ORIENTED_EDGE('',*,*,#196,.F.);
#342 = FACE_BOUND('',#343,.T.);
#343 = EDGE_LOOP('',(#344,#355,#363,#372,#380,#389,#397,#406));
#344 = ORIENTED_EDGE('',*,*,#345,.F.);
#345 = EDGE_CURVE('',#346,#348,#350,.T.);
#346 = VERTEX_POINT('',#347);
#347 = CARTESIAN_POINT('',(-0.6,-0.585,8.E-02));
#348 = VERTEX_POINT('',#349);
#349 = CARTESIAN_POINT('',(-0.6,-0.545,4.E-02));
#350 = CIRCLE('',#351,4.E-02);
#351 = AXIS2_PLACEMENT_3D('',#352,#353,#354);
#352 = CARTESIAN_POINT('',(-0.6,-0.545,8.E-02));
#353 = DIRECTION('',(1.,0.,-0.));
#354 = DIRECTION('',(0.,0.,1.));
#355 = ORIENTED_EDGE('',*,*,#356,.T.);
#356 = EDGE_CURVE('',#346,#357,#359,.T.);
#357 = VERTEX_POINT('',#358);
#358 = CARTESIAN_POINT('',(-0.6,-0.585,1.17));
#359 = LINE('',#360,#361);
#360 = CARTESIAN_POINT('',(-0.6,-0.585,4.E-02));
#361 = VECTOR('',#362,1.);
#362 = DIRECTION('',(0.,0.,1.));
#363 = ORIENTED_EDGE('',*,*,#364,.T.);
#364 = EDGE_CURVE('',#357,#365,#367,.T.);
#365 = VERTEX_POINT('',#366);
#366 = CARTESIAN_POINT('',(-0.6,-0.545,1.21));
#367 = CIRCLE('',#368,4.E-02);
#368 = AXIS2_PLACEMENT_3D('',#369,#370,#371);
#369 = CARTESIAN_POINT('',(-0.6,-0.545,1.17));
#370 = DIRECTION('',(-1.,0.,0.));
#371 = DIRECTION('',(0.,0.,1.));
#372 = ORIENTED_EDGE('',*,*,#373,.T.);
#373 = EDGE_CURVE('',#365,#374,#376,.T.);
#374 = VERTEX_POINT('',#375);
#375 = CARTESIAN_POINT('',(-0.6,0.545,1.21));
#376 = LINE('',#377,#378);
#377 = CARTESIAN_POINT('',(-0.6,-0.585,1.21));
#378 = VECTOR('',#379,1.);
#379 = DIRECTION('',(0.,1.,0.));
#380 = ORIENTED_EDGE('',*,*,#381,.F.);
#381 = EDGE_CURVE('',#382,#374,#384,.T.);
#382 = VERTEX_POINT('',#383);
#383 = CARTESIAN_POINT('',(-0.6,0.585,1.17));
#384 = CIRCLE('',#385,4.E-02);
#385 = AXIS2_PLACEMENT_3D('',#386,#387,#388);
#386 = CARTESIAN_POINT('',(-0.6,0.545,1.17));
#387 = DIRECTION('',(1.,0.,-0.));
#388 = DIRECTION('',(0.,0.,1.));
#389 = ORIENTED_EDGE('',*,*,#390,.F.);
#390 = EDGE_CURVE('',#391,#382,#393,.T.);
#391 = VERTEX_POINT('',#392);
#392 = CARTESIAN_POINT('',(-0.6,0.585,8.E-02));
#393 = LINE('',#394,#395);
#394 = CARTESIAN_POINT('',(-0.6,0.585,4.E-02));
#395 = VECTOR('',#396,1.);
#396 = DIRECTION('',(0.,0.,1.));
#397 = ORIENTED_EDGE('',*,*,#398,.T.);
#398 = EDGE_CURVE('',#391,#399,#401,.T.);
#399 = VERTEX_POINT('',#400);
#400 = CARTESIAN_POINT('',(-0.6,0.545,4.E-02));
#401 = CIRCLE('',#402,4.E-02);
#402 = AXIS2_PLACEMENT_3D('',#403,#404,#405);
#403 = CARTESIAN_POINT('',(-0.6,0.545,8.E-02));
#404 = DIRECTION('',(-1.,0.,0.));
#405 = DIRECTION('',(0.,0.,1.));
#406 = ORIENTED_EDGE('',*,*,#407,.F.);
#407 = EDGE_CURVE('',#348,#399,#408,.T.);
#408 = LINE('',#409,#410);
#409 = CARTESIAN_POINT('',(-0.6,-0.585,4.E-02));
#410 = VECTOR('',#411,1.);
#411 = DIRECTION('',(0.,1.,0.));
#412 = PLANE('',#413);
#413 = AXIS2_PLACEMENT_3D('',#414,#415,#416);
#414 = CARTESIAN_POINT('',(-0.6,-0.625,0.));
#415 = DIRECTION('',(1.,0.,0.));
#416 = DIRECTION('',(0.,0.,1.));
#417 = ADVANCED_FACE('',(#418),#444,.T.);
#418 = FACE_BOUND('',#419,.T.);
#419 = EDGE_LOOP('',(#420,#421,#429,#438));
#420 = ORIENTED_EDGE('',*,*,#345,.T.);
#421 = ORIENTED_EDGE('',*,*,#422,.T.);
#422 = EDGE_CURVE('',#348,#423,#425,.T.);
#423 = VERTEX_POINT('',#424);
#424 = CARTESIAN_POINT('',(0.6,-0.545,4.E-02));
#425 = LINE('',#426,#427);
#426 = CARTESIAN_POINT('',(-0.6,-0.545,4.E-02));
#427 = VECTOR('',#428,1.);
#428 = DIRECTION('',(1.,0.,0.));
#429 = ORIENTED_EDGE('',*,*,#430,.F.);
#430 = EDGE_CURVE('',#431,#423,#433,.T.);
#431 = VERTEX_POINT('',#432);
#432 = CARTESIAN_POINT('',(0.6,-0.585,8.E-02));
#433 = CIRCLE('',#434,4.E-02);
#434 = AXIS2_PLACEMENT_3D('',#435,#436,#437);
#435 = CARTESIAN_POINT('',(0.6,-0.545,8.E-02));
#436 = DIRECTION('',(1.,0.,-0.));
#437 = DIRECTION('',(0.,0.,1.));
#438 = ORIENTED_EDGE('',*,*,#439,.F.);
#439 = EDGE_CURVE('',#346,#431,#440,.T.);
#440 = LINE('',#441,#442);
#441 = CARTESIAN_POINT('',(-0.6,-0.585,8.E-02));
#442 = VECTOR('',#443,1.);
#443 = DIRECTION('',(1.,0.,0.));
#444 = CYLINDRICAL_SURFACE('',#445,4.E-02);
#445 = AXIS2_PLACEMENT_3D('',#446,#447,#448);
#446 = CARTESIAN_POINT('',(-0.6,-0.545,8.E-02));
#447 = DIRECTION('',(1.,0.,0.));
#448 = DIRECTION('',(0.,-1.,0.));
#449 = ADVANCED_FACE('',(#450),#468,.F.);
#450 = FACE_BOUND('',#451,.F.);
#451 = EDGE_LOOP('',(#452,#453,#454,#462));
#452 = ORIENTED_EDGE('',*,*,#407,.F.);
#453 = ORIENTED_EDGE('',*,*,#422,.T.);
#454 = ORIENTED_EDGE('',*,*,#455,.T.);
#455 = EDGE_CURVE('',#423,#456,#458,.T.);
#456 = VERTEX_POINT('',#457);
#457 = CARTESIAN_POINT('',(0.6,0.545,4.E-02));
#458 = LINE('',#459,#460);
#459 = CARTESIAN_POINT('',(0.6,-0.585,4.E-02));
#460 = VECTOR('',#461,1.);
#461 = DIRECTION('',(0.,1.,0.));
#462 = ORIENTED_EDGE('',*,*,#463,.F.);
#463 = EDGE_CURVE('',#399,#456,#464,.T.);
#464 = LINE('',#465,#466);
#465 = CARTESIAN_POINT('',(-0.6,0.545,4.E-02));
#466 = VECTOR('',#467,1.);
#467 = DIRECTION('',(1.,0.,0.));
#468 = PLANE('',#469);
#469 = AXIS2_PLACEMENT_3D('',#470,#471,#472);
#470 = CARTESIAN_POINT('',(-0.6,-0.585,4.E-02));
#471 = DIRECTION('',(0.,0.,1.));
#472 = DIRECTION('',(1.,0.,-0.));
#473 = ADVANCED_FACE('',(#474),#493,.T.);
#474 = FACE_BOUND('',#475,.T.);
#475 = EDGE_LOOP('',(#476,#484,#491,#492));
#476 = ORIENTED_EDGE('',*,*,#477,.T.);
#477 = EDGE_CURVE('',#391,#478,#480,.T.);
#478 = VERTEX_POINT('',#479);
#479 = CARTESIAN_POINT('',(0.6,0.585,8.E-02));
#480 = LINE('',#481,#482);
#481 = CARTESIAN_POINT('',(-0.6,0.585,8.E-02));
#482 = VECTOR('',#483,1.);
#483 = DIRECTION('',(1.,0.,0.));
#484 = ORIENTED_EDGE('',*,*,#485,.T.);
#485 = EDGE_CURVE('',#478,#456,#486,.T.);
#486 = CIRCLE('',#487,4.E-02);
#487 = AXIS2_PLACEMENT_3D('',#488,#489,#490);
#488 = CARTESIAN_POINT('',(0.6,0.545,8.E-02));
#489 = DIRECTION('',(-1.,0.,0.));
#490 = DIRECTION('',(0.,0.,1.));
#491 = ORIENTED_EDGE('',*,*,#463,.F.);
#492 = ORIENTED_EDGE('',*,*,#398,.F.);
#493 = CYLINDRICAL_SURFACE('',#494,4.E-02);
#494 = AXIS2_PLACEMENT_3D('',#495,#496,#497);
#495 = CARTESIAN_POINT('',(-0.6,0.545,8.E-02));
#496 = DIRECTION('',(1.,0.,0.));
#497 = DIRECTION('',(-0.,1.,0.));
#498 = ADVANCED_FACE('',(#499),#517,.T.);
#499 = FACE_BOUND('',#500,.T.);
#500 = EDGE_LOOP('',(#501,#509,#510,#511));
#501 = ORIENTED_EDGE('',*,*,#502,.F.);
#502 = EDGE_CURVE('',#478,#503,#505,.T.);
#503 = VERTEX_POINT('',#504);
#504 = CARTESIAN_POINT('',(0.6,0.585,1.17));
#505 = LINE('',#506,#507);
#506 = CARTESIAN_POINT('',(0.6,0.585,4.E-02));
#507 = VECTOR('',#508,1.);
#508 = DIRECTION('',(0.,0.,1.));
#509 = ORIENTED_EDGE('',*,*,#477,.F.);
#510 = ORIENTED_EDGE('',*,*,#390,.T.);
#511 = ORIENTED_EDGE('',*,*,#512,.T.);
#512 = EDGE_CURVE('',#382,#503,#513,.T.);
#513 = LINE('',#514,#515);
#514 = CARTESIAN_POINT('',(-0.6,0.585,1.17));
#515 = VECTOR('',#516,1.);
#516 = DIRECTION('',(1.,0.,0.));
#517 = PLANE('',#518);
#518 = AXIS2_PLACEMENT_3D('',#519,#520,#521);
#519 = CARTESIAN_POINT('',(-0.6,0.585,4.E-02));
#520 = DIRECTION('',(0.,1.,0.));
#521 = DIRECTION('',(0.,-0.,1.));
#522 = ADVANCED_FACE('',(#523),#542,.T.);
#523 = FACE_BOUND('',#524,.T.);
#524 = EDGE_LOOP('',(#525,#526,#534,#541));
#525 = ORIENTED_EDGE('',*,*,#381,.T.);
#526 = ORIENTED_EDGE('',*,*,#527,.T.);
#527 = EDGE_CURVE('',#374,#528,#530,.T.);
#528 = VERTEX_POINT('',#529);
#529 = CARTESIAN_POINT('',(0.6,0.545,1.21));
#530 = LINE('',#531,#532);
#531 = CARTESIAN_POINT('',(-0.6,0.545,1.21));
#532 = VECTOR('',#533,1.);
#533 = DIRECTION('',(1.,0.,0.));
#534 = ORIENTED_EDGE('',*,*,#535,.F.);
#535 = EDGE_CURVE('',#503,#528,#536,.T.);
#536 = CIRCLE('',#537,4.E-02);
#537 = AXIS2_PLACEMENT_3D('',#538,#539,#540);
#538 = CARTESIAN_POINT('',(0.6,0.545,1.17));
#539 = DIRECTION('',(1.,0.,-0.));
#540 = DIRECTION('',(0.,0.,1.));
#541 = ORIENTED_EDGE('',*,*,#512,.F.);
#542 = CYLINDRICAL_SURFACE('',#543,4.E-02);
#543 = AXIS2_PLACEMENT_3D('',#544,#545,#546);
#544 = CARTESIAN_POINT('',(-0.6,0.545,1.17));
#545 = DIRECTION('',(1.,0.,0.));
#546 = DIRECTION('',(-0.,1.,0.));
#547 = ADVANCED_FACE('',(#548),#566,.T.);
#548 = FACE_BOUND('',#549,.T.);
#549 = EDGE_LOOP('',(#550,#551,#559,#565));
#550 = ORIENTED_EDGE('',*,*,#373,.F.);
#551 = ORIENTED_EDGE('',*,*,#552,.T.);
#552 = EDGE_CURVE('',#365,#553,#555,.T.);
#553 = VERTEX_POINT('',#554);
#554 = CARTESIAN_POINT('',(0.6,-0.545,1.21));
#555 = LINE('',#556,#557);
#556 = CARTESIAN_POINT('',(-0.6,-0.545,1.21));
#557 = VECTOR('',#558,1.);
#558 = DIRECTION('',(1.,0.,0.));
#559 = ORIENTED_EDGE('',*,*,#560,.T.);
#560 = EDGE_CURVE('',#553,#528,#561,.T.);
#561 = LINE('',#562,#563);
#562 = CARTESIAN_POINT('',(0.6,-0.585,1.21));
#563 = VECTOR('',#564,1.);
#564 = DIRECTION('',(0.,1.,0.));
#565 = ORIENTED_EDGE('',*,*,#527,.F.);
#566 = PLANE('',#567);
#567 = AXIS2_PLACEMENT_3D('',#568,#569,#570);
#568 = CARTESIAN_POINT('',(-0.6,-0.585,1.21));
#569 = DIRECTION('',(0.,0.,1.));
#570 = DIRECTION('',(1.,0.,-0.));
#571 = ADVANCED_FACE('',(#572),#591,.T.);
#572 = FACE_BOUND('',#573,.T.);
#573 = EDGE_LOOP('',(#574,#582,#589,#590));
#574 = ORIENTED_EDGE('',*,*,#575,.T.);
#575 = EDGE_CURVE('',#357,#576,#578,.T.);
#576 = VERTEX_POINT('',#577);
#577 = CARTESIAN_POINT('',(0.6,-0.585,1.17));
#578 = LINE('',#579,#580);
#579 = CARTESIAN_POINT('',(-0.6,-0.585,1.17));
#580 = VECTOR('',#581,1.);
#581 = DIRECTION('',(1.,0.,0.));
#582 = ORIENTED_EDGE('',*,*,#583,.T.);
#583 = EDGE_CURVE('',#576,#553,#584,.T.);
#584 = CIRCLE('',#585,4.E-02);
#585 = AXIS2_PLACEMENT_3D('',#586,#587,#588);
#586 = CARTESIAN_POINT('',(0.6,-0.545,1.17));
#587 = DIRECTION('',(-1.,0.,0.));
#588 = DIRECTION('',(0.,0.,1.));
#589 = ORIENTED_EDGE('',*,*,#552,.F.);
#590 = ORIENTED_EDGE('',*,*,#364,.F.);
#591 = CYLINDRICAL_SURFACE('',#592,4.E-02);
#592 = AXIS2_PLACEMENT_3D('',#593,#594,#595);
#593 = CARTESIAN_POINT('',(-0.6,-0.545,1.17));
#594 = DIRECTION('',(1.,0.,0.));
#595 = DIRECTION('',(0.,-1.,0.));
#596 = ADVANCED_FACE('',(#597),#608,.F.);
#597 = FACE_BOUND('',#598,.F.);
#598 = EDGE_LOOP('',(#599,#605,#606,#607));
#599 = ORIENTED_EDGE('',*,*,#600,.F.);
#600 = EDGE_CURVE('',#431,#576,#601,.T.);
#601 = LINE('',#602,#603);
#602 = CARTESIAN_POINT('',(0.6,-0.585,4.E-02));
#603 = VECTOR('',#604,1.);
#604 = DIRECTION('',(0.,0.,1.));
#605 = ORIENTED_EDGE('',*,*,#439,.F.);
#606 = ORIENTED_EDGE('',*,*,#356,.T.);
#607 = ORIENTED_EDGE('',*,*,#575,.T.);
#608 = PLANE('',#609);
#609 = AXIS2_PLACEMENT_3D('',#610,#611,#612);
#610 = CARTESIAN_POINT('',(-0.6,-0.585,4.E-02));
#611 = DIRECTION('',(0.,1.,0.));
#612 = DIRECTION('',(0.,-0.,1.));
#613 = ADVANCED_FACE('',(#614,#684),#694,.F.);
#614 = FACE_BOUND('',#615,.F.);
#615 = EDGE_LOOP('',(#616,#626,#635,#643,#652,#660,#669,#677));
#616 = ORIENTED_EDGE('',*,*,#617,.F.);
#617 = EDGE_CURVE('',#618,#620,#622,.T.);
#618 = VERTEX_POINT('',#619);
#619 = CARTESIAN_POINT('',(0.6,-0.625,4.E-02));
#620 = VERTEX_POINT('',#621);
#621 = CARTESIAN_POINT('',(0.6,-0.625,1.21));
#622 = LINE('',#623,#624);
#623 = CARTESIAN_POINT('',(0.6,-0.625,0.));
#624 = VECTOR('',#625,1.);
#625 = DIRECTION('',(0.,0.,1.));
#626 = ORIENTED_EDGE('',*,*,#627,.T.);
#627 = EDGE_CURVE('',#618,#628,#630,.T.);
#628 = VERTEX_POINT('',#629);
#629 = CARTESIAN_POINT('',(0.6,-0.585,0.));
#630 = CIRCLE('',#631,4.E-02);
#631 = AXIS2_PLACEMENT_3D('',#632,#633,#634);
#632 = CARTESIAN_POINT('',(0.6,-0.585,4.E-02));
#633 = DIRECTION('',(1.,0.,-0.));
#634 = DIRECTION('',(0.,0.,1.));
#635 = ORIENTED_EDGE('',*,*,#636,.T.);
#636 = EDGE_CURVE('',#628,#637,#639,.T.);
#637 = VERTEX_POINT('',#638);
#638 = CARTESIAN_POINT('',(0.6,0.585,0.));
#639 = LINE('',#640,#641);
#640 = CARTESIAN_POINT('',(0.6,-0.625,0.));
#641 = VECTOR('',#642,1.);
#642 = DIRECTION('',(0.,1.,0.));
#643 = ORIENTED_EDGE('',*,*,#644,.F.);
#644 = EDGE_CURVE('',#645,#637,#647,.T.);
#645 = VERTEX_POINT('',#646);
#646 = CARTESIAN_POINT('',(0.6,0.625,4.E-02));
#647 = CIRCLE('',#648,4.E-02);
#648 = AXIS2_PLACEMENT_3D('',#649,#650,#651);
#649 = CARTESIAN_POINT('',(0.6,0.585,4.E-02));
#650 = DIRECTION('',(-1.,0.,0.));
#651 = DIRECTION('',(0.,0.,1.));
#652 = ORIENTED_EDGE('',*,*,#653,.T.);
#653 = EDGE_CURVE('',#645,#654,#656,.T.);
#654 = VERTEX_POINT('',#655);
#655 = CARTESIAN_POINT('',(0.6,0.625,1.21));
#656 = LINE('',#657,#658);
#657 = CARTESIAN_POINT('',(0.6,0.625,0.));
#658 = VECTOR('',#659,1.);
#659 = DIRECTION('',(0.,0.,1.));
#660 = ORIENTED_EDGE('',*,*,#661,.T.);
#661 = EDGE_CURVE('',#654,#662,#664,.T.);
#662 = VERTEX_POINT('',#663);
#663 = CARTESIAN_POINT('',(0.6,0.585,1.25));
#664 = CIRCLE('',#665,4.E-02);
#665 = AXIS2_PLACEMENT_3D('',#666,#667,#668);
#666 = CARTESIAN_POINT('',(0.6,0.585,1.21));
#667 = DIRECTION('',(1.,0.,-0.));
#668 = DIRECTION('',(0.,0.,1.));
#669 = ORIENTED_EDGE('',*,*,#670,.F.);
#670 = EDGE_CURVE('',#671,#662,#673,.T.);
#671 = VERTEX_POINT('',#672);
#672 = CARTESIAN_POINT('',(0.6,-0.585,1.25));
#673 = LINE('',#674,#675);
#674 = CARTESIAN_POINT('',(0.6,-0.625,1.25));
#675 = VECTOR('',#676,1.);
#676 = DIRECTION('',(0.,1.,0.));
#677 = ORIENTED_EDGE('',*,*,#678,.F.);
#678 = EDGE_CURVE('',#620,#671,#679,.T.);
#679 = CIRCLE('',#680,4.E-02);
#680 = AXIS2_PLACEMENT_3D('',#681,#682,#683);
#681 = CARTESIAN_POINT('',(0.6,-0.585,1.21));
#682 = DIRECTION('',(-1.,0.,0.));
#683 = DIRECTION('',(0.,0.,1.));
#684 = FACE_BOUND('',#685,.F.);
#685 = EDGE_LOOP('',(#686,#687,#688,#689,#690,#691,#692,#693));
#686 = ORIENTED_EDGE('',*,*,#430,.F.);
#687 = ORIENTED_EDGE('',*,*,#600,.T.);
#688 = ORIENTED_EDGE('',*,*,#583,.T.);
#689 = ORIENTED_EDGE('',*,*,#560,.T.);
#690 = ORIENTED_EDGE('',*,*,#535,.F.);
#691 = ORIENTED_EDGE('',*,*,#502,.F.);
#692 = ORIENTED_EDGE('',*,*,#485,.T.);
#693 = ORIENTED_EDGE('',*,*,#455,.F.);
#694 = PLANE('',#695);
#695 = AXIS2_PLACEMENT_3D('',#696,#697,#698);
#696 = CARTESIAN_POINT('',(0.6,-0.625,0.));
#697 = DIRECTION('',(1.,0.,0.));
#698 = DIRECTION('',(0.,0.,1.));
#699 = ADVANCED_FACE('',(#700),#725,.F.);
#700 = FACE_BOUND('',#701,.F.);
#701 = EDGE_LOOP('',(#702,#712,#718,#719));
#702 = ORIENTED_EDGE('',*,*,#703,.F.);
#703 = EDGE_CURVE('',#704,#706,#708,.T.);
#704 = VERTEX_POINT('',#705);
#705 = CARTESIAN_POINT('',(1.,-0.625,4.E-02));
#706 = VERTEX_POINT('',#707);
#707 = CARTESIAN_POINT('',(1.,-0.625,1.21));
#708 = LINE('',#709,#710);
#709 = CARTESIAN_POINT('',(1.,-0.625,0.));
#710 = VECTOR('',#711,1.);
#711 = DIRECTION('',(0.,0.,1.));
#712 = ORIENTED_EDGE('',*,*,#713,.F.);
#713 = EDGE_CURVE('',#618,#704,#714,.T.);
#714 = LINE('',#715,#716);
#715 = CARTESIAN_POINT('',(0.6,-0.625,4.E-02));
#716 = VECTOR('',#717,1.);
#717 = DIRECTION('',(1.,0.,0.));
#718 = ORIENTED_EDGE('',*,*,#617,.T.);
#719 = ORIENTED_EDGE('',*,*,#720,.T.);
#720 = EDGE_CURVE('',#620,#706,#721,.T.);
#721 = LINE('',#722,#723);
#722 = CARTESIAN_POINT('',(0.6,-0.625,1.21));
#723 = VECTOR('',#724,1.);
#724 = DIRECTION('',(1.,0.,0.));
#725 = PLANE('',#726);
#726 = AXIS2_PLACEMENT_3D('',#727,#728,#729);
#727 = CARTESIAN_POINT('',(0.6,-0.625,0.));
#728 = DIRECTION('',(0.,1.,0.));
#729 = DIRECTION('',(0.,-0.,1.));
#730 = ADVANCED_FACE('',(#731),#750,.T.);
#731 = FACE_BOUND('',#732,.T.);
#732 = EDGE_LOOP('',(#733,#734,#742,#749));
#733 = ORIENTED_EDGE('',*,*,#627,.T.);
#734 = ORIENTED_EDGE('',*,*,#735,.T.);
#735 = EDGE_CURVE('',#628,#736,#738,.T.);
#736 = VERTEX_POINT('',#737);
#737 = CARTESIAN_POINT('',(1.,-0.585,0.));
#738 = LINE('',#739,#740);
#739 = CARTESIAN_POINT('',(0.6,-0.585,0.));
#740 = VECTOR('',#741,1.);
#741 = DIRECTION('',(1.,0.,0.));
#742 = ORIENTED_EDGE('',*,*,#743,.F.);
#743 = EDGE_CURVE('',#704,#736,#744,.T.);
#744 = CIRCLE('',#745,4.E-02);
#745 = AXIS2_PLACEMENT_3D('',#746,#747,#748);
#746 = CARTESIAN_POINT('',(1.,-0.585,4.E-02));
#747 = DIRECTION('',(1.,0.,-0.));
#748 = DIRECTION('',(0.,0.,1.));
#749 = ORIENTED_EDGE('',*,*,#713,.F.);
#750 = CYLINDRICAL_SURFACE('',#751,4.E-02);
#751 = AXIS2_PLACEMENT_3D('',#752,#753,#754);
#752 = CARTESIAN_POINT('',(0.6,-0.585,4.E-02));
#753 = DIRECTION('',(1.,0.,0.));
#754 = DIRECTION('',(0.,-1.,0.));
#755 = ADVANCED_FACE('',(#756),#775,.T.);
#756 = FACE_BOUND('',#757,.T.);
#757 = EDGE_LOOP('',(#758,#759,#768,#774));
#758 = ORIENTED_EDGE('',*,*,#720,.T.);
#759 = ORIENTED_EDGE('',*,*,#760,.T.);
#760 = EDGE_CURVE('',#706,#761,#763,.T.);
#761 = VERTEX_POINT('',#762);
#762 = CARTESIAN_POINT('',(1.,-0.585,1.25));
#763 = CIRCLE('',#764,4.E-02);
#764 = AXIS2_PLACEMENT_3D('',#765,#766,#767);
#765 = CARTESIAN_POINT('',(1.,-0.585,1.21));
#766 = DIRECTION('',(-1.,0.,0.));
#767 = DIRECTION('',(0.,0.,1.));
#768 = ORIENTED_EDGE('',*,*,#769,.F.);
#769 = EDGE_CURVE('',#671,#761,#770,.T.);
#770 = LINE('',#771,#772);
#771 = CARTESIAN_POINT('',(0.6,-0.585,1.25));
#772 = VECTOR('',#773,1.);
#773 = DIRECTION('',(1.,0.,0.));
#774 = ORIENTED_EDGE('',*,*,#678,.F.);
#775 = CYLINDRICAL_SURFACE('',#776,4.E-02);
#776 = AXIS2_PLACEMENT_3D('',#777,#778,#779);
#777 = CARTESIAN_POINT('',(0.6,-0.585,1.21));
#778 = DIRECTION('',(1.,0.,0.));
#779 = DIRECTION('',(0.,-1.,0.));
#780 = ADVANCED_FACE('',(#781),#799,.F.);
#781 = FACE_BOUND('',#782,.F.);
#782 = EDGE_LOOP('',(#783,#784,#785,#793));
#783 = ORIENTED_EDGE('',*,*,#636,.F.);
#784 = ORIENTED_EDGE('',*,*,#735,.T.);
#785 = ORIENTED_EDGE('',*,*,#786,.T.);
#786 = EDGE_CURVE('',#736,#787,#789,.T.);
#787 = VERTEX_POINT('',#788);
#788 = CARTESIAN_POINT('',(1.,0.585,0.));
#789 = LINE('',#790,#791);
#790 = CARTESIAN_POINT('',(1.,-0.625,0.));
#791 = VECTOR('',#792,1.);
#792 = DIRECTION('',(0.,1.,0.));
#793 = ORIENTED_EDGE('',*,*,#794,.F.);
#794 = EDGE_CURVE('',#637,#787,#795,.T.);
#795 = LINE('',#796,#797);
#796 = CARTESIAN_POINT('',(0.6,0.585,0.));
#797 = VECTOR('',#798,1.);
#798 = DIRECTION('',(1.,0.,0.));
#799 = PLANE('',#800);
#800 = AXIS2_PLACEMENT_3D('',#801,#802,#803);
#801 = CARTESIAN_POINT('',(0.6,-0.625,0.));
#802 = DIRECTION('',(0.,0.,1.));
#803 = DIRECTION('',(1.,0.,-0.));
#804 = ADVANCED_FACE('',(#805),#823,.T.);
#805 = FACE_BOUND('',#806,.T.);
#806 = EDGE_LOOP('',(#807,#808,#809,#817));
#807 = ORIENTED_EDGE('',*,*,#670,.F.);
#808 = ORIENTED_EDGE('',*,*,#769,.T.);
#809 = ORIENTED_EDGE('',*,*,#810,.T.);
#810 = EDGE_CURVE('',#761,#811,#813,.T.);
#811 = VERTEX_POINT('',#812);
#812 = CARTESIAN_POINT('',(1.,0.585,1.25));
#813 = LINE('',#814,#815);
#814 = CARTESIAN_POINT('',(1.,-0.625,1.25));
#815 = VECTOR('',#816,1.);
#816 = DIRECTION('',(0.,1.,0.));
#817 = ORIENTED_EDGE('',*,*,#818,.F.);
#818 = EDGE_CURVE('',#662,#811,#819,.T.);
#819 = LINE('',#820,#821);
#820 = CARTESIAN_POINT('',(0.6,0.585,1.25));
#821 = VECTOR('',#822,1.);
#822 = DIRECTION('',(1.,0.,0.));
#823 = PLANE('',#824);
#824 = AXIS2_PLACEMENT_3D('',#825,#826,#827);
#825 = CARTESIAN_POINT('',(0.6,-0.625,1.25));
#826 = DIRECTION('',(0.,0.,1.));
#827 = DIRECTION('',(1.,0.,-0.));
#828 = ADVANCED_FACE('',(#829),#848,.T.);
#829 = FACE_BOUND('',#830,.T.);
#830 = EDGE_LOOP('',(#831,#839,#846,#847));
#831 = ORIENTED_EDGE('',*,*,#832,.T.);
#832 = EDGE_CURVE('',#645,#833,#835,.T.);
#833 = VERTEX_POINT('',#834);
#834 = CARTESIAN_POINT('',(1.,0.625,4.E-02));
#835 = LINE('',#836,#837);
#836 = CARTESIAN_POINT('',(0.6,0.625,4.E-02));
#837 = VECTOR('',#838,1.);
#838 = DIRECTION('',(1.,0.,0.));
#839 = ORIENTED_EDGE('',*,*,#840,.T.);
#840 = EDGE_CURVE('',#833,#787,#841,.T.);
#841 = CIRCLE('',#842,4.E-02);
#842 = AXIS2_PLACEMENT_3D('',#843,#844,#845);
#843 = CARTESIAN_POINT('',(1.,0.585,4.E-02));
#844 = DIRECTION('',(-1.,0.,0.));
#845 = DIRECTION('',(0.,0.,1.));
#846 = ORIENTED_EDGE('',*,*,#794,.F.);
#847 = ORIENTED_EDGE('',*,*,#644,.F.);
#848 = CYLINDRICAL_SURFACE('',#849,4.E-02);
#849 = AXIS2_PLACEMENT_3D('',#850,#851,#852);
#850 = CARTESIAN_POINT('',(0.6,0.585,4.E-02));
#851 = DIRECTION('',(1.,0.,0.));
#852 = DIRECTION('',(-0.,1.,0.));
#853 = ADVANCED_FACE('',(#854),#873,.T.);
#854 = FACE_BOUND('',#855,.T.);
#855 = EDGE_LOOP('',(#856,#857,#858,#867));
#856 = ORIENTED_EDGE('',*,*,#661,.T.);
#857 = ORIENTED_EDGE('',*,*,#818,.T.);
#858 = ORIENTED_EDGE('',*,*,#859,.F.);
#859 = EDGE_CURVE('',#860,#811,#862,.T.);
#860 = VERTEX_POINT('',#861);
#861 = CARTESIAN_POINT('',(1.,0.625,1.21));
#862 = CIRCLE('',#863,4.E-02);
#863 = AXIS2_PLACEMENT_3D('',#864,#865,#866);
#864 = CARTESIAN_POINT('',(1.,0.585,1.21));
#865 = DIRECTION('',(1.,0.,-0.));
#866 = DIRECTION('',(0.,0.,1.));
#867 = ORIENTED_EDGE('',*,*,#868,.F.);
#868 = EDGE_CURVE('',#654,#860,#869,.T.);
#869 = LINE('',#870,#871);
#870 = CARTESIAN_POINT('',(0.6,0.625,1.21));
#871 = VECTOR('',#872,1.);
#872 = DIRECTION('',(1.,0.,0.));
#873 = CYLINDRICAL_SURFACE('',#874,4.E-02);
#874 = AXIS2_PLACEMENT_3D('',#875,#876,#877);
#875 = CARTESIAN_POINT('',(0.6,0.585,1.21));
#876 = DIRECTION('',(1.,0.,0.));
#877 = DIRECTION('',(-0.,1.,0.));
#878 = ADVANCED_FACE('',(#879),#890,.T.);
#879 = FACE_BOUND('',#880,.T.);
#880 = EDGE_LOOP('',(#881,#887,#888,#889));
#881 = ORIENTED_EDGE('',*,*,#882,.F.);
#882 = EDGE_CURVE('',#833,#860,#883,.T.);
#883 = LINE('',#884,#885);
#884 = CARTESIAN_POINT('',(1.,0.625,0.));
#885 = VECTOR('',#886,1.);
#886 = DIRECTION('',(0.,0.,1.));
#887 = ORIENTED_EDGE('',*,*,#832,.F.);
#888 = ORIENTED_EDGE('',*,*,#653,.T.);
#889 = ORIENTED_EDGE('',*,*,#868,.T.);
#890 = PLANE('',#891);
#891 = AXIS2_PLACEMENT_3D('',#892,#893,#894);
#892 = CARTESIAN_POINT('',(0.6,0.625,0.));
#893 = DIRECTION('',(0.,1.,0.));
#894 = DIRECTION('',(0.,-0.,1.));
#895 = ADVANCED_FACE('',(#896),#906,.T.);
#896 = FACE_BOUND('',#897,.T.);
#897 = EDGE_LOOP('',(#898,#899,#900,#901,#902,#903,#904,#905));
#898 = ORIENTED_EDGE('',*,*,#703,.F.);
#899 = ORIENTED_EDGE('',*,*,#743,.T.);
#900 = ORIENTED_EDGE('',*,*,#786,.T.);
#901 = ORIENTED_EDGE('',*,*,#840,.F.);
#902 = ORIENTED_EDGE('',*,*,#882,.T.);
#903 = ORIENTED_EDGE('',*,*,#859,.T.);
#904 = ORIENTED_EDGE('',*,*,#810,.F.);
#905 = ORIENTED_EDGE('',*,*,#760,.F.);
#906 = PLANE('',#907);
#907 = AXIS2_PLACEMENT_3D('',#908,#909,#910);
#908 = CARTESIAN_POINT('',(1.,-0.625,0.));
#909 = DIRECTION('',(1.,0.,0.));
#910 = DIRECTION('',(0.,0.,1.));
#911 = ( GEOMETRIC_REPRESENTATION_CONTEXT(3) 
GLOBAL_UNCERTAINTY_ASSIGNED_CONTEXT((#915)) GLOBAL_UNIT_ASSIGNED_CONTEXT
((#912,#913,#914)) REPRESENTATION_CONTEXT('Context #1',
  '3D Context with UNIT and UNCERTAINTY') );
#912 = ( LENGTH_UNIT() NAMED_UNIT(*) SI_UNIT(.MILLI.,.METRE.) );
#913 = ( NAMED_UNIT(*) PLANE_ANGLE_UNIT() SI_UNIT($,.RADIAN.) );
#914 = ( NAMED_UNIT(*) SI_UNIT($,.STERADIAN.) SOLID_ANGLE_UNIT() );
#915 = UNCERTAINTY_MEASURE_WITH_UNIT(LENGTH_MEASURE(1.E-07),#912,
  'distance_accuracy_value','confusion accuracy');
#916 = CONTEXT_DEPENDENT_SHAPE_REPRESENTATION(#917,#919);
#917 = ( REPRESENTATION_RELATIONSHIP('','',#56,#10) 
REPRESENTATION_RELATIONSHIP_WITH_TRANSFORMATION(#918) 
SHAPE_REPRESENTATION_RELATIONSHIP() );
#918 = ITEM_DEFINED_TRANSFORMATION('','',#11,#15);
#919 = PRODUCT_DEFINITION_SHAPE('Placement','Placement of an item',#920
  );
#920 = NEXT_ASSEMBLY_USAGE_OCCURRENCE('1','C1','',#5,#51,$);
#921 = PRODUCT_RELATED_PRODUCT_CATEGORY('part',$,(#53));
#922 = SHAPE_DEFINITION_REPRESENTATION(#923,#929);
#923 = PRODUCT_DEFINITION_SHAPE('','',#924);
#924 = PRODUCT_DEFINITION('design','',#925,#928);
#925 = PRODUCT_DEFINITION_FORMATION('','',#926);
#926 = PRODUCT('LED_0805_2012Metric','LED_0805_2012Metric','',(#927));
#927 = PRODUCT_CONTEXT('',#2,'mechanical');
#928 = PRODUCT_DEFINITION_CONTEXT('part definition',#2,'design');
#929 = ADVANCED_BREP_SHAPE_REPRESENTATION('',(#11,#930),#2453);
#930 = MANIFOLD_SOLID_BREP('',#931);
#931 = CLOSED_SHELL('',(#932,#972,#1019,#1098,#1122,#1162,#1193,#1210,
    #1243,#1267,#1334,#1455,#1522,#1546,#1577,#1610,#1666,#1690,#1714,
    #1738,#1771,#1783,#1846,#1871,#1888,#1912,#1930,#1948,#1966,#1983,
    #2000,#2031,#2056,#2081,#2105,#2122,#2153,#2177,#2194,#2222,#2247,
    #2271,#2296,#2343,#2360,#2372,#2394,#2406,#2424,#2442));
#932 = ADVANCED_FACE('',(#933),#967,.F.);
#933 = FACE_BOUND('',#934,.F.);
#934 = EDGE_LOOP('',(#935,#945,#953,#961));
#935 = ORIENTED_EDGE('',*,*,#936,.T.);
#936 = EDGE_CURVE('',#937,#939,#941,.T.);
#937 = VERTEX_POINT('',#938);
#938 = CARTESIAN_POINT('',(-0.65,-0.625,0.465));
#939 = VERTEX_POINT('',#940);
#940 = CARTESIAN_POINT('',(-0.585,-0.625,1.1));
#941 = LINE('',#942,#943);
#942 = CARTESIAN_POINT('',(-0.65,-0.625,0.465));
#943 = VECTOR('',#944,1.);
#944 = DIRECTION('',(0.101830105936,0.,0.994801804142));
#945 = ORIENTED_EDGE('',*,*,#946,.T.);
#946 = EDGE_CURVE('',#939,#947,#949,.T.);
#947 = VERTEX_POINT('',#948);
#948 = CARTESIAN_POINT('',(0.585,-0.625,1.1));
#949 = LINE('',#950,#951);
#950 = CARTESIAN_POINT('',(-0.585,-0.625,1.1));
#951 = VECTOR('',#952,1.);
#952 = DIRECTION('',(1.,0.,0.));
#953 = ORIENTED_EDGE('',*,*,#954,.T.);
#954 = EDGE_CURVE('',#947,#955,#957,.T.);
#955 = VERTEX_POINT('',#956);
#956 = CARTESIAN_POINT('',(0.65,-0.625,0.465));
#957 = LINE('',#958,#959);
#958 = CARTESIAN_POINT('',(0.585,-0.625,1.1));
#959 = VECTOR('',#960,1.);
#960 = DIRECTION('',(0.101830105936,0.,-0.994801804142));
#961 = ORIENTED_EDGE('',*,*,#962,.T.);
#962 = EDGE_CURVE('',#955,#937,#963,.T.);
#963 = LINE('',#964,#965);
#964 = CARTESIAN_POINT('',(0.65,-0.625,0.465));
#965 = VECTOR('',#966,1.);
#966 = DIRECTION('',(-1.,0.,-4.270088556251E-17));
#967 = PLANE('',#968);
#968 = AXIS2_PLACEMENT_3D('',#969,#970,#971);
#969 = CARTESIAN_POINT('',(1.481626402817E-17,-0.625,0.771483451357));
#970 = DIRECTION('',(-5.57234551408E-33,1.,3.18580557984E-32));
#971 = DIRECTION('',(0.,-3.18580557984E-32,1.));
#972 = ADVANCED_FACE('',(#973),#1014,.T.);
#973 = FACE_BOUND('',#974,.T.);
#974 = EDGE_LOOP('',(#975,#985,#993,#999,#1000,#1008));
#975 = ORIENTED_EDGE('',*,*,#976,.T.);
#976 = EDGE_CURVE('',#977,#979,#981,.T.);
#977 = VERTEX_POINT('',#978);
#978 = CARTESIAN_POINT('',(-0.65,0.625,0.465));
#979 = VERTEX_POINT('',#980);
#980 = CARTESIAN_POINT('',(-0.65,0.46875,0.465));
#981 = LINE('',#982,#983);
#982 = CARTESIAN_POINT('',(-0.65,0.625,0.465));
#983 = VECTOR('',#984,1.);
#984 = DIRECTION('',(0.,-1.,0.));
#985 = ORIENTED_EDGE('',*,*,#986,.F.);
#986 = EDGE_CURVE('',#987,#979,#989,.T.);
#987 = VERTEX_POINT('',#988);
#988 = CARTESIAN_POINT('',(-0.65,-0.46875,0.465));
#989 = LINE('',#990,#991);
#990 = CARTESIAN_POINT('',(-0.65,-0.625,0.465));
#991 = VECTOR('',#992,1.);
#992 = DIRECTION('',(0.,1.,0.));
#993 = ORIENTED_EDGE('',*,*,#994,.T.);
#994 = EDGE_CURVE('',#987,#937,#995,.T.);
#995 = LINE('',#996,#997);
#996 = CARTESIAN_POINT('',(-0.65,0.625,0.465));
#997 = VECTOR('',#998,1.);
#998 = DIRECTION('',(0.,-1.,0.));
#999 = ORIENTED_EDGE('',*,*,#936,.T.);
#1000 = ORIENTED_EDGE('',*,*,#1001,.F.);
#1001 = EDGE_CURVE('',#1002,#939,#1004,.T.);
#1002 = VERTEX_POINT('',#1003);
#1003 = CARTESIAN_POINT('',(-0.585,0.625,1.1));
#1004 = LINE('',#1005,#1006);
#1005 = CARTESIAN_POINT('',(-0.585,0.625,1.1));
#1006 = VECTOR('',#1007,1.);
#1007 = DIRECTION('',(0.,-1.,0.));
#1008 = ORIENTED_EDGE('',*,*,#1009,.F.);
#1009 = EDGE_CURVE('',#977,#1002,#1010,.T.);
#1010 = LINE('',#1011,#1012);
#1011 = CARTESIAN_POINT('',(-0.65,0.625,0.465));
#1012 = VECTOR('',#1013,1.);
#1013 = DIRECTION('',(0.101830105936,0.,0.994801804142));
#1014 = PLANE('',#1015);
#1015 = AXIS2_PLACEMENT_3D('',#1016,#1017,#1018);
#1016 = CARTESIAN_POINT('',(-0.65,0.625,0.465));
#1017 = DIRECTION('',(-0.994801804142,0.,0.101830105936));
#1018 = DIRECTION('',(0.101830105936,0.,0.994801804142));
#1019 = ADVANCED_FACE('',(#1020),#1093,.F.);
#1020 = FACE_BOUND('',#1021,.F.);
#1021 = EDGE_LOOP('',(#1022,#1032,#1040,#1048,#1054,#1055,#1063,#1071,
    #1079,#1087));
#1022 = ORIENTED_EDGE('',*,*,#1023,.F.);
#1023 = EDGE_CURVE('',#1024,#1026,#1028,.T.);
#1024 = VERTEX_POINT('',#1025);
#1025 = CARTESIAN_POINT('',(-0.965,-0.625,3.5E-02));
#1026 = VERTEX_POINT('',#1027);
#1027 = CARTESIAN_POINT('',(-0.9125,-0.625,3.5E-02));
#1028 = LINE('',#1029,#1030);
#1029 = CARTESIAN_POINT('',(-0.965,-0.625,3.5E-02));
#1030 = VECTOR('',#1031,1.);
#1031 = DIRECTION('',(1.,0.,0.));
#1032 = ORIENTED_EDGE('',*,*,#1033,.T.);
#1033 = EDGE_CURVE('',#1024,#1034,#1036,.T.);
#1034 = VERTEX_POINT('',#1035);
#1035 = CARTESIAN_POINT('',(-0.965,-0.625,0.465));
#1036 = LINE('',#1037,#1038);
#1037 = CARTESIAN_POINT('',(-0.965,-0.625,3.5E-02));
#1038 = VECTOR('',#1039,1.);
#1039 = DIRECTION('',(0.,0.,1.));
#1040 = ORIENTED_EDGE('',*,*,#1041,.T.);
#1041 = EDGE_CURVE('',#1034,#1042,#1044,.T.);
#1042 = VERTEX_POINT('',#1043);
#1043 = CARTESIAN_POINT('',(-0.9125,-0.625,0.465));
#1044 = LINE('',#1045,#1046);
#1045 = CARTESIAN_POINT('',(-0.965,-0.625,0.465));
#1046 = VECTOR('',#1047,1.);
#1047 = DIRECTION('',(1.,0.,0.));
#1048 = ORIENTED_EDGE('',*,*,#1049,.T.);
#1049 = EDGE_CURVE('',#1042,#937,#1050,.T.);
#1050 = LINE('',#1051,#1052);
#1051 = CARTESIAN_POINT('',(-0.965,-0.625,0.465));
#1052 = VECTOR('',#1053,1.);
#1053 = DIRECTION('',(1.,0.,0.));
#1054 = ORIENTED_EDGE('',*,*,#962,.F.);
#1055 = ORIENTED_EDGE('',*,*,#1056,.T.);
#1056 = EDGE_CURVE('',#955,#1057,#1059,.T.);
#1057 = VERTEX_POINT('',#1058);
#1058 = CARTESIAN_POINT('',(0.9125,-0.625,0.465));
#1059 = LINE('',#1060,#1061);
#1060 = CARTESIAN_POINT('',(-0.965,-0.625,0.465));
#1061 = VECTOR('',#1062,1.);
#1062 = DIRECTION('',(1.,0.,0.));
#1063 = ORIENTED_EDGE('',*,*,#1064,.T.);
#1064 = EDGE_CURVE('',#1057,#1065,#1067,.T.);
#1065 = VERTEX_POINT('',#1066);
#1066 = CARTESIAN_POINT('',(0.965,-0.625,0.465));
#1067 = LINE('',#1068,#1069);
#1068 = CARTESIAN_POINT('',(-0.965,-0.625,0.465));
#1069 = VECTOR('',#1070,1.);
#1070 = DIRECTION('',(1.,0.,0.));
#1071 = ORIENTED_EDGE('',*,*,#1072,.F.);
#1072 = EDGE_CURVE('',#1073,#1065,#1075,.T.);
#1073 = VERTEX_POINT('',#1074);
#1074 = CARTESIAN_POINT('',(0.965,-0.625,3.5E-02));
#1075 = LINE('',#1076,#1077);
#1076 = CARTESIAN_POINT('',(0.965,-0.625,3.5E-02));
#1077 = VECTOR('',#1078,1.);
#1078 = DIRECTION('',(0.,0.,1.));
#1079 = ORIENTED_EDGE('',*,*,#1080,.F.);
#1080 = EDGE_CURVE('',#1081,#1073,#1083,.T.);
#1081 = VERTEX_POINT('',#1082);
#1082 = CARTESIAN_POINT('',(0.9125,-0.625,3.5E-02));
#1083 = LINE('',#1084,#1085);
#1084 = CARTESIAN_POINT('',(-0.965,-0.625,3.5E-02));
#1085 = VECTOR('',#1086,1.);
#1086 = DIRECTION('',(1.,0.,0.));
#1087 = ORIENTED_EDGE('',*,*,#1088,.F.);
#1088 = EDGE_CURVE('',#1026,#1081,#1089,.T.);
#1089 = LINE('',#1090,#1091);
#1090 = CARTESIAN_POINT('',(-0.965,-0.625,3.5E-02));
#1091 = VECTOR('',#1092,1.);
#1092 = DIRECTION('',(1.,0.,0.));
#1093 = PLANE('',#1094);
#1094 = AXIS2_PLACEMENT_3D('',#1095,#1096,#1097);
#1095 = CARTESIAN_POINT('',(-0.965,-0.625,3.5E-02));
#1096 = DIRECTION('',(0.,1.,0.));
#1097 = DIRECTION('',(0.,-0.,1.));
#1098 = ADVANCED_FACE('',(#1099),#1117,.T.);
#1099 = FACE_BOUND('',#1100,.T.);
#1100 = EDGE_LOOP('',(#1101,#1102,#1103,#1111));
#1101 = ORIENTED_EDGE('',*,*,#1001,.T.);
#1102 = ORIENTED_EDGE('',*,*,#946,.T.);
#1103 = ORIENTED_EDGE('',*,*,#1104,.F.);
#1104 = EDGE_CURVE('',#1105,#947,#1107,.T.);
#1105 = VERTEX_POINT('',#1106);
#1106 = CARTESIAN_POINT('',(0.585,0.625,1.1));
#1107 = LINE('',#1108,#1109);
#1108 = CARTESIAN_POINT('',(0.585,0.625,1.1));
#1109 = VECTOR('',#1110,1.);
#1110 = DIRECTION('',(0.,-1.,0.));
#1111 = ORIENTED_EDGE('',*,*,#1112,.F.);
#1112 = EDGE_CURVE('',#1002,#1105,#1113,.T.);
#1113 = LINE('',#1114,#1115);
#1114 = CARTESIAN_POINT('',(-0.585,0.625,1.1));
#1115 = VECTOR('',#1116,1.);
#1116 = DIRECTION('',(1.,0.,0.));
#1117 = PLANE('',#1118);
#1118 = AXIS2_PLACEMENT_3D('',#1119,#1120,#1121);
#1119 = CARTESIAN_POINT('',(-0.585,0.625,1.1));
#1120 = DIRECTION('',(0.,0.,1.));
#1121 = DIRECTION('',(1.,0.,-0.));
#1122 = ADVANCED_FACE('',(#1123),#1157,.T.);
#1123 = FACE_BOUND('',#1124,.T.);
#1124 = EDGE_LOOP('',(#1125,#1126,#1127,#1135,#1143,#1151));
#1125 = ORIENTED_EDGE('',*,*,#1104,.T.);
#1126 = ORIENTED_EDGE('',*,*,#954,.T.);
#1127 = ORIENTED_EDGE('',*,*,#1128,.F.);
#1128 = EDGE_CURVE('',#1129,#955,#1131,.T.);
#1129 = VERTEX_POINT('',#1130);
#1130 = CARTESIAN_POINT('',(0.65,-0.46875,0.465));
#1131 = LINE('',#1132,#1133);
#1132 = CARTESIAN_POINT('',(0.65,0.625,0.465));
#1133 = VECTOR('',#1134,1.);
#1134 = DIRECTION('',(0.,-1.,0.));
#1135 = ORIENTED_EDGE('',*,*,#1136,.F.);
#1136 = EDGE_CURVE('',#1137,#1129,#1139,.T.);
#1137 = VERTEX_POINT('',#1138);
#1138 = CARTESIAN_POINT('',(0.65,0.46875,0.465));
#1139 = LINE('',#1140,#1141);
#1140 = CARTESIAN_POINT('',(0.65,0.625,0.465));
#1141 = VECTOR('',#1142,1.);
#1142 = DIRECTION('',(0.,-1.,0.));
#1143 = ORIENTED_EDGE('',*,*,#1144,.F.);
#1144 = EDGE_CURVE('',#1145,#1137,#1147,.T.);
#1145 = VERTEX_POINT('',#1146);
#1146 = CARTESIAN_POINT('',(0.65,0.625,0.465));
#1147 = LINE('',#1148,#1149);
#1148 = CARTESIAN_POINT('',(0.65,0.625,0.465));
#1149 = VECTOR('',#1150,1.);
#1150 = DIRECTION('',(0.,-1.,0.));
#1151 = ORIENTED_EDGE('',*,*,#1152,.F.);
#1152 = EDGE_CURVE('',#1105,#1145,#1153,.T.);
#1153 = LINE('',#1154,#1155);
#1154 = CARTESIAN_POINT('',(0.585,0.625,1.1));
#1155 = VECTOR('',#1156,1.);
#1156 = DIRECTION('',(0.101830105936,0.,-0.994801804142));
#1157 = PLANE('',#1158);
#1158 = AXIS2_PLACEMENT_3D('',#1159,#1160,#1161);
#1159 = CARTESIAN_POINT('',(0.585,0.625,1.1));
#1160 = DIRECTION('',(0.994801804142,0.,0.101830105936));
#1161 = DIRECTION('',(0.101830105936,0.,-0.994801804142));
#1162 = ADVANCED_FACE('',(#1163),#1188,.T.);
#1163 = FACE_BOUND('',#1164,.T.);
#1164 = EDGE_LOOP('',(#1165,#1173,#1181,#1187));
#1165 = ORIENTED_EDGE('',*,*,#1166,.F.);
#1166 = EDGE_CURVE('',#1167,#977,#1169,.T.);
#1167 = VERTEX_POINT('',#1168);
#1168 = CARTESIAN_POINT('',(-0.9125,0.625,0.465));
#1169 = LINE('',#1170,#1171);
#1170 = CARTESIAN_POINT('',(-0.965,0.625,0.465));
#1171 = VECTOR('',#1172,1.);
#1172 = DIRECTION('',(1.,0.,0.));
#1173 = ORIENTED_EDGE('',*,*,#1174,.F.);
#1174 = EDGE_CURVE('',#1175,#1167,#1177,.T.);
#1175 = VERTEX_POINT('',#1176);
#1176 = CARTESIAN_POINT('',(-0.9125,0.46875,0.465));
#1177 = LINE('',#1178,#1179);
#1178 = CARTESIAN_POINT('',(-0.9125,7.8125E-02,0.465));
#1179 = VECTOR('',#1180,1.);
#1180 = DIRECTION('',(0.,1.,0.));
#1181 = ORIENTED_EDGE('',*,*,#1182,.F.);
#1182 = EDGE_CURVE('',#979,#1175,#1183,.T.);
#1183 = LINE('',#1184,#1185);
#1184 = CARTESIAN_POINT('',(-0.93875,0.46875,0.465));
#1185 = VECTOR('',#1186,1.);
#1186 = DIRECTION('',(-1.,0.,0.));
#1187 = ORIENTED_EDGE('',*,*,#976,.F.);
#1188 = PLANE('',#1189);
#1189 = AXIS2_PLACEMENT_3D('',#1190,#1191,#1192);
#1190 = CARTESIAN_POINT('',(-0.965,-0.625,0.465));
#1191 = DIRECTION('',(0.,0.,1.));
#1192 = DIRECTION('',(1.,0.,-0.));
#1193 = ADVANCED_FACE('',(#1194),#1205,.T.);
#1194 = FACE_BOUND('',#1195,.T.);
#1195 = EDGE_LOOP('',(#1196,#1197,#1198,#1199));
#1196 = ORIENTED_EDGE('',*,*,#1009,.T.);
#1197 = ORIENTED_EDGE('',*,*,#1112,.T.);
#1198 = ORIENTED_EDGE('',*,*,#1152,.T.);
#1199 = ORIENTED_EDGE('',*,*,#1200,.T.);
#1200 = EDGE_CURVE('',#1145,#977,#1201,.T.);
#1201 = LINE('',#1202,#1203);
#1202 = CARTESIAN_POINT('',(0.65,0.625,0.465));
#1203 = VECTOR('',#1204,1.);
#1204 = DIRECTION('',(-1.,0.,-4.270088556251E-17));
#1205 = PLANE('',#1206);
#1206 = AXIS2_PLACEMENT_3D('',#1207,#1208,#1209);
#1207 = CARTESIAN_POINT('',(1.481626402817E-17,0.625,0.771483451357));
#1208 = DIRECTION('',(-5.57234551408E-33,1.,3.18580557984E-32));
#1209 = DIRECTION('',(0.,-3.18580557984E-32,1.));
#1210 = ADVANCED_FACE('',(#1211),#1238,.T.);
#1211 = FACE_BOUND('',#1212,.T.);
#1212 = EDGE_LOOP('',(#1213,#1222,#1230,#1237));
#1213 = ORIENTED_EDGE('',*,*,#1214,.F.);
#1214 = EDGE_CURVE('',#1215,#979,#1217,.T.);
#1215 = VERTEX_POINT('',#1216);
#1216 = CARTESIAN_POINT('',(-0.685,0.46875,0.5));
#1217 = CIRCLE('',#1218,3.5E-02);
#1218 = AXIS2_PLACEMENT_3D('',#1219,#1220,#1221);
#1219 = CARTESIAN_POINT('',(-0.685,0.46875,0.465));
#1220 = DIRECTION('',(-0.,1.,0.));
#1221 = DIRECTION('',(1.,0.,0.));
#1222 = ORIENTED_EDGE('',*,*,#1223,.F.);
#1223 = EDGE_CURVE('',#1224,#1215,#1226,.T.);
#1224 = VERTEX_POINT('',#1225);
#1225 = CARTESIAN_POINT('',(-0.685,-0.46875,0.5));
#1226 = LINE('',#1227,#1228);
#1227 = CARTESIAN_POINT('',(-0.685,-0.625,0.5));
#1228 = VECTOR('',#1229,1.);
#1229 = DIRECTION('',(0.,1.,0.));
#1230 = ORIENTED_EDGE('',*,*,#1231,.T.);
#1231 = EDGE_CURVE('',#1224,#987,#1232,.T.);
#1232 = CIRCLE('',#1233,3.5E-02);
#1233 = AXIS2_PLACEMENT_3D('',#1234,#1235,#1236);
#1234 = CARTESIAN_POINT('',(-0.685,-0.46875,0.465));
#1235 = DIRECTION('',(-0.,1.,0.));
#1236 = DIRECTION('',(1.,0.,0.));
#1237 = ORIENTED_EDGE('',*,*,#986,.T.);
#1238 = CYLINDRICAL_SURFACE('',#1239,3.5E-02);
#1239 = AXIS2_PLACEMENT_3D('',#1240,#1241,#1242);
#1240 = CARTESIAN_POINT('',(-0.685,-0.625,0.465));
#1241 = DIRECTION('',(0.,1.,0.));
#1242 = DIRECTION('',(1.,0.,0.));
#1243 = ADVANCED_FACE('',(#1244),#1262,.T.);
#1244 = FACE_BOUND('',#1245,.T.);
#1245 = EDGE_LOOP('',(#1246,#1254,#1255,#1256));
#1246 = ORIENTED_EDGE('',*,*,#1247,.F.);
#1247 = EDGE_CURVE('',#1042,#1248,#1250,.T.);
#1248 = VERTEX_POINT('',#1249);
#1249 = CARTESIAN_POINT('',(-0.9125,-0.46875,0.465));
#1250 = LINE('',#1251,#1252);
#1251 = CARTESIAN_POINT('',(-0.9125,-0.546875,0.465));
#1252 = VECTOR('',#1253,1.);
#1253 = DIRECTION('',(0.,1.,0.));
#1254 = ORIENTED_EDGE('',*,*,#1049,.T.);
#1255 = ORIENTED_EDGE('',*,*,#994,.F.);
#1256 = ORIENTED_EDGE('',*,*,#1257,.F.);
#1257 = EDGE_CURVE('',#1248,#987,#1258,.T.);
#1258 = LINE('',#1259,#1260);
#1259 = CARTESIAN_POINT('',(-2.625E-02,-0.46875,0.465));
#1260 = VECTOR('',#1261,1.);
#1261 = DIRECTION('',(1.,0.,0.));
#1262 = PLANE('',#1263);
#1263 = AXIS2_PLACEMENT_3D('',#1264,#1265,#1266);
#1264 = CARTESIAN_POINT('',(-0.965,-0.625,0.465));
#1265 = DIRECTION('',(0.,0.,1.));
#1266 = DIRECTION('',(1.,0.,-0.));
#1267 = ADVANCED_FACE('',(#1268),#1329,.F.);
#1268 = FACE_BOUND('',#1269,.F.);
#1269 = EDGE_LOOP('',(#1270,#1280,#1289,#1297,#1306,#1314,#1320,#1321,
    #1322,#1323));
#1270 = ORIENTED_EDGE('',*,*,#1271,.F.);
#1271 = EDGE_CURVE('',#1272,#1274,#1276,.T.);
#1272 = VERTEX_POINT('',#1273);
#1273 = CARTESIAN_POINT('',(-0.965,-0.625,-6.938893903907E-18));
#1274 = VERTEX_POINT('',#1275);
#1275 = CARTESIAN_POINT('',(-0.9125,-0.625,0.));
#1276 = LINE('',#1277,#1278);
#1277 = CARTESIAN_POINT('',(-1.,-0.625,0.));
#1278 = VECTOR('',#1279,1.);
#1279 = DIRECTION('',(1.,0.,0.));
#1280 = ORIENTED_EDGE('',*,*,#1281,.F.);
#1281 = EDGE_CURVE('',#1282,#1272,#1284,.T.);
#1282 = VERTEX_POINT('',#1283);
#1283 = CARTESIAN_POINT('',(-1.,-0.625,3.5E-02));
#1284 = CIRCLE('',#1285,3.5E-02);
#1285 = AXIS2_PLACEMENT_3D('',#1286,#1287,#1288);
#1286 = CARTESIAN_POINT('',(-0.965,-0.625,3.5E-02));
#1287 = DIRECTION('',(0.,-1.,0.));
#1288 = DIRECTION('',(0.,0.,1.));
#1289 = ORIENTED_EDGE('',*,*,#1290,.T.);
#1290 = EDGE_CURVE('',#1282,#1291,#1293,.T.);
#1291 = VERTEX_POINT('',#1292);
#1292 = CARTESIAN_POINT('',(-1.,-0.625,0.465));
#1293 = LINE('',#1294,#1295);
#1294 = CARTESIAN_POINT('',(-1.,-0.625,0.));
#1295 = VECTOR('',#1296,1.);
#1296 = DIRECTION('',(0.,0.,1.));
#1297 = ORIENTED_EDGE('',*,*,#1298,.T.);
#1298 = EDGE_CURVE('',#1291,#1299,#1301,.T.);
#1299 = VERTEX_POINT('',#1300);
#1300 = CARTESIAN_POINT('',(-0.965,-0.625,0.5));
#1301 = CIRCLE('',#1302,3.5E-02);
#1302 = AXIS2_PLACEMENT_3D('',#1303,#1304,#1305);
#1303 = CARTESIAN_POINT('',(-0.965,-0.625,0.465));
#1304 = DIRECTION('',(0.,1.,0.));
#1305 = DIRECTION('',(0.,-0.,1.));
#1306 = ORIENTED_EDGE('',*,*,#1307,.T.);
#1307 = EDGE_CURVE('',#1299,#1308,#1310,.T.);
#1308 = VERTEX_POINT('',#1309);
#1309 = CARTESIAN_POINT('',(-0.9125,-0.625,0.5));
#1310 = LINE('',#1311,#1312);
#1311 = CARTESIAN_POINT('',(-1.,-0.625,0.5));
#1312 = VECTOR('',#1313,1.);
#1313 = DIRECTION('',(1.,0.,0.));
#1314 = ORIENTED_EDGE('',*,*,#1315,.F.);
#1315 = EDGE_CURVE('',#1042,#1308,#1316,.T.);
#1316 = LINE('',#1317,#1318);
#1317 = CARTESIAN_POINT('',(-0.9125,-0.625,0.375));
#1318 = VECTOR('',#1319,1.);
#1319 = DIRECTION('',(0.,0.,1.));
#1320 = ORIENTED_EDGE('',*,*,#1041,.F.);
#1321 = ORIENTED_EDGE('',*,*,#1033,.F.);
#1322 = ORIENTED_EDGE('',*,*,#1023,.T.);
#1323 = ORIENTED_EDGE('',*,*,#1324,.F.);
#1324 = EDGE_CURVE('',#1274,#1026,#1325,.T.);
#1325 = LINE('',#1326,#1327);
#1326 = CARTESIAN_POINT('',(-0.9125,-0.625,0.375));
#1327 = VECTOR('',#1328,1.);
#1328 = DIRECTION('',(0.,0.,1.));
#1329 = PLANE('',#1330);
#1330 = AXIS2_PLACEMENT_3D('',#1331,#1332,#1333);
#1331 = CARTESIAN_POINT('',(-1.,-0.625,0.));
#1332 = DIRECTION('',(0.,1.,0.));
#1333 = DIRECTION('',(0.,-0.,1.));
#1334 = ADVANCED_FACE('',(#1335,#1424),#1450,.F.);
#1335 = FACE_BOUND('',#1336,.F.);
#1336 = EDGE_LOOP('',(#1337,#1345,#1346,#1354,#1362,#1370,#1378,#1386,
    #1394,#1402,#1410,#1418));
#1337 = ORIENTED_EDGE('',*,*,#1338,.F.);
#1338 = EDGE_CURVE('',#1026,#1339,#1341,.T.);
#1339 = VERTEX_POINT('',#1340);
#1340 = CARTESIAN_POINT('',(-0.9125,-0.46875,3.5E-02));
#1341 = LINE('',#1342,#1343);
#1342 = CARTESIAN_POINT('',(-0.9125,-0.546875,3.5E-02));
#1343 = VECTOR('',#1344,1.);
#1344 = DIRECTION('',(0.,1.,0.));
#1345 = ORIENTED_EDGE('',*,*,#1088,.T.);
#1346 = ORIENTED_EDGE('',*,*,#1347,.F.);
#1347 = EDGE_CURVE('',#1348,#1081,#1350,.T.);
#1348 = VERTEX_POINT('',#1349);
#1349 = CARTESIAN_POINT('',(0.9125,-0.46875,3.5E-02));
#1350 = LINE('',#1351,#1352);
#1351 = CARTESIAN_POINT('',(0.9125,-0.703125,3.5E-02));
#1352 = VECTOR('',#1353,1.);
#1353 = DIRECTION('',(0.,-1.,0.));
#1354 = ORIENTED_EDGE('',*,*,#1355,.F.);
#1355 = EDGE_CURVE('',#1356,#1348,#1358,.T.);
#1356 = VERTEX_POINT('',#1357);
#1357 = CARTESIAN_POINT('',(0.65,-0.46875,3.5E-02));
#1358 = LINE('',#1359,#1360);
#1359 = CARTESIAN_POINT('',(-2.625E-02,-0.46875,3.5E-02));
#1360 = VECTOR('',#1361,1.);
#1361 = DIRECTION('',(1.,0.,0.));
#1362 = ORIENTED_EDGE('',*,*,#1363,.T.);
#1363 = EDGE_CURVE('',#1356,#1364,#1366,.T.);
#1364 = VERTEX_POINT('',#1365);
#1365 = CARTESIAN_POINT('',(0.65,0.46875,3.5E-02));
#1366 = LINE('',#1367,#1368);
#1367 = CARTESIAN_POINT('',(0.65,-0.625,3.5E-02));
#1368 = VECTOR('',#1369,1.);
#1369 = DIRECTION('',(0.,1.,0.));
#1370 = ORIENTED_EDGE('',*,*,#1371,.F.);
#1371 = EDGE_CURVE('',#1372,#1364,#1374,.T.);
#1372 = VERTEX_POINT('',#1373);
#1373 = CARTESIAN_POINT('',(0.9125,0.46875,3.5E-02));
#1374 = LINE('',#1375,#1376);
#1375 = CARTESIAN_POINT('',(-0.93875,0.46875,3.5E-02));
#1376 = VECTOR('',#1377,1.);
#1377 = DIRECTION('',(-1.,0.,0.));
#1378 = ORIENTED_EDGE('',*,*,#1379,.F.);
#1379 = EDGE_CURVE('',#1380,#1372,#1382,.T.);
#1380 = VERTEX_POINT('',#1381);
#1381 = CARTESIAN_POINT('',(0.9125,0.625,3.5E-02));
#1382 = LINE('',#1383,#1384);
#1383 = CARTESIAN_POINT('',(0.9125,-7.8125E-02,3.5E-02));
#1384 = VECTOR('',#1385,1.);
#1385 = DIRECTION('',(0.,-1.,0.));
#1386 = ORIENTED_EDGE('',*,*,#1387,.F.);
#1387 = EDGE_CURVE('',#1388,#1380,#1390,.T.);
#1388 = VERTEX_POINT('',#1389);
#1389 = CARTESIAN_POINT('',(-0.9125,0.625,3.5E-02));
#1390 = LINE('',#1391,#1392);
#1391 = CARTESIAN_POINT('',(-0.965,0.625,3.5E-02));
#1392 = VECTOR('',#1393,1.);
#1393 = DIRECTION('',(1.,0.,0.));
#1394 = ORIENTED_EDGE('',*,*,#1395,.F.);
#1395 = EDGE_CURVE('',#1396,#1388,#1398,.T.);
#1396 = VERTEX_POINT('',#1397);
#1397 = CARTESIAN_POINT('',(-0.9125,0.46875,3.5E-02));
#1398 = LINE('',#1399,#1400);
#1399 = CARTESIAN_POINT('',(-0.9125,7.8125E-02,3.5E-02));
#1400 = VECTOR('',#1401,1.);
#1401 = DIRECTION('',(0.,1.,0.));
#1402 = ORIENTED_EDGE('',*,*,#1403,.F.);
#1403 = EDGE_CURVE('',#1404,#1396,#1406,.T.);
#1404 = VERTEX_POINT('',#1405);
#1405 = CARTESIAN_POINT('',(-0.65,0.46875,3.5E-02));
#1406 = LINE('',#1407,#1408);
#1407 = CARTESIAN_POINT('',(-0.93875,0.46875,3.5E-02));
#1408 = VECTOR('',#1409,1.);
#1409 = DIRECTION('',(-1.,0.,0.));
#1410 = ORIENTED_EDGE('',*,*,#1411,.F.);
#1411 = EDGE_CURVE('',#1412,#1404,#1414,.T.);
#1412 = VERTEX_POINT('',#1413);
#1413 = CARTESIAN_POINT('',(-0.65,-0.46875,3.5E-02));
#1414 = LINE('',#1415,#1416);
#1415 = CARTESIAN_POINT('',(-0.65,-0.625,3.5E-02));
#1416 = VECTOR('',#1417,1.);
#1417 = DIRECTION('',(0.,1.,0.));
#1418 = ORIENTED_EDGE('',*,*,#1419,.F.);
#1419 = EDGE_CURVE('',#1339,#1412,#1420,.T.);
#1420 = LINE('',#1421,#1422);
#1421 = CARTESIAN_POINT('',(-2.625E-02,-0.46875,3.5E-02));
#1422 = VECTOR('',#1423,1.);
#1423 = DIRECTION('',(1.,0.,0.));
#1424 = FACE_BOUND('',#1425,.F.);
#1425 = EDGE_LOOP('',(#1426,#1436,#1444));
#1426 = ORIENTED_EDGE('',*,*,#1427,.T.);
#1427 = EDGE_CURVE('',#1428,#1430,#1432,.T.);
#1428 = VERTEX_POINT('',#1429);
#1429 = CARTESIAN_POINT('',(0.433012701892,0.5,3.5E-02));
#1430 = VERTEX_POINT('',#1431);
#1431 = CARTESIAN_POINT('',(0.433012701892,-0.5,3.5E-02));
#1432 = LINE('',#1433,#1434);
#1433 = CARTESIAN_POINT('',(0.433012701892,0.5,3.5E-02));
#1434 = VECTOR('',#1435,1.);
#1435 = DIRECTION('',(0.,-1.,0.));
#1436 = ORIENTED_EDGE('',*,*,#1437,.T.);
#1437 = EDGE_CURVE('',#1430,#1438,#1440,.T.);
#1438 = VERTEX_POINT('',#1439);
#1439 = CARTESIAN_POINT('',(-0.433012701892,0.,3.5E-02));
#1440 = LINE('',#1441,#1442);
#1441 = CARTESIAN_POINT('',(0.433012701892,-0.5,3.5E-02));
#1442 = VECTOR('',#1443,1.);
#1443 = DIRECTION('',(-0.866025403784,0.5,0.));
#1444 = ORIENTED_EDGE('',*,*,#1445,.T.);
#1445 = EDGE_CURVE('',#1438,#1428,#1446,.T.);
#1446 = LINE('',#1447,#1448);
#1447 = CARTESIAN_POINT('',(-0.433012701892,0.,3.5E-02));
#1448 = VECTOR('',#1449,1.);
#1449 = DIRECTION('',(0.866025403784,0.5,0.));
#1450 = PLANE('',#1451);
#1451 = AXIS2_PLACEMENT_3D('',#1452,#1453,#1454);
#1452 = CARTESIAN_POINT('',(-0.965,-0.625,3.5E-02));
#1453 = DIRECTION('',(0.,0.,1.));
#1454 = DIRECTION('',(1.,0.,-0.));
#1455 = ADVANCED_FACE('',(#1456),#1517,.F.);
#1456 = FACE_BOUND('',#1457,.F.);
#1457 = EDGE_LOOP('',(#1458,#1468,#1474,#1475,#1476,#1477,#1485,#1493,
    #1502,#1510));
#1458 = ORIENTED_EDGE('',*,*,#1459,.F.);
#1459 = EDGE_CURVE('',#1460,#1462,#1464,.T.);
#1460 = VERTEX_POINT('',#1461);
#1461 = CARTESIAN_POINT('',(0.9125,-0.625,0.));
#1462 = VERTEX_POINT('',#1463);
#1463 = CARTESIAN_POINT('',(0.965,-0.625,-6.938893903907E-18));
#1464 = LINE('',#1465,#1466);
#1465 = CARTESIAN_POINT('',(0.65,-0.625,0.));
#1466 = VECTOR('',#1467,1.);
#1467 = DIRECTION('',(1.,0.,0.));
#1468 = ORIENTED_EDGE('',*,*,#1469,.F.);
#1469 = EDGE_CURVE('',#1081,#1460,#1470,.T.);
#1470 = LINE('',#1471,#1472);
#1471 = CARTESIAN_POINT('',(0.9125,-0.625,0.375));
#1472 = VECTOR('',#1473,1.);
#1473 = DIRECTION('',(0.,0.,-1.));
#1474 = ORIENTED_EDGE('',*,*,#1080,.T.);
#1475 = ORIENTED_EDGE('',*,*,#1072,.T.);
#1476 = ORIENTED_EDGE('',*,*,#1064,.F.);
#1477 = ORIENTED_EDGE('',*,*,#1478,.F.);
#1478 = EDGE_CURVE('',#1479,#1057,#1481,.T.);
#1479 = VERTEX_POINT('',#1480);
#1480 = CARTESIAN_POINT('',(0.9125,-0.625,0.5));
#1481 = LINE('',#1482,#1483);
#1482 = CARTESIAN_POINT('',(0.9125,-0.625,0.375));
#1483 = VECTOR('',#1484,1.);
#1484 = DIRECTION('',(0.,0.,-1.));
#1485 = ORIENTED_EDGE('',*,*,#1486,.T.);
#1486 = EDGE_CURVE('',#1479,#1487,#1489,.T.);
#1487 = VERTEX_POINT('',#1488);
#1488 = CARTESIAN_POINT('',(0.965,-0.625,0.5));
#1489 = LINE('',#1490,#1491);
#1490 = CARTESIAN_POINT('',(0.65,-0.625,0.5));
#1491 = VECTOR('',#1492,1.);
#1492 = DIRECTION('',(1.,0.,0.));
#1493 = ORIENTED_EDGE('',*,*,#1494,.F.);
#1494 = EDGE_CURVE('',#1495,#1487,#1497,.T.);
#1495 = VERTEX_POINT('',#1496);
#1496 = CARTESIAN_POINT('',(1.,-0.625,0.465));
#1497 = CIRCLE('',#1498,3.5E-02);
#1498 = AXIS2_PLACEMENT_3D('',#1499,#1500,#1501);
#1499 = CARTESIAN_POINT('',(0.965,-0.625,0.465));
#1500 = DIRECTION('',(0.,-1.,0.));
#1501 = DIRECTION('',(0.,0.,1.));
#1502 = ORIENTED_EDGE('',*,*,#1503,.F.);
#1503 = EDGE_CURVE('',#1504,#1495,#1506,.T.);
#1504 = VERTEX_POINT('',#1505);
#1505 = CARTESIAN_POINT('',(1.,-0.625,3.5E-02));
#1506 = LINE('',#1507,#1508);
#1507 = CARTESIAN_POINT('',(1.,-0.625,0.));
#1508 = VECTOR('',#1509,1.);
#1509 = DIRECTION('',(0.,0.,1.));
#1510 = ORIENTED_EDGE('',*,*,#1511,.T.);
#1511 = EDGE_CURVE('',#1504,#1462,#1512,.T.);
#1512 = CIRCLE('',#1513,3.5E-02);
#1513 = AXIS2_PLACEMENT_3D('',#1514,#1515,#1516);
#1514 = CARTESIAN_POINT('',(0.965,-0.625,3.5E-02));
#1515 = DIRECTION('',(0.,1.,0.));
#1516 = DIRECTION('',(0.,-0.,1.));
#1517 = PLANE('',#1518);
#1518 = AXIS2_PLACEMENT_3D('',#1519,#1520,#1521);
#1519 = CARTESIAN_POINT('',(0.65,-0.625,0.));
#1520 = DIRECTION('',(0.,1.,0.));
#1521 = DIRECTION('',(0.,-0.,1.));
#1522 = ADVANCED_FACE('',(#1523),#1541,.T.);
#1523 = FACE_BOUND('',#1524,.T.);
#1524 = EDGE_LOOP('',(#1525,#1533,#1534,#1535));
#1525 = ORIENTED_EDGE('',*,*,#1526,.F.);
#1526 = EDGE_CURVE('',#1129,#1527,#1529,.T.);
#1527 = VERTEX_POINT('',#1528);
#1528 = CARTESIAN_POINT('',(0.9125,-0.46875,0.465));
#1529 = LINE('',#1530,#1531);
#1530 = CARTESIAN_POINT('',(-2.625E-02,-0.46875,0.465));
#1531 = VECTOR('',#1532,1.);
#1532 = DIRECTION('',(1.,0.,0.));
#1533 = ORIENTED_EDGE('',*,*,#1128,.T.);
#1534 = ORIENTED_EDGE('',*,*,#1056,.T.);
#1535 = ORIENTED_EDGE('',*,*,#1536,.F.);
#1536 = EDGE_CURVE('',#1527,#1057,#1537,.T.);
#1537 = LINE('',#1538,#1539);
#1538 = CARTESIAN_POINT('',(0.9125,-0.703125,0.465));
#1539 = VECTOR('',#1540,1.);
#1540 = DIRECTION('',(0.,-1.,0.));
#1541 = PLANE('',#1542);
#1542 = AXIS2_PLACEMENT_3D('',#1543,#1544,#1545);
#1543 = CARTESIAN_POINT('',(-0.965,-0.625,0.465));
#1544 = DIRECTION('',(0.,0.,1.));
#1545 = DIRECTION('',(1.,0.,-0.));
#1546 = ADVANCED_FACE('',(#1547),#1572,.T.);
#1547 = FACE_BOUND('',#1548,.T.);
#1548 = EDGE_LOOP('',(#1549,#1557,#1558,#1566));
#1549 = ORIENTED_EDGE('',*,*,#1550,.F.);
#1550 = EDGE_CURVE('',#1145,#1551,#1553,.T.);
#1551 = VERTEX_POINT('',#1552);
#1552 = CARTESIAN_POINT('',(0.9125,0.625,0.465));
#1553 = LINE('',#1554,#1555);
#1554 = CARTESIAN_POINT('',(-0.965,0.625,0.465));
#1555 = VECTOR('',#1556,1.);
#1556 = DIRECTION('',(1.,0.,0.));
#1557 = ORIENTED_EDGE('',*,*,#1144,.T.);
#1558 = ORIENTED_EDGE('',*,*,#1559,.F.);
#1559 = EDGE_CURVE('',#1560,#1137,#1562,.T.);
#1560 = VERTEX_POINT('',#1561);
#1561 = CARTESIAN_POINT('',(0.9125,0.46875,0.465));
#1562 = LINE('',#1563,#1564);
#1563 = CARTESIAN_POINT('',(-0.93875,0.46875,0.465));
#1564 = VECTOR('',#1565,1.);
#1565 = DIRECTION('',(-1.,0.,0.));
#1566 = ORIENTED_EDGE('',*,*,#1567,.F.);
#1567 = EDGE_CURVE('',#1551,#1560,#1568,.T.);
#1568 = LINE('',#1569,#1570);
#1569 = CARTESIAN_POINT('',(0.9125,-7.8125E-02,0.465));
#1570 = VECTOR('',#1571,1.);
#1571 = DIRECTION('',(0.,-1.,0.));
#1572 = PLANE('',#1573);
#1573 = AXIS2_PLACEMENT_3D('',#1574,#1575,#1576);
#1574 = CARTESIAN_POINT('',(-0.965,-0.625,0.465));
#1575 = DIRECTION('',(0.,0.,1.));
#1576 = DIRECTION('',(1.,0.,-0.));
#1577 = ADVANCED_FACE('',(#1578),#1605,.T.);
#1578 = FACE_BOUND('',#1579,.T.);
#1579 = EDGE_LOOP('',(#1580,#1581,#1590,#1598));
#1580 = ORIENTED_EDGE('',*,*,#1136,.T.);
#1581 = ORIENTED_EDGE('',*,*,#1582,.T.);
#1582 = EDGE_CURVE('',#1129,#1583,#1585,.T.);
#1583 = VERTEX_POINT('',#1584);
#1584 = CARTESIAN_POINT('',(0.685,-0.46875,0.5));
#1585 = CIRCLE('',#1586,3.5E-02);
#1586 = AXIS2_PLACEMENT_3D('',#1587,#1588,#1589);
#1587 = CARTESIAN_POINT('',(0.685,-0.46875,0.465));
#1588 = DIRECTION('',(0.,1.,-0.));
#1589 = DIRECTION('',(-1.,0.,0.));
#1590 = ORIENTED_EDGE('',*,*,#1591,.T.);
#1591 = EDGE_CURVE('',#1583,#1592,#1594,.T.);
#1592 = VERTEX_POINT('',#1593);
#1593 = CARTESIAN_POINT('',(0.685,0.46875,0.5));
#1594 = LINE('',#1595,#1596);
#1595 = CARTESIAN_POINT('',(0.685,-0.625,0.5));
#1596 = VECTOR('',#1597,1.);
#1597 = DIRECTION('',(0.,1.,0.));
#1598 = ORIENTED_EDGE('',*,*,#1599,.F.);
#1599 = EDGE_CURVE('',#1137,#1592,#1600,.T.);
#1600 = CIRCLE('',#1601,3.5E-02);
#1601 = AXIS2_PLACEMENT_3D('',#1602,#1603,#1604);
#1602 = CARTESIAN_POINT('',(0.685,0.46875,0.465));
#1603 = DIRECTION('',(0.,1.,-0.));
#1604 = DIRECTION('',(-1.,0.,0.));
#1605 = CYLINDRICAL_SURFACE('',#1606,3.5E-02);
#1606 = AXIS2_PLACEMENT_3D('',#1607,#1608,#1609);
#1607 = CARTESIAN_POINT('',(0.685,-0.625,0.465));
#1608 = DIRECTION('',(0.,1.,0.));
#1609 = DIRECTION('',(-1.,0.,0.));
#1610 = ADVANCED_FACE('',(#1611),#1661,.T.);
#1611 = FACE_BOUND('',#1612,.T.);
#1612 = EDGE_LOOP('',(#1613,#1621,#1629,#1635,#1636,#1637,#1638,#1646,
    #1654,#1660));
#1613 = ORIENTED_EDGE('',*,*,#1614,.F.);
#1614 = EDGE_CURVE('',#1615,#1388,#1617,.T.);
#1615 = VERTEX_POINT('',#1616);
#1616 = CARTESIAN_POINT('',(-0.965,0.625,3.5E-02));
#1617 = LINE('',#1618,#1619);
#1618 = CARTESIAN_POINT('',(-0.965,0.625,3.5E-02));
#1619 = VECTOR('',#1620,1.);
#1620 = DIRECTION('',(1.,0.,0.));
#1621 = ORIENTED_EDGE('',*,*,#1622,.T.);
#1622 = EDGE_CURVE('',#1615,#1623,#1625,.T.);
#1623 = VERTEX_POINT('',#1624);
#1624 = CARTESIAN_POINT('',(-0.965,0.625,0.465));
#1625 = LINE('',#1626,#1627);
#1626 = CARTESIAN_POINT('',(-0.965,0.625,3.5E-02));
#1627 = VECTOR('',#1628,1.);
#1628 = DIRECTION('',(0.,0.,1.));
#1629 = ORIENTED_EDGE('',*,*,#1630,.T.);
#1630 = EDGE_CURVE('',#1623,#1167,#1631,.T.);
#1631 = LINE('',#1632,#1633);
#1632 = CARTESIAN_POINT('',(-0.965,0.625,0.465));
#1633 = VECTOR('',#1634,1.);
#1634 = DIRECTION('',(1.,0.,0.));
#1635 = ORIENTED_EDGE('',*,*,#1166,.T.);
#1636 = ORIENTED_EDGE('',*,*,#1200,.F.);
#1637 = ORIENTED_EDGE('',*,*,#1550,.T.);
#1638 = ORIENTED_EDGE('',*,*,#1639,.T.);
#1639 = EDGE_CURVE('',#1551,#1640,#1642,.T.);
#1640 = VERTEX_POINT('',#1641);
#1641 = CARTESIAN_POINT('',(0.965,0.625,0.465));
#1642 = LINE('',#1643,#1644);
#1643 = CARTESIAN_POINT('',(-0.965,0.625,0.465));
#1644 = VECTOR('',#1645,1.);
#1645 = DIRECTION('',(1.,0.,0.));
#1646 = ORIENTED_EDGE('',*,*,#1647,.F.);
#1647 = EDGE_CURVE('',#1648,#1640,#1650,.T.);
#1648 = VERTEX_POINT('',#1649);
#1649 = CARTESIAN_POINT('',(0.965,0.625,3.5E-02));
#1650 = LINE('',#1651,#1652);
#1651 = CARTESIAN_POINT('',(0.965,0.625,3.5E-02));
#1652 = VECTOR('',#1653,1.);
#1653 = DIRECTION('',(0.,0.,1.));
#1654 = ORIENTED_EDGE('',*,*,#1655,.F.);
#1655 = EDGE_CURVE('',#1380,#1648,#1656,.T.);
#1656 = LINE('',#1657,#1658);
#1657 = CARTESIAN_POINT('',(-0.965,0.625,3.5E-02));
#1658 = VECTOR('',#1659,1.);
#1659 = DIRECTION('',(1.,0.,0.));
#1660 = ORIENTED_EDGE('',*,*,#1387,.F.);
#1661 = PLANE('',#1662);
#1662 = AXIS2_PLACEMENT_3D('',#1663,#1664,#1665);
#1663 = CARTESIAN_POINT('',(-0.965,0.625,3.5E-02));
#1664 = DIRECTION('',(0.,1.,0.));
#1665 = DIRECTION('',(0.,-0.,1.));
#1666 = ADVANCED_FACE('',(#1667),#1685,.F.);
#1667 = FACE_BOUND('',#1668,.F.);
#1668 = EDGE_LOOP('',(#1669,#1677,#1683,#1684));
#1669 = ORIENTED_EDGE('',*,*,#1670,.F.);
#1670 = EDGE_CURVE('',#1671,#1215,#1673,.T.);
#1671 = VERTEX_POINT('',#1672);
#1672 = CARTESIAN_POINT('',(-0.9125,0.46875,0.5));
#1673 = LINE('',#1674,#1675);
#1674 = CARTESIAN_POINT('',(-0.95625,0.46875,0.5));
#1675 = VECTOR('',#1676,1.);
#1676 = DIRECTION('',(1.,0.,0.));
#1677 = ORIENTED_EDGE('',*,*,#1678,.T.);
#1678 = EDGE_CURVE('',#1671,#1175,#1679,.T.);
#1679 = LINE('',#1680,#1681);
#1680 = CARTESIAN_POINT('',(-0.9125,0.46875,0.75));
#1681 = VECTOR('',#1682,1.);
#1682 = DIRECTION('',(-0.,-0.,-1.));
#1683 = ORIENTED_EDGE('',*,*,#1182,.F.);
#1684 = ORIENTED_EDGE('',*,*,#1214,.F.);
#1685 = PLANE('',#1686);
#1686 = AXIS2_PLACEMENT_3D('',#1687,#1688,#1689);
#1687 = CARTESIAN_POINT('',(-0.9125,0.46875,0.75));
#1688 = DIRECTION('',(0.,-1.,0.));
#1689 = DIRECTION('',(1.,0.,0.));
#1690 = ADVANCED_FACE('',(#1691),#1709,.F.);
#1691 = FACE_BOUND('',#1692,.F.);
#1692 = EDGE_LOOP('',(#1693,#1694,#1702,#1708));
#1693 = ORIENTED_EDGE('',*,*,#1678,.F.);
#1694 = ORIENTED_EDGE('',*,*,#1695,.F.);
#1695 = EDGE_CURVE('',#1696,#1671,#1698,.T.);
#1696 = VERTEX_POINT('',#1697);
#1697 = CARTESIAN_POINT('',(-0.9125,0.625,0.5));
#1698 = LINE('',#1699,#1700);
#1699 = CARTESIAN_POINT('',(-0.9125,7.8125E-02,0.5));
#1700 = VECTOR('',#1701,1.);
#1701 = DIRECTION('',(0.,-1.,0.));
#1702 = ORIENTED_EDGE('',*,*,#1703,.F.);
#1703 = EDGE_CURVE('',#1167,#1696,#1704,.T.);
#1704 = LINE('',#1705,#1706);
#1705 = CARTESIAN_POINT('',(-0.9125,0.625,0.375));
#1706 = VECTOR('',#1707,1.);
#1707 = DIRECTION('',(0.,0.,1.));
#1708 = ORIENTED_EDGE('',*,*,#1174,.F.);
#1709 = PLANE('',#1710);
#1710 = AXIS2_PLACEMENT_3D('',#1711,#1712,#1713);
#1711 = CARTESIAN_POINT('',(-0.9125,0.78125,0.75));
#1712 = DIRECTION('',(-1.,0.,0.));
#1713 = DIRECTION('',(0.,-1.,0.));
#1714 = ADVANCED_FACE('',(#1715),#1733,.F.);
#1715 = FACE_BOUND('',#1716,.F.);
#1716 = EDGE_LOOP('',(#1717,#1725,#1731,#1732));
#1717 = ORIENTED_EDGE('',*,*,#1718,.F.);
#1718 = EDGE_CURVE('',#1719,#1248,#1721,.T.);
#1719 = VERTEX_POINT('',#1720);
#1720 = CARTESIAN_POINT('',(-0.9125,-0.46875,0.5));
#1721 = LINE('',#1722,#1723);
#1722 = CARTESIAN_POINT('',(-0.9125,-0.46875,0.75));
#1723 = VECTOR('',#1724,1.);
#1724 = DIRECTION('',(-0.,-0.,-1.));
#1725 = ORIENTED_EDGE('',*,*,#1726,.F.);
#1726 = EDGE_CURVE('',#1224,#1719,#1727,.T.);
#1727 = LINE('',#1728,#1729);
#1728 = CARTESIAN_POINT('',(-4.375E-02,-0.46875,0.5));
#1729 = VECTOR('',#1730,1.);
#1730 = DIRECTION('',(-1.,0.,0.));
#1731 = ORIENTED_EDGE('',*,*,#1231,.T.);
#1732 = ORIENTED_EDGE('',*,*,#1257,.F.);
#1733 = PLANE('',#1734);
#1734 = AXIS2_PLACEMENT_3D('',#1735,#1736,#1737);
#1735 = CARTESIAN_POINT('',(0.9125,-0.46875,0.75));
#1736 = DIRECTION('',(0.,1.,0.));
#1737 = DIRECTION('',(-1.,0.,0.));
#1738 = ADVANCED_FACE('',(#1739),#1766,.T.);
#1739 = FACE_BOUND('',#1740,.T.);
#1740 = EDGE_LOOP('',(#1741,#1749,#1755,#1756,#1762,#1763,#1764,#1765));
#1741 = ORIENTED_EDGE('',*,*,#1742,.F.);
#1742 = EDGE_CURVE('',#1743,#1696,#1745,.T.);
#1743 = VERTEX_POINT('',#1744);
#1744 = CARTESIAN_POINT('',(-0.965,0.625,0.5));
#1745 = LINE('',#1746,#1747);
#1746 = CARTESIAN_POINT('',(-1.,0.625,0.5));
#1747 = VECTOR('',#1748,1.);
#1748 = DIRECTION('',(1.,0.,0.));
#1749 = ORIENTED_EDGE('',*,*,#1750,.F.);
#1750 = EDGE_CURVE('',#1299,#1743,#1751,.T.);
#1751 = LINE('',#1752,#1753);
#1752 = CARTESIAN_POINT('',(-0.965,-0.625,0.5));
#1753 = VECTOR('',#1754,1.);
#1754 = DIRECTION('',(0.,1.,0.));
#1755 = ORIENTED_EDGE('',*,*,#1307,.T.);
#1756 = ORIENTED_EDGE('',*,*,#1757,.F.);
#1757 = EDGE_CURVE('',#1719,#1308,#1758,.T.);
#1758 = LINE('',#1759,#1760);
#1759 = CARTESIAN_POINT('',(-0.9125,-0.546875,0.5));
#1760 = VECTOR('',#1761,1.);
#1761 = DIRECTION('',(0.,-1.,0.));
#1762 = ORIENTED_EDGE('',*,*,#1726,.F.);
#1763 = ORIENTED_EDGE('',*,*,#1223,.T.);
#1764 = ORIENTED_EDGE('',*,*,#1670,.F.);
#1765 = ORIENTED_EDGE('',*,*,#1695,.F.);
#1766 = PLANE('',#1767);
#1767 = AXIS2_PLACEMENT_3D('',#1768,#1769,#1770);
#1768 = CARTESIAN_POINT('',(-1.,-0.625,0.5));
#1769 = DIRECTION('',(0.,0.,1.));
#1770 = DIRECTION('',(1.,0.,-0.));
#1771 = ADVANCED_FACE('',(#1772),#1778,.F.);
#1772 = FACE_BOUND('',#1773,.F.);
#1773 = EDGE_LOOP('',(#1774,#1775,#1776,#1777));
#1774 = ORIENTED_EDGE('',*,*,#1757,.F.);
#1775 = ORIENTED_EDGE('',*,*,#1718,.T.);
#1776 = ORIENTED_EDGE('',*,*,#1247,.F.);
#1777 = ORIENTED_EDGE('',*,*,#1315,.T.);
#1778 = PLANE('',#1779);
#1779 = AXIS2_PLACEMENT_3D('',#1780,#1781,#1782);
#1780 = CARTESIAN_POINT('',(-0.9125,-0.46875,0.75));
#1781 = DIRECTION('',(-1.,0.,0.));
#1782 = DIRECTION('',(0.,-1.,0.));
#1783 = ADVANCED_FACE('',(#1784),#1841,.F.);
#1784 = FACE_BOUND('',#1785,.F.);
#1785 = EDGE_LOOP('',(#1786,#1796,#1802,#1803,#1811,#1819,#1827,#1835));
#1786 = ORIENTED_EDGE('',*,*,#1787,.F.);
#1787 = EDGE_CURVE('',#1788,#1790,#1792,.T.);
#1788 = VERTEX_POINT('',#1789);
#1789 = CARTESIAN_POINT('',(-0.965,0.625,-6.938893903907E-18));
#1790 = VERTEX_POINT('',#1791);
#1791 = CARTESIAN_POINT('',(-0.9125,0.625,0.));
#1792 = LINE('',#1793,#1794);
#1793 = CARTESIAN_POINT('',(-1.,0.625,0.));
#1794 = VECTOR('',#1795,1.);
#1795 = DIRECTION('',(1.,0.,0.));
#1796 = ORIENTED_EDGE('',*,*,#1797,.F.);
#1797 = EDGE_CURVE('',#1272,#1788,#1798,.T.);
#1798 = LINE('',#1799,#1800);
#1799 = CARTESIAN_POINT('',(-0.965,-0.625,-6.938893903907E-18));
#1800 = VECTOR('',#1801,1.);
#1801 = DIRECTION('',(0.,1.,0.));
#1802 = ORIENTED_EDGE('',*,*,#1271,.T.);
#1803 = ORIENTED_EDGE('',*,*,#1804,.F.);
#1804 = EDGE_CURVE('',#1805,#1274,#1807,.T.);
#1805 = VERTEX_POINT('',#1806);
#1806 = CARTESIAN_POINT('',(-0.9125,-0.46875,0.));
#1807 = LINE('',#1808,#1809);
#1808 = CARTESIAN_POINT('',(-0.9125,-0.546875,0.));
#1809 = VECTOR('',#1810,1.);
#1810 = DIRECTION('',(0.,-1.,0.));
#1811 = ORIENTED_EDGE('',*,*,#1812,.F.);
#1812 = EDGE_CURVE('',#1813,#1805,#1815,.T.);
#1813 = VERTEX_POINT('',#1814);
#1814 = CARTESIAN_POINT('',(-0.685,-0.46875,-6.938893903907E-18));
#1815 = LINE('',#1816,#1817);
#1816 = CARTESIAN_POINT('',(-4.375E-02,-0.46875,0.));
#1817 = VECTOR('',#1818,1.);
#1818 = DIRECTION('',(-1.,0.,0.));
#1819 = ORIENTED_EDGE('',*,*,#1820,.T.);
#1820 = EDGE_CURVE('',#1813,#1821,#1823,.T.);
#1821 = VERTEX_POINT('',#1822);
#1822 = CARTESIAN_POINT('',(-0.685,0.46875,-6.938893903907E-18));
#1823 = LINE('',#1824,#1825);
#1824 = CARTESIAN_POINT('',(-0.685,-0.625,-6.938893903907E-18));
#1825 = VECTOR('',#1826,1.);
#1826 = DIRECTION('',(0.,1.,0.));
#1827 = ORIENTED_EDGE('',*,*,#1828,.F.);
#1828 = EDGE_CURVE('',#1829,#1821,#1831,.T.);
#1829 = VERTEX_POINT('',#1830);
#1830 = CARTESIAN_POINT('',(-0.9125,0.46875,0.));
#1831 = LINE('',#1832,#1833);
#1832 = CARTESIAN_POINT('',(-0.95625,0.46875,0.));
#1833 = VECTOR('',#1834,1.);
#1834 = DIRECTION('',(1.,0.,0.));
#1835 = ORIENTED_EDGE('',*,*,#1836,.F.);
#1836 = EDGE_CURVE('',#1790,#1829,#1837,.T.);
#1837 = LINE('',#1838,#1839);
#1838 = CARTESIAN_POINT('',(-0.9125,7.8125E-02,0.));
#1839 = VECTOR('',#1840,1.);
#1840 = DIRECTION('',(0.,-1.,0.));
#1841 = PLANE('',#1842);
#1842 = AXIS2_PLACEMENT_3D('',#1843,#1844,#1845);
#1843 = CARTESIAN_POINT('',(-1.,-0.625,0.));
#1844 = DIRECTION('',(0.,0.,1.));
#1845 = DIRECTION('',(1.,0.,-0.));
#1846 = ADVANCED_FACE('',(#1847),#1866,.T.);
#1847 = FACE_BOUND('',#1848,.T.);
#1848 = EDGE_LOOP('',(#1849,#1857,#1864,#1865));
#1849 = ORIENTED_EDGE('',*,*,#1850,.T.);
#1850 = EDGE_CURVE('',#1282,#1851,#1853,.T.);
#1851 = VERTEX_POINT('',#1852);
#1852 = CARTESIAN_POINT('',(-1.,0.625,3.5E-02));
#1853 = LINE('',#1854,#1855);
#1854 = CARTESIAN_POINT('',(-1.,-0.625,3.5E-02));
#1855 = VECTOR('',#1856,1.);
#1856 = DIRECTION('',(0.,1.,0.));
#1857 = ORIENTED_EDGE('',*,*,#1858,.T.);
#1858 = EDGE_CURVE('',#1851,#1788,#1859,.T.);
#1859 = CIRCLE('',#1860,3.5E-02);
#1860 = AXIS2_PLACEMENT_3D('',#1861,#1862,#1863);
#1861 = CARTESIAN_POINT('',(-0.965,0.625,3.5E-02));
#1862 = DIRECTION('',(0.,-1.,0.));
#1863 = DIRECTION('',(0.,0.,1.));
#1864 = ORIENTED_EDGE('',*,*,#1797,.F.);
#1865 = ORIENTED_EDGE('',*,*,#1281,.F.);
#1866 = CYLINDRICAL_SURFACE('',#1867,3.5E-02);
#1867 = AXIS2_PLACEMENT_3D('',#1868,#1869,#1870);
#1868 = CARTESIAN_POINT('',(-0.965,-0.625,3.5E-02));
#1869 = DIRECTION('',(0.,1.,0.));
#1870 = DIRECTION('',(-1.,0.,0.));
#1871 = ADVANCED_FACE('',(#1872),#1883,.F.);
#1872 = FACE_BOUND('',#1873,.F.);
#1873 = EDGE_LOOP('',(#1874,#1875,#1881,#1882));
#1874 = ORIENTED_EDGE('',*,*,#1338,.T.);
#1875 = ORIENTED_EDGE('',*,*,#1876,.T.);
#1876 = EDGE_CURVE('',#1339,#1805,#1877,.T.);
#1877 = LINE('',#1878,#1879);
#1878 = CARTESIAN_POINT('',(-0.9125,-0.46875,0.75));
#1879 = VECTOR('',#1880,1.);
#1880 = DIRECTION('',(-0.,-0.,-1.));
#1881 = ORIENTED_EDGE('',*,*,#1804,.T.);
#1882 = ORIENTED_EDGE('',*,*,#1324,.T.);
#1883 = PLANE('',#1884);
#1884 = AXIS2_PLACEMENT_3D('',#1885,#1886,#1887);
#1885 = CARTESIAN_POINT('',(-0.9125,-0.46875,0.75));
#1886 = DIRECTION('',(-1.,0.,0.));
#1887 = DIRECTION('',(0.,-1.,0.));
#1888 = ADVANCED_FACE('',(#1889),#1907,.F.);
#1889 = FACE_BOUND('',#1890,.F.);
#1890 = EDGE_LOOP('',(#1891,#1892,#1893,#1901));
#1891 = ORIENTED_EDGE('',*,*,#1290,.F.);
#1892 = ORIENTED_EDGE('',*,*,#1850,.T.);
#1893 = ORIENTED_EDGE('',*,*,#1894,.T.);
#1894 = EDGE_CURVE('',#1851,#1895,#1897,.T.);
#1895 = VERTEX_POINT('',#1896);
#1896 = CARTESIAN_POINT('',(-1.,0.625,0.465));
#1897 = LINE('',#1898,#1899);
#1898 = CARTESIAN_POINT('',(-1.,0.625,0.));
#1899 = VECTOR('',#1900,1.);
#1900 = DIRECTION('',(0.,0.,1.));
#1901 = ORIENTED_EDGE('',*,*,#1902,.F.);
#1902 = EDGE_CURVE('',#1291,#1895,#1903,.T.);
#1903 = LINE('',#1904,#1905);
#1904 = CARTESIAN_POINT('',(-1.,-0.625,0.465));
#1905 = VECTOR('',#1906,1.);
#1906 = DIRECTION('',(0.,1.,0.));
#1907 = PLANE('',#1908);
#1908 = AXIS2_PLACEMENT_3D('',#1909,#1910,#1911);
#1909 = CARTESIAN_POINT('',(-1.,-0.625,0.));
#1910 = DIRECTION('',(1.,0.,0.));
#1911 = DIRECTION('',(0.,0.,1.));
#1912 = ADVANCED_FACE('',(#1913),#1925,.T.);
#1913 = FACE_BOUND('',#1914,.T.);
#1914 = EDGE_LOOP('',(#1915,#1916,#1917,#1924));
#1915 = ORIENTED_EDGE('',*,*,#1298,.T.);
#1916 = ORIENTED_EDGE('',*,*,#1750,.T.);
#1917 = ORIENTED_EDGE('',*,*,#1918,.F.);
#1918 = EDGE_CURVE('',#1895,#1743,#1919,.T.);
#1919 = CIRCLE('',#1920,3.5E-02);
#1920 = AXIS2_PLACEMENT_3D('',#1921,#1922,#1923);
#1921 = CARTESIAN_POINT('',(-0.965,0.625,0.465));
#1922 = DIRECTION('',(0.,1.,0.));
#1923 = DIRECTION('',(0.,-0.,1.));
#1924 = ORIENTED_EDGE('',*,*,#1902,.F.);
#1925 = CYLINDRICAL_SURFACE('',#1926,3.5E-02);
#1926 = AXIS2_PLACEMENT_3D('',#1927,#1928,#1929);
#1927 = CARTESIAN_POINT('',(-0.965,-0.625,0.465));
#1928 = DIRECTION('',(0.,1.,0.));
#1929 = DIRECTION('',(-1.,0.,0.));
#1930 = ADVANCED_FACE('',(#1931),#1943,.F.);
#1931 = FACE_BOUND('',#1932,.F.);
#1932 = EDGE_LOOP('',(#1933,#1934,#1935,#1942));
#1933 = ORIENTED_EDGE('',*,*,#1876,.F.);
#1934 = ORIENTED_EDGE('',*,*,#1419,.T.);
#1935 = ORIENTED_EDGE('',*,*,#1936,.T.);
#1936 = EDGE_CURVE('',#1412,#1813,#1937,.T.);
#1937 = CIRCLE('',#1938,3.5E-02);
#1938 = AXIS2_PLACEMENT_3D('',#1939,#1940,#1941);
#1939 = CARTESIAN_POINT('',(-0.685,-0.46875,3.5E-02));
#1940 = DIRECTION('',(-0.,1.,0.));
#1941 = DIRECTION('',(1.,0.,0.));
#1942 = ORIENTED_EDGE('',*,*,#1812,.T.);
#1943 = PLANE('',#1944);
#1944 = AXIS2_PLACEMENT_3D('',#1945,#1946,#1947);
#1945 = CARTESIAN_POINT('',(0.9125,-0.46875,0.75));
#1946 = DIRECTION('',(0.,1.,0.));
#1947 = DIRECTION('',(-1.,0.,0.));
#1948 = ADVANCED_FACE('',(#1949),#1961,.T.);
#1949 = FACE_BOUND('',#1950,.T.);
#1950 = EDGE_LOOP('',(#1951,#1952,#1953,#1954));
#1951 = ORIENTED_EDGE('',*,*,#1411,.F.);
#1952 = ORIENTED_EDGE('',*,*,#1936,.T.);
#1953 = ORIENTED_EDGE('',*,*,#1820,.T.);
#1954 = ORIENTED_EDGE('',*,*,#1955,.F.);
#1955 = EDGE_CURVE('',#1404,#1821,#1956,.T.);
#1956 = CIRCLE('',#1957,3.5E-02);
#1957 = AXIS2_PLACEMENT_3D('',#1958,#1959,#1960);
#1958 = CARTESIAN_POINT('',(-0.685,0.46875,3.5E-02));
#1959 = DIRECTION('',(-0.,1.,0.));
#1960 = DIRECTION('',(1.,0.,0.));
#1961 = CYLINDRICAL_SURFACE('',#1962,3.5E-02);
#1962 = AXIS2_PLACEMENT_3D('',#1963,#1964,#1965);
#1963 = CARTESIAN_POINT('',(-0.685,-0.625,3.5E-02));
#1964 = DIRECTION('',(0.,1.,0.));
#1965 = DIRECTION('',(1.,0.,0.));
#1966 = ADVANCED_FACE('',(#1967),#1978,.F.);
#1967 = FACE_BOUND('',#1968,.F.);
#1968 = EDGE_LOOP('',(#1969,#1970,#1976,#1977));
#1969 = ORIENTED_EDGE('',*,*,#1403,.T.);
#1970 = ORIENTED_EDGE('',*,*,#1971,.T.);
#1971 = EDGE_CURVE('',#1396,#1829,#1972,.T.);
#1972 = LINE('',#1973,#1974);
#1973 = CARTESIAN_POINT('',(-0.9125,0.46875,0.75));
#1974 = VECTOR('',#1975,1.);
#1975 = DIRECTION('',(-0.,-0.,-1.));
#1976 = ORIENTED_EDGE('',*,*,#1828,.T.);
#1977 = ORIENTED_EDGE('',*,*,#1955,.F.);
#1978 = PLANE('',#1979);
#1979 = AXIS2_PLACEMENT_3D('',#1980,#1981,#1982);
#1980 = CARTESIAN_POINT('',(-0.9125,0.46875,0.75));
#1981 = DIRECTION('',(0.,-1.,0.));
#1982 = DIRECTION('',(1.,0.,0.));
#1983 = ADVANCED_FACE('',(#1984),#1995,.F.);
#1984 = FACE_BOUND('',#1985,.F.);
#1985 = EDGE_LOOP('',(#1986,#1987,#1988,#1994));
#1986 = ORIENTED_EDGE('',*,*,#1971,.F.);
#1987 = ORIENTED_EDGE('',*,*,#1395,.T.);
#1988 = ORIENTED_EDGE('',*,*,#1989,.F.);
#1989 = EDGE_CURVE('',#1790,#1388,#1990,.T.);
#1990 = LINE('',#1991,#1992);
#1991 = CARTESIAN_POINT('',(-0.9125,0.625,0.375));
#1992 = VECTOR('',#1993,1.);
#1993 = DIRECTION('',(0.,0.,1.));
#1994 = ORIENTED_EDGE('',*,*,#1836,.T.);
#1995 = PLANE('',#1996);
#1996 = AXIS2_PLACEMENT_3D('',#1997,#1998,#1999);
#1997 = CARTESIAN_POINT('',(-0.9125,0.78125,0.75));
#1998 = DIRECTION('',(-1.,0.,0.));
#1999 = DIRECTION('',(0.,-1.,0.));
#2000 = ADVANCED_FACE('',(#2001),#2026,.F.);
#2001 = FACE_BOUND('',#2002,.F.);
#2002 = EDGE_LOOP('',(#2003,#2004,#2012,#2020));
#2003 = ORIENTED_EDGE('',*,*,#1379,.T.);
#2004 = ORIENTED_EDGE('',*,*,#2005,.T.);
#2005 = EDGE_CURVE('',#1372,#2006,#2008,.T.);
#2006 = VERTEX_POINT('',#2007);
#2007 = CARTESIAN_POINT('',(0.9125,0.46875,0.));
#2008 = LINE('',#2009,#2010);
#2009 = CARTESIAN_POINT('',(0.9125,0.46875,0.75));
#2010 = VECTOR('',#2011,1.);
#2011 = DIRECTION('',(-0.,-0.,-1.));
#2012 = ORIENTED_EDGE('',*,*,#2013,.T.);
#2013 = EDGE_CURVE('',#2006,#2014,#2016,.T.);
#2014 = VERTEX_POINT('',#2015);
#2015 = CARTESIAN_POINT('',(0.9125,0.625,0.));
#2016 = LINE('',#2017,#2018);
#2017 = CARTESIAN_POINT('',(0.9125,-7.8125E-02,0.));
#2018 = VECTOR('',#2019,1.);
#2019 = DIRECTION('',(0.,1.,0.));
#2020 = ORIENTED_EDGE('',*,*,#2021,.F.);
#2021 = EDGE_CURVE('',#1380,#2014,#2022,.T.);
#2022 = LINE('',#2023,#2024);
#2023 = CARTESIAN_POINT('',(0.9125,0.625,0.375));
#2024 = VECTOR('',#2025,1.);
#2025 = DIRECTION('',(0.,0.,-1.));
#2026 = PLANE('',#2027);
#2027 = AXIS2_PLACEMENT_3D('',#2028,#2029,#2030);
#2028 = CARTESIAN_POINT('',(0.9125,0.46875,0.75));
#2029 = DIRECTION('',(1.,0.,0.));
#2030 = DIRECTION('',(-0.,1.,0.));
#2031 = ADVANCED_FACE('',(#2032),#2051,.F.);
#2032 = FACE_BOUND('',#2033,.F.);
#2033 = EDGE_LOOP('',(#2034,#2035,#2036,#2045));
#2034 = ORIENTED_EDGE('',*,*,#2005,.F.);
#2035 = ORIENTED_EDGE('',*,*,#1371,.T.);
#2036 = ORIENTED_EDGE('',*,*,#2037,.F.);
#2037 = EDGE_CURVE('',#2038,#1364,#2040,.T.);
#2038 = VERTEX_POINT('',#2039);
#2039 = CARTESIAN_POINT('',(0.685,0.46875,-6.938893903907E-18));
#2040 = CIRCLE('',#2041,3.5E-02);
#2041 = AXIS2_PLACEMENT_3D('',#2042,#2043,#2044);
#2042 = CARTESIAN_POINT('',(0.685,0.46875,3.5E-02));
#2043 = DIRECTION('',(0.,1.,-0.));
#2044 = DIRECTION('',(-1.,0.,0.));
#2045 = ORIENTED_EDGE('',*,*,#2046,.T.);
#2046 = EDGE_CURVE('',#2038,#2006,#2047,.T.);
#2047 = LINE('',#2048,#2049);
#2048 = CARTESIAN_POINT('',(-0.13125,0.46875,0.));
#2049 = VECTOR('',#2050,1.);
#2050 = DIRECTION('',(1.,0.,0.));
#2051 = PLANE('',#2052);
#2052 = AXIS2_PLACEMENT_3D('',#2053,#2054,#2055);
#2053 = CARTESIAN_POINT('',(-0.9125,0.46875,0.75));
#2054 = DIRECTION('',(0.,-1.,0.));
#2055 = DIRECTION('',(1.,0.,0.));
#2056 = ADVANCED_FACE('',(#2057),#2076,.T.);
#2057 = FACE_BOUND('',#2058,.T.);
#2058 = EDGE_LOOP('',(#2059,#2060,#2068,#2075));
#2059 = ORIENTED_EDGE('',*,*,#2037,.F.);
#2060 = ORIENTED_EDGE('',*,*,#2061,.F.);
#2061 = EDGE_CURVE('',#2062,#2038,#2064,.T.);
#2062 = VERTEX_POINT('',#2063);
#2063 = CARTESIAN_POINT('',(0.685,-0.46875,-6.938893903907E-18));
#2064 = LINE('',#2065,#2066);
#2065 = CARTESIAN_POINT('',(0.685,-0.625,-6.938893903907E-18));
#2066 = VECTOR('',#2067,1.);
#2067 = DIRECTION('',(0.,1.,0.));
#2068 = ORIENTED_EDGE('',*,*,#2069,.T.);
#2069 = EDGE_CURVE('',#2062,#1356,#2070,.T.);
#2070 = CIRCLE('',#2071,3.5E-02);
#2071 = AXIS2_PLACEMENT_3D('',#2072,#2073,#2074);
#2072 = CARTESIAN_POINT('',(0.685,-0.46875,3.5E-02));
#2073 = DIRECTION('',(0.,1.,-0.));
#2074 = DIRECTION('',(-1.,0.,0.));
#2075 = ORIENTED_EDGE('',*,*,#1363,.T.);
#2076 = CYLINDRICAL_SURFACE('',#2077,3.5E-02);
#2077 = AXIS2_PLACEMENT_3D('',#2078,#2079,#2080);
#2078 = CARTESIAN_POINT('',(0.685,-0.625,3.5E-02));
#2079 = DIRECTION('',(0.,1.,0.));
#2080 = DIRECTION('',(-1.,0.,0.));
#2081 = ADVANCED_FACE('',(#2082),#2100,.F.);
#2082 = FACE_BOUND('',#2083,.F.);
#2083 = EDGE_LOOP('',(#2084,#2085,#2093,#2099));
#2084 = ORIENTED_EDGE('',*,*,#1355,.T.);
#2085 = ORIENTED_EDGE('',*,*,#2086,.T.);
#2086 = EDGE_CURVE('',#1348,#2087,#2089,.T.);
#2087 = VERTEX_POINT('',#2088);
#2088 = CARTESIAN_POINT('',(0.9125,-0.46875,0.));
#2089 = LINE('',#2090,#2091);
#2090 = CARTESIAN_POINT('',(0.9125,-0.46875,0.75));
#2091 = VECTOR('',#2092,1.);
#2092 = DIRECTION('',(-0.,-0.,-1.));
#2093 = ORIENTED_EDGE('',*,*,#2094,.T.);
#2094 = EDGE_CURVE('',#2087,#2062,#2095,.T.);
#2095 = LINE('',#2096,#2097);
#2096 = CARTESIAN_POINT('',(0.78125,-0.46875,0.));
#2097 = VECTOR('',#2098,1.);
#2098 = DIRECTION('',(-1.,0.,0.));
#2099 = ORIENTED_EDGE('',*,*,#2069,.T.);
#2100 = PLANE('',#2101);
#2101 = AXIS2_PLACEMENT_3D('',#2102,#2103,#2104);
#2102 = CARTESIAN_POINT('',(0.9125,-0.46875,0.75));
#2103 = DIRECTION('',(0.,1.,0.));
#2104 = DIRECTION('',(-1.,0.,0.));
#2105 = ADVANCED_FACE('',(#2106),#2117,.F.);
#2106 = FACE_BOUND('',#2107,.F.);
#2107 = EDGE_LOOP('',(#2108,#2109,#2110,#2111));
#2108 = ORIENTED_EDGE('',*,*,#2086,.F.);
#2109 = ORIENTED_EDGE('',*,*,#1347,.T.);
#2110 = ORIENTED_EDGE('',*,*,#1469,.T.);
#2111 = ORIENTED_EDGE('',*,*,#2112,.T.);
#2112 = EDGE_CURVE('',#1460,#2087,#2113,.T.);
#2113 = LINE('',#2114,#2115);
#2114 = CARTESIAN_POINT('',(0.9125,-0.703125,0.));
#2115 = VECTOR('',#2116,1.);
#2116 = DIRECTION('',(0.,1.,0.));
#2117 = PLANE('',#2118);
#2118 = AXIS2_PLACEMENT_3D('',#2119,#2120,#2121);
#2119 = CARTESIAN_POINT('',(0.9125,-0.78125,0.75));
#2120 = DIRECTION('',(1.,0.,0.));
#2121 = DIRECTION('',(-0.,1.,0.));
#2122 = ADVANCED_FACE('',(#2123),#2148,.T.);
#2123 = FACE_BOUND('',#2124,.T.);
#2124 = EDGE_LOOP('',(#2125,#2133,#2134,#2142));
#2125 = ORIENTED_EDGE('',*,*,#2126,.T.);
#2126 = EDGE_CURVE('',#2127,#1428,#2129,.T.);
#2127 = VERTEX_POINT('',#2128);
#2128 = CARTESIAN_POINT('',(0.433012701892,0.5,1.75E-02));
#2129 = LINE('',#2130,#2131);
#2130 = CARTESIAN_POINT('',(0.433012701892,0.5,1.75E-02));
#2131 = VECTOR('',#2132,1.);
#2132 = DIRECTION('',(0.,0.,1.));
#2133 = ORIENTED_EDGE('',*,*,#1427,.T.);
#2134 = ORIENTED_EDGE('',*,*,#2135,.F.);
#2135 = EDGE_CURVE('',#2136,#1430,#2138,.T.);
#2136 = VERTEX_POINT('',#2137);
#2137 = CARTESIAN_POINT('',(0.433012701892,-0.5,1.75E-02));
#2138 = LINE('',#2139,#2140);
#2139 = CARTESIAN_POINT('',(0.433012701892,-0.5,1.75E-02));
#2140 = VECTOR('',#2141,1.);
#2141 = DIRECTION('',(0.,0.,1.));
#2142 = ORIENTED_EDGE('',*,*,#2143,.F.);
#2143 = EDGE_CURVE('',#2127,#2136,#2144,.T.);
#2144 = LINE('',#2145,#2146);
#2145 = CARTESIAN_POINT('',(0.433012701892,0.5,1.75E-02));
#2146 = VECTOR('',#2147,1.);
#2147 = DIRECTION('',(0.,-1.,0.));
#2148 = PLANE('',#2149);
#2149 = AXIS2_PLACEMENT_3D('',#2150,#2151,#2152);
#2150 = CARTESIAN_POINT('',(0.433012701892,0.5,1.75E-02));
#2151 = DIRECTION('',(1.,0.,0.));
#2152 = DIRECTION('',(0.,-1.,0.));
#2153 = ADVANCED_FACE('',(#2154),#2172,.T.);
#2154 = FACE_BOUND('',#2155,.T.);
#2155 = EDGE_LOOP('',(#2156,#2164,#2165,#2166));
#2156 = ORIENTED_EDGE('',*,*,#2157,.T.);
#2157 = EDGE_CURVE('',#2158,#1438,#2160,.T.);
#2158 = VERTEX_POINT('',#2159);
#2159 = CARTESIAN_POINT('',(-0.433012701892,0.,1.75E-02));
#2160 = LINE('',#2161,#2162);
#2161 = CARTESIAN_POINT('',(-0.433012701892,0.,1.75E-02));
#2162 = VECTOR('',#2163,1.);
#2163 = DIRECTION('',(0.,0.,1.));
#2164 = ORIENTED_EDGE('',*,*,#1445,.T.);
#2165 = ORIENTED_EDGE('',*,*,#2126,.F.);
#2166 = ORIENTED_EDGE('',*,*,#2167,.F.);
#2167 = EDGE_CURVE('',#2158,#2127,#2168,.T.);
#2168 = LINE('',#2169,#2170);
#2169 = CARTESIAN_POINT('',(-0.433012701892,0.,1.75E-02));
#2170 = VECTOR('',#2171,1.);
#2171 = DIRECTION('',(0.866025403784,0.5,0.));
#2172 = PLANE('',#2173);
#2173 = AXIS2_PLACEMENT_3D('',#2174,#2175,#2176);
#2174 = CARTESIAN_POINT('',(-0.433012701892,0.,1.75E-02));
#2175 = DIRECTION('',(-0.5,0.866025403784,0.));
#2176 = DIRECTION('',(0.866025403784,0.5,0.));
#2177 = ADVANCED_FACE('',(#2178),#2189,.T.);
#2178 = FACE_BOUND('',#2179,.T.);
#2179 = EDGE_LOOP('',(#2180,#2181,#2182,#2183));
#2180 = ORIENTED_EDGE('',*,*,#2135,.T.);
#2181 = ORIENTED_EDGE('',*,*,#1437,.T.);
#2182 = ORIENTED_EDGE('',*,*,#2157,.F.);
#2183 = ORIENTED_EDGE('',*,*,#2184,.F.);
#2184 = EDGE_CURVE('',#2136,#2158,#2185,.T.);
#2185 = LINE('',#2186,#2187);
#2186 = CARTESIAN_POINT('',(0.433012701892,-0.5,1.75E-02));
#2187 = VECTOR('',#2188,1.);
#2188 = DIRECTION('',(-0.866025403784,0.5,0.));
#2189 = PLANE('',#2190);
#2190 = AXIS2_PLACEMENT_3D('',#2191,#2192,#2193);
#2191 = CARTESIAN_POINT('',(0.433012701892,-0.5,1.75E-02));
#2192 = DIRECTION('',(-0.5,-0.866025403784,0.));
#2193 = DIRECTION('',(-0.866025403784,0.5,0.));
#2194 = ADVANCED_FACE('',(#2195),#2217,.F.);
#2195 = FACE_BOUND('',#2196,.F.);
#2196 = EDGE_LOOP('',(#2197,#2205,#2206,#2207,#2208,#2209,#2210,#2211));
#2197 = ORIENTED_EDGE('',*,*,#2198,.F.);
#2198 = EDGE_CURVE('',#2014,#2199,#2201,.T.);
#2199 = VERTEX_POINT('',#2200);
#2200 = CARTESIAN_POINT('',(0.965,0.625,-6.938893903907E-18));
#2201 = LINE('',#2202,#2203);
#2202 = CARTESIAN_POINT('',(0.65,0.625,0.));
#2203 = VECTOR('',#2204,1.);
#2204 = DIRECTION('',(1.,0.,0.));
#2205 = ORIENTED_EDGE('',*,*,#2013,.F.);
#2206 = ORIENTED_EDGE('',*,*,#2046,.F.);
#2207 = ORIENTED_EDGE('',*,*,#2061,.F.);
#2208 = ORIENTED_EDGE('',*,*,#2094,.F.);
#2209 = ORIENTED_EDGE('',*,*,#2112,.F.);
#2210 = ORIENTED_EDGE('',*,*,#1459,.T.);
#2211 = ORIENTED_EDGE('',*,*,#2212,.T.);
#2212 = EDGE_CURVE('',#1462,#2199,#2213,.T.);
#2213 = LINE('',#2214,#2215);
#2214 = CARTESIAN_POINT('',(0.965,-0.625,-6.938893903907E-18));
#2215 = VECTOR('',#2216,1.);
#2216 = DIRECTION('',(0.,1.,0.));
#2217 = PLANE('',#2218);
#2218 = AXIS2_PLACEMENT_3D('',#2219,#2220,#2221);
#2219 = CARTESIAN_POINT('',(0.65,-0.625,0.));
#2220 = DIRECTION('',(0.,0.,1.));
#2221 = DIRECTION('',(1.,0.,-0.));
#2222 = ADVANCED_FACE('',(#2223),#2242,.T.);
#2223 = FACE_BOUND('',#2224,.T.);
#2224 = EDGE_LOOP('',(#2225,#2226,#2227,#2236));
#2225 = ORIENTED_EDGE('',*,*,#1511,.T.);
#2226 = ORIENTED_EDGE('',*,*,#2212,.T.);
#2227 = ORIENTED_EDGE('',*,*,#2228,.F.);
#2228 = EDGE_CURVE('',#2229,#2199,#2231,.T.);
#2229 = VERTEX_POINT('',#2230);
#2230 = CARTESIAN_POINT('',(1.,0.625,3.5E-02));
#2231 = CIRCLE('',#2232,3.5E-02);
#2232 = AXIS2_PLACEMENT_3D('',#2233,#2234,#2235);
#2233 = CARTESIAN_POINT('',(0.965,0.625,3.5E-02));
#2234 = DIRECTION('',(0.,1.,0.));
#2235 = DIRECTION('',(0.,-0.,1.));
#2236 = ORIENTED_EDGE('',*,*,#2237,.F.);
#2237 = EDGE_CURVE('',#1504,#2229,#2238,.T.);
#2238 = LINE('',#2239,#2240);
#2239 = CARTESIAN_POINT('',(1.,-0.625,3.5E-02));
#2240 = VECTOR('',#2241,1.);
#2241 = DIRECTION('',(0.,1.,0.));
#2242 = CYLINDRICAL_SURFACE('',#2243,3.5E-02);
#2243 = AXIS2_PLACEMENT_3D('',#2244,#2245,#2246);
#2244 = CARTESIAN_POINT('',(0.965,-0.625,3.5E-02));
#2245 = DIRECTION('',(0.,1.,0.));
#2246 = DIRECTION('',(1.,0.,0.));
#2247 = ADVANCED_FACE('',(#2248),#2266,.T.);
#2248 = FACE_BOUND('',#2249,.T.);
#2249 = EDGE_LOOP('',(#2250,#2251,#2252,#2260));
#2250 = ORIENTED_EDGE('',*,*,#1503,.F.);
#2251 = ORIENTED_EDGE('',*,*,#2237,.T.);
#2252 = ORIENTED_EDGE('',*,*,#2253,.T.);
#2253 = EDGE_CURVE('',#2229,#2254,#2256,.T.);
#2254 = VERTEX_POINT('',#2255);
#2255 = CARTESIAN_POINT('',(1.,0.625,0.465));
#2256 = LINE('',#2257,#2258);
#2257 = CARTESIAN_POINT('',(1.,0.625,0.));
#2258 = VECTOR('',#2259,1.);
#2259 = DIRECTION('',(0.,0.,1.));
#2260 = ORIENTED_EDGE('',*,*,#2261,.F.);
#2261 = EDGE_CURVE('',#1495,#2254,#2262,.T.);
#2262 = LINE('',#2263,#2264);
#2263 = CARTESIAN_POINT('',(1.,-0.625,0.465));
#2264 = VECTOR('',#2265,1.);
#2265 = DIRECTION('',(0.,1.,0.));
#2266 = PLANE('',#2267);
#2267 = AXIS2_PLACEMENT_3D('',#2268,#2269,#2270);
#2268 = CARTESIAN_POINT('',(1.,-0.625,0.));
#2269 = DIRECTION('',(1.,0.,0.));
#2270 = DIRECTION('',(0.,0.,1.));
#2271 = ADVANCED_FACE('',(#2272),#2291,.T.);
#2272 = FACE_BOUND('',#2273,.T.);
#2273 = EDGE_LOOP('',(#2274,#2275,#2284,#2290));
#2274 = ORIENTED_EDGE('',*,*,#2261,.T.);
#2275 = ORIENTED_EDGE('',*,*,#2276,.T.);
#2276 = EDGE_CURVE('',#2254,#2277,#2279,.T.);
#2277 = VERTEX_POINT('',#2278);
#2278 = CARTESIAN_POINT('',(0.965,0.625,0.5));
#2279 = CIRCLE('',#2280,3.5E-02);
#2280 = AXIS2_PLACEMENT_3D('',#2281,#2282,#2283);
#2281 = CARTESIAN_POINT('',(0.965,0.625,0.465));
#2282 = DIRECTION('',(0.,-1.,0.));
#2283 = DIRECTION('',(0.,0.,1.));
#2284 = ORIENTED_EDGE('',*,*,#2285,.F.);
#2285 = EDGE_CURVE('',#1487,#2277,#2286,.T.);
#2286 = LINE('',#2287,#2288);
#2287 = CARTESIAN_POINT('',(0.965,-0.625,0.5));
#2288 = VECTOR('',#2289,1.);
#2289 = DIRECTION('',(0.,1.,0.));
#2290 = ORIENTED_EDGE('',*,*,#1494,.F.);
#2291 = CYLINDRICAL_SURFACE('',#2292,3.5E-02);
#2292 = AXIS2_PLACEMENT_3D('',#2293,#2294,#2295);
#2293 = CARTESIAN_POINT('',(0.965,-0.625,0.465));
#2294 = DIRECTION('',(0.,1.,0.));
#2295 = DIRECTION('',(1.,0.,0.));
#2296 = ADVANCED_FACE('',(#2297),#2338,.T.);
#2297 = FACE_BOUND('',#2298,.T.);
#2298 = EDGE_LOOP('',(#2299,#2307,#2315,#2321,#2322,#2330,#2336,#2337));
#2299 = ORIENTED_EDGE('',*,*,#2300,.F.);
#2300 = EDGE_CURVE('',#2301,#2277,#2303,.T.);
#2301 = VERTEX_POINT('',#2302);
#2302 = CARTESIAN_POINT('',(0.9125,0.625,0.5));
#2303 = LINE('',#2304,#2305);
#2304 = CARTESIAN_POINT('',(0.65,0.625,0.5));
#2305 = VECTOR('',#2306,1.);
#2306 = DIRECTION('',(1.,0.,0.));
#2307 = ORIENTED_EDGE('',*,*,#2308,.F.);
#2308 = EDGE_CURVE('',#2309,#2301,#2311,.T.);
#2309 = VERTEX_POINT('',#2310);
#2310 = CARTESIAN_POINT('',(0.9125,0.46875,0.5));
#2311 = LINE('',#2312,#2313);
#2312 = CARTESIAN_POINT('',(0.9125,-7.8125E-02,0.5));
#2313 = VECTOR('',#2314,1.);
#2314 = DIRECTION('',(0.,1.,0.));
#2315 = ORIENTED_EDGE('',*,*,#2316,.F.);
#2316 = EDGE_CURVE('',#1592,#2309,#2317,.T.);
#2317 = LINE('',#2318,#2319);
#2318 = CARTESIAN_POINT('',(-0.13125,0.46875,0.5));
#2319 = VECTOR('',#2320,1.);
#2320 = DIRECTION('',(1.,0.,0.));
#2321 = ORIENTED_EDGE('',*,*,#1591,.F.);
#2322 = ORIENTED_EDGE('',*,*,#2323,.F.);
#2323 = EDGE_CURVE('',#2324,#1583,#2326,.T.);
#2324 = VERTEX_POINT('',#2325);
#2325 = CARTESIAN_POINT('',(0.9125,-0.46875,0.5));
#2326 = LINE('',#2327,#2328);
#2327 = CARTESIAN_POINT('',(0.78125,-0.46875,0.5));
#2328 = VECTOR('',#2329,1.);
#2329 = DIRECTION('',(-1.,0.,0.));
#2330 = ORIENTED_EDGE('',*,*,#2331,.F.);
#2331 = EDGE_CURVE('',#1479,#2324,#2332,.T.);
#2332 = LINE('',#2333,#2334);
#2333 = CARTESIAN_POINT('',(0.9125,-0.703125,0.5));
#2334 = VECTOR('',#2335,1.);
#2335 = DIRECTION('',(0.,1.,0.));
#2336 = ORIENTED_EDGE('',*,*,#1486,.T.);
#2337 = ORIENTED_EDGE('',*,*,#2285,.T.);
#2338 = PLANE('',#2339);
#2339 = AXIS2_PLACEMENT_3D('',#2340,#2341,#2342);
#2340 = CARTESIAN_POINT('',(0.65,-0.625,0.5));
#2341 = DIRECTION('',(0.,0.,1.));
#2342 = DIRECTION('',(1.,0.,-0.));
#2343 = ADVANCED_FACE('',(#2344),#2355,.F.);
#2344 = FACE_BOUND('',#2345,.F.);
#2345 = EDGE_LOOP('',(#2346,#2352,#2353,#2354));
#2346 = ORIENTED_EDGE('',*,*,#2347,.F.);
#2347 = EDGE_CURVE('',#2324,#1527,#2348,.T.);
#2348 = LINE('',#2349,#2350);
#2349 = CARTESIAN_POINT('',(0.9125,-0.46875,0.75));
#2350 = VECTOR('',#2351,1.);
#2351 = DIRECTION('',(-0.,-0.,-1.));
#2352 = ORIENTED_EDGE('',*,*,#2331,.F.);
#2353 = ORIENTED_EDGE('',*,*,#1478,.T.);
#2354 = ORIENTED_EDGE('',*,*,#1536,.F.);
#2355 = PLANE('',#2356);
#2356 = AXIS2_PLACEMENT_3D('',#2357,#2358,#2359);
#2357 = CARTESIAN_POINT('',(0.9125,-0.78125,0.75));
#2358 = DIRECTION('',(1.,0.,0.));
#2359 = DIRECTION('',(-0.,1.,0.));
#2360 = ADVANCED_FACE('',(#2361),#2367,.F.);
#2361 = FACE_BOUND('',#2362,.F.);
#2362 = EDGE_LOOP('',(#2363,#2364,#2365,#2366));
#2363 = ORIENTED_EDGE('',*,*,#2323,.F.);
#2364 = ORIENTED_EDGE('',*,*,#2347,.T.);
#2365 = ORIENTED_EDGE('',*,*,#1526,.F.);
#2366 = ORIENTED_EDGE('',*,*,#1582,.T.);
#2367 = PLANE('',#2368);
#2368 = AXIS2_PLACEMENT_3D('',#2369,#2370,#2371);
#2369 = CARTESIAN_POINT('',(0.9125,-0.46875,0.75));
#2370 = DIRECTION('',(0.,1.,0.));
#2371 = DIRECTION('',(-1.,0.,0.));
#2372 = ADVANCED_FACE('',(#2373),#2389,.F.);
#2373 = FACE_BOUND('',#2374,.F.);
#2374 = EDGE_LOOP('',(#2375,#2376,#2382,#2383));
#2375 = ORIENTED_EDGE('',*,*,#2308,.F.);
#2376 = ORIENTED_EDGE('',*,*,#2377,.T.);
#2377 = EDGE_CURVE('',#2309,#1560,#2378,.T.);
#2378 = LINE('',#2379,#2380);
#2379 = CARTESIAN_POINT('',(0.9125,0.46875,0.75));
#2380 = VECTOR('',#2381,1.);
#2381 = DIRECTION('',(-0.,-0.,-1.));
#2382 = ORIENTED_EDGE('',*,*,#1567,.F.);
#2383 = ORIENTED_EDGE('',*,*,#2384,.F.);
#2384 = EDGE_CURVE('',#2301,#1551,#2385,.T.);
#2385 = LINE('',#2386,#2387);
#2386 = CARTESIAN_POINT('',(0.9125,0.625,0.375));
#2387 = VECTOR('',#2388,1.);
#2388 = DIRECTION('',(0.,0.,-1.));
#2389 = PLANE('',#2390);
#2390 = AXIS2_PLACEMENT_3D('',#2391,#2392,#2393);
#2391 = CARTESIAN_POINT('',(0.9125,0.46875,0.75));
#2392 = DIRECTION('',(1.,0.,0.));
#2393 = DIRECTION('',(-0.,1.,0.));
#2394 = ADVANCED_FACE('',(#2395),#2401,.F.);
#2395 = FACE_BOUND('',#2396,.F.);
#2396 = EDGE_LOOP('',(#2397,#2398,#2399,#2400));
#2397 = ORIENTED_EDGE('',*,*,#2377,.F.);
#2398 = ORIENTED_EDGE('',*,*,#2316,.F.);
#2399 = ORIENTED_EDGE('',*,*,#1599,.F.);
#2400 = ORIENTED_EDGE('',*,*,#1559,.F.);
#2401 = PLANE('',#2402);
#2402 = AXIS2_PLACEMENT_3D('',#2403,#2404,#2405);
#2403 = CARTESIAN_POINT('',(-0.9125,0.46875,0.75));
#2404 = DIRECTION('',(0.,-1.,0.));
#2405 = DIRECTION('',(1.,0.,0.));
#2406 = ADVANCED_FACE('',(#2407),#2419,.T.);
#2407 = FACE_BOUND('',#2408,.T.);
#2408 = EDGE_LOOP('',(#2409,#2410,#2411,#2412,#2413,#2414,#2415,#2416,
    #2417,#2418));
#2409 = ORIENTED_EDGE('',*,*,#1787,.F.);
#2410 = ORIENTED_EDGE('',*,*,#1858,.F.);
#2411 = ORIENTED_EDGE('',*,*,#1894,.T.);
#2412 = ORIENTED_EDGE('',*,*,#1918,.T.);
#2413 = ORIENTED_EDGE('',*,*,#1742,.T.);
#2414 = ORIENTED_EDGE('',*,*,#1703,.F.);
#2415 = ORIENTED_EDGE('',*,*,#1630,.F.);
#2416 = ORIENTED_EDGE('',*,*,#1622,.F.);
#2417 = ORIENTED_EDGE('',*,*,#1614,.T.);
#2418 = ORIENTED_EDGE('',*,*,#1989,.F.);
#2419 = PLANE('',#2420);
#2420 = AXIS2_PLACEMENT_3D('',#2421,#2422,#2423);
#2421 = CARTESIAN_POINT('',(-1.,0.625,0.));
#2422 = DIRECTION('',(0.,1.,0.));
#2423 = DIRECTION('',(0.,-0.,1.));
#2424 = ADVANCED_FACE('',(#2425),#2437,.T.);
#2425 = FACE_BOUND('',#2426,.T.);
#2426 = EDGE_LOOP('',(#2427,#2428,#2429,#2430,#2431,#2432,#2433,#2434,
    #2435,#2436));
#2427 = ORIENTED_EDGE('',*,*,#2198,.F.);
#2428 = ORIENTED_EDGE('',*,*,#2021,.F.);
#2429 = ORIENTED_EDGE('',*,*,#1655,.T.);
#2430 = ORIENTED_EDGE('',*,*,#1647,.T.);
#2431 = ORIENTED_EDGE('',*,*,#1639,.F.);
#2432 = ORIENTED_EDGE('',*,*,#2384,.F.);
#2433 = ORIENTED_EDGE('',*,*,#2300,.T.);
#2434 = ORIENTED_EDGE('',*,*,#2276,.F.);
#2435 = ORIENTED_EDGE('',*,*,#2253,.F.);
#2436 = ORIENTED_EDGE('',*,*,#2228,.T.);
#2437 = PLANE('',#2438);
#2438 = AXIS2_PLACEMENT_3D('',#2439,#2440,#2441);
#2439 = CARTESIAN_POINT('',(0.65,0.625,0.));
#2440 = DIRECTION('',(0.,1.,0.));
#2441 = DIRECTION('',(0.,-0.,1.));
#2442 = ADVANCED_FACE('',(#2443),#2448,.T.);
#2443 = FACE_BOUND('',#2444,.T.);
#2444 = EDGE_LOOP('',(#2445,#2446,#2447));
#2445 = ORIENTED_EDGE('',*,*,#2167,.T.);
#2446 = ORIENTED_EDGE('',*,*,#2143,.T.);
#2447 = ORIENTED_EDGE('',*,*,#2184,.T.);
#2448 = PLANE('',#2449);
#2449 = AXIS2_PLACEMENT_3D('',#2450,#2451,#2452);
#2450 = CARTESIAN_POINT('',(0.144337567297,9.251858538543E-18,1.75E-02)
  );
#2451 = DIRECTION('',(-0.,-0.,-1.));
#2452 = DIRECTION('',(-1.,0.,0.));
#2453 = ( GEOMETRIC_REPRESENTATION_CONTEXT(3) 
GLOBAL_UNCERTAINTY_ASSIGNED_CONTEXT((#2457)) 
GLOBAL_UNIT_ASSIGNED_CONTEXT((#2454,#2455,#2456)) REPRESENTATION_CONTEXT
('Context #1','3D Context with UNIT and UNCERTAINTY') );
#2454 = ( LENGTH_UNIT() NAMED_UNIT(*) SI_UNIT(.MILLI.,.METRE.) );
#2455 = ( NAMED_UNIT(*) PLANE_ANGLE_UNIT() SI_UNIT($,.RADIAN.) );
#2456 = ( NAMED_UNIT(*) SI_UNIT($,.STERADIAN.) SOLID_ANGLE_UNIT() );
#2457 = UNCERTAINTY_MEASURE_WITH_UNIT(LENGTH_MEASURE(1.E-07),#2454,
  'distance_accuracy_value','confusion accuracy');
#2458 = CONTEXT_DEPENDENT_SHAPE_REPRESENTATION(#2459,#2461);
#2459 = ( REPRESENTATION_RELATIONSHIP('','',#929,#10) 
REPRESENTATION_RELATIONSHIP_WITH_TRANSFORMATION(#2460) 
SHAPE_REPRESENTATION_RELATIONSHIP() );
#2460 = ITEM_DEFINED_TRANSFORMATION('','',#11,#19);
#2461 = PRODUCT_DEFINITION_SHAPE('Placement','Placement of an item',
  #2462);
#2462 = NEXT_ASSEMBLY_USAGE_OCCURRENCE('2','D1','',#5,#924,$);
#2463 = PRODUCT_RELATED_PRODUCT_CATEGORY('part',$,(#926));
#2464 = SHAPE_DEFINITION_REPRESENTATION(#2465,#2471);
#2465 = PRODUCT_DEFINITION_SHAPE('','',#2466);
#2466 = PRODUCT_DEFINITION('design','',#2467,#2470);
#2467 = PRODUCT_DEFINITION_FORMATION('','',#2468);
#2468 = PRODUCT('NT3H2111W0FHKH','NT3H2111W0FHKH','',(#2469));
#2469 = PRODUCT_CONTEXT('',#2,'mechanical');
#2470 = PRODUCT_DEFINITION_CONTEXT('part definition',#2,'design');
#2471 = SHAPE_REPRESENTATION('',(#11,#2472,#2622,#2772,#3813,#4755,#4905
    ,#5055,#5205,#7873),#7961);
#2472 = MANIFOLD_SOLID_BREP('',#2473);
#2473 = CLOSED_SHELL('',(#2474,#2514,#2545,#2576,#2598,#2610));
#2474 = ADVANCED_FACE('',(#2475),#2509,.F.);
#2475 = FACE_BOUND('',#2476,.T.);
#2476 = EDGE_LOOP('',(#2477,#2487,#2495,#2503));
#2477 = ORIENTED_EDGE('',*,*,#2478,.T.);
#2478 = EDGE_CURVE('',#2479,#2481,#2483,.T.);
#2479 = VERTEX_POINT('',#2480);
#2480 = CARTESIAN_POINT('',(0.1,0.,-0.8));
#2481 = VERTEX_POINT('',#2482);
#2482 = CARTESIAN_POINT('',(-0.1,0.,-0.8));
#2483 = LINE('',#2484,#2485);
#2484 = CARTESIAN_POINT('',(-0.1,0.,-0.8));
#2485 = VECTOR('',#2486,1.);
#2486 = DIRECTION('',(-1.,-0.,-0.));
#2487 = ORIENTED_EDGE('',*,*,#2488,.F.);
#2488 = EDGE_CURVE('',#2489,#2481,#2491,.T.);
#2489 = VERTEX_POINT('',#2490);
#2490 = CARTESIAN_POINT('',(-0.1,0.2,-0.8));
#2491 = LINE('',#2492,#2493);
#2492 = CARTESIAN_POINT('',(-0.1,0.2,-0.8));
#2493 = VECTOR('',#2494,1.);
#2494 = DIRECTION('',(-0.,-1.,-0.));
#2495 = ORIENTED_EDGE('',*,*,#2496,.F.);
#2496 = EDGE_CURVE('',#2497,#2489,#2499,.T.);
#2497 = VERTEX_POINT('',#2498);
#2498 = CARTESIAN_POINT('',(0.1,0.2,-0.8));
#2499 = LINE('',#2500,#2501);
#2500 = CARTESIAN_POINT('',(-0.1,0.2,-0.8));
#2501 = VECTOR('',#2502,1.);
#2502 = DIRECTION('',(-1.,-0.,-0.));
#2503 = ORIENTED_EDGE('',*,*,#2504,.T.);
#2504 = EDGE_CURVE('',#2497,#2479,#2505,.T.);
#2505 = LINE('',#2506,#2507);
#2506 = CARTESIAN_POINT('',(0.1,0.2,-0.8));
#2507 = VECTOR('',#2508,1.);
#2508 = DIRECTION('',(-0.,-1.,-0.));
#2509 = PLANE('',#2510);
#2510 = AXIS2_PLACEMENT_3D('',#2511,#2512,#2513);
#2511 = CARTESIAN_POINT('',(-0.1,0.2,-0.8));
#2512 = DIRECTION('',(0.,0.,1.));
#2513 = DIRECTION('',(1.,0.,-0.));
#2514 = ADVANCED_FACE('',(#2515),#2540,.F.);
#2515 = FACE_BOUND('',#2516,.T.);
#2516 = EDGE_LOOP('',(#2517,#2525,#2533,#2539));
#2517 = ORIENTED_EDGE('',*,*,#2518,.T.);
#2518 = EDGE_CURVE('',#2481,#2519,#2521,.T.);
#2519 = VERTEX_POINT('',#2520);
#2520 = CARTESIAN_POINT('',(-0.1,0.,-0.4));
#2521 = LINE('',#2522,#2523);
#2522 = CARTESIAN_POINT('',(-0.1,0.,-0.8));
#2523 = VECTOR('',#2524,1.);
#2524 = DIRECTION('',(2.03287907341E-16,0.,1.));
#2525 = ORIENTED_EDGE('',*,*,#2526,.F.);
#2526 = EDGE_CURVE('',#2527,#2519,#2529,.T.);
#2527 = VERTEX_POINT('',#2528);
#2528 = CARTESIAN_POINT('',(-0.1,0.2,-0.4));
#2529 = LINE('',#2530,#2531);
#2530 = CARTESIAN_POINT('',(-0.1,0.2,-0.4));
#2531 = VECTOR('',#2532,1.);
#2532 = DIRECTION('',(-0.,-1.,-0.));
#2533 = ORIENTED_EDGE('',*,*,#2534,.F.);
#2534 = EDGE_CURVE('',#2489,#2527,#2535,.T.);
#2535 = LINE('',#2536,#2537);
#2536 = CARTESIAN_POINT('',(-0.1,0.2,-0.8));
#2537 = VECTOR('',#2538,1.);
#2538 = DIRECTION('',(2.03287907341E-16,0.,1.));
#2539 = ORIENTED_EDGE('',*,*,#2488,.T.);
#2540 = PLANE('',#2541);
#2541 = AXIS2_PLACEMENT_3D('',#2542,#2543,#2544);
#2542 = CARTESIAN_POINT('',(-0.1,0.2,-0.8));
#2543 = DIRECTION('',(1.,0.,-2.03287907341E-16));
#2544 = DIRECTION('',(-2.03287907341E-16,0.,-1.));
#2545 = ADVANCED_FACE('',(#2546),#2571,.F.);
#2546 = FACE_BOUND('',#2547,.T.);
#2547 = EDGE_LOOP('',(#2548,#2556,#2564,#2570));
#2548 = ORIENTED_EDGE('',*,*,#2549,.T.);
#2549 = EDGE_CURVE('',#2519,#2550,#2552,.T.);
#2550 = VERTEX_POINT('',#2551);
#2551 = CARTESIAN_POINT('',(0.1,0.,-0.4));
#2552 = LINE('',#2553,#2554);
#2553 = CARTESIAN_POINT('',(-0.1,0.,-0.4));
#2554 = VECTOR('',#2555,1.);
#2555 = DIRECTION('',(1.,0.,0.));
#2556 = ORIENTED_EDGE('',*,*,#2557,.F.);
#2557 = EDGE_CURVE('',#2558,#2550,#2560,.T.);
#2558 = VERTEX_POINT('',#2559);
#2559 = CARTESIAN_POINT('',(0.1,0.2,-0.4));
#2560 = LINE('',#2561,#2562);
#2561 = CARTESIAN_POINT('',(0.1,0.2,-0.4));
#2562 = VECTOR('',#2563,1.);
#2563 = DIRECTION('',(-0.,-1.,-0.));
#2564 = ORIENTED_EDGE('',*,*,#2565,.F.);
#2565 = EDGE_CURVE('',#2527,#2558,#2566,.T.);
#2566 = LINE('',#2567,#2568);
#2567 = CARTESIAN_POINT('',(-0.1,0.2,-0.4));
#2568 = VECTOR('',#2569,1.);
#2569 = DIRECTION('',(1.,0.,0.));
#2570 = ORIENTED_EDGE('',*,*,#2526,.T.);
#2571 = PLANE('',#2572);
#2572 = AXIS2_PLACEMENT_3D('',#2573,#2574,#2575);
#2573 = CARTESIAN_POINT('',(-0.1,0.2,-0.4));
#2574 = DIRECTION('',(0.,0.,-1.));
#2575 = DIRECTION('',(-1.,0.,-0.));
#2576 = ADVANCED_FACE('',(#2577),#2593,.F.);
#2577 = FACE_BOUND('',#2578,.T.);
#2578 = EDGE_LOOP('',(#2579,#2585,#2586,#2592));
#2579 = ORIENTED_EDGE('',*,*,#2580,.T.);
#2580 = EDGE_CURVE('',#2550,#2479,#2581,.T.);
#2581 = LINE('',#2582,#2583);
#2582 = CARTESIAN_POINT('',(0.1,0.,-0.8));
#2583 = VECTOR('',#2584,1.);
#2584 = DIRECTION('',(-0.,-0.,-1.));
#2585 = ORIENTED_EDGE('',*,*,#2504,.F.);
#2586 = ORIENTED_EDGE('',*,*,#2587,.F.);
#2587 = EDGE_CURVE('',#2558,#2497,#2588,.T.);
#2588 = LINE('',#2589,#2590);
#2589 = CARTESIAN_POINT('',(0.1,0.2,-0.8));
#2590 = VECTOR('',#2591,1.);
#2591 = DIRECTION('',(-0.,-0.,-1.));
#2592 = ORIENTED_EDGE('',*,*,#2557,.T.);
#2593 = PLANE('',#2594);
#2594 = AXIS2_PLACEMENT_3D('',#2595,#2596,#2597);
#2595 = CARTESIAN_POINT('',(0.1,0.2,-0.8));
#2596 = DIRECTION('',(-1.,0.,0.));
#2597 = DIRECTION('',(0.,0.,1.));
#2598 = ADVANCED_FACE('',(#2599),#2605,.F.);
#2599 = FACE_BOUND('',#2600,.T.);
#2600 = EDGE_LOOP('',(#2601,#2602,#2603,#2604));
#2601 = ORIENTED_EDGE('',*,*,#2496,.T.);
#2602 = ORIENTED_EDGE('',*,*,#2534,.T.);
#2603 = ORIENTED_EDGE('',*,*,#2565,.T.);
#2604 = ORIENTED_EDGE('',*,*,#2587,.T.);
#2605 = PLANE('',#2606);
#2606 = AXIS2_PLACEMENT_3D('',#2607,#2608,#2609);
#2607 = CARTESIAN_POINT('',(0.,0.2,0.));
#2608 = DIRECTION('',(0.,-1.,0.));
#2609 = DIRECTION('',(0.,-0.,-1.));
#2610 = ADVANCED_FACE('',(#2611),#2617,.T.);
#2611 = FACE_BOUND('',#2612,.T.);
#2612 = EDGE_LOOP('',(#2613,#2614,#2615,#2616));
#2613 = ORIENTED_EDGE('',*,*,#2478,.F.);
#2614 = ORIENTED_EDGE('',*,*,#2580,.F.);
#2615 = ORIENTED_EDGE('',*,*,#2549,.F.);
#2616 = ORIENTED_EDGE('',*,*,#2518,.F.);
#2617 = PLANE('',#2618);
#2618 = AXIS2_PLACEMENT_3D('',#2619,#2620,#2621);
#2619 = CARTESIAN_POINT('',(0.,0.,0.));
#2620 = DIRECTION('',(0.,-1.,0.));
#2621 = DIRECTION('',(0.,-0.,-1.));
#2622 = MANIFOLD_SOLID_BREP('',#2623);
#2623 = CLOSED_SHELL('',(#2624,#2664,#2695,#2726,#2748,#2760));
#2624 = ADVANCED_FACE('',(#2625),#2659,.F.);
#2625 = FACE_BOUND('',#2626,.T.);
#2626 = EDGE_LOOP('',(#2627,#2637,#2645,#2653));
#2627 = ORIENTED_EDGE('',*,*,#2628,.T.);
#2628 = EDGE_CURVE('',#2629,#2631,#2633,.T.);
#2629 = VERTEX_POINT('',#2630);
#2630 = CARTESIAN_POINT('',(-0.1,0.,0.4));
#2631 = VERTEX_POINT('',#2632);
#2632 = CARTESIAN_POINT('',(-1.E-01,0.,0.8));
#2633 = LINE('',#2634,#2635);
#2634 = CARTESIAN_POINT('',(-1.E-01,0.,0.8));
#2635 = VECTOR('',#2636,1.);
#2636 = DIRECTION('',(2.03287907341E-16,-0.,1.));
#2637 = ORIENTED_EDGE('',*,*,#2638,.F.);
#2638 = EDGE_CURVE('',#2639,#2631,#2641,.T.);
#2639 = VERTEX_POINT('',#2640);
#2640 = CARTESIAN_POINT('',(-1.E-01,0.2,0.8));
#2641 = LINE('',#2642,#2643);
#2642 = CARTESIAN_POINT('',(-1.E-01,0.2,0.8));
#2643 = VECTOR('',#2644,1.);
#2644 = DIRECTION('',(-0.,-1.,-0.));
#2645 = ORIENTED_EDGE('',*,*,#2646,.F.);
#2646 = EDGE_CURVE('',#2647,#2639,#2649,.T.);
#2647 = VERTEX_POINT('',#2648);
#2648 = CARTESIAN_POINT('',(-0.1,0.2,0.4));
#2649 = LINE('',#2650,#2651);
#2650 = CARTESIAN_POINT('',(-1.E-01,0.2,0.8));
#2651 = VECTOR('',#2652,1.);
#2652 = DIRECTION('',(2.03287907341E-16,-0.,1.));
#2653 = ORIENTED_EDGE('',*,*,#2654,.T.);
#2654 = EDGE_CURVE('',#2647,#2629,#2655,.T.);
#2655 = LINE('',#2656,#2657);
#2656 = CARTESIAN_POINT('',(-0.1,0.2,0.4));
#2657 = VECTOR('',#2658,1.);
#2658 = DIRECTION('',(-0.,-1.,-0.));
#2659 = PLANE('',#2660);
#2660 = AXIS2_PLACEMENT_3D('',#2661,#2662,#2663);
#2661 = CARTESIAN_POINT('',(-1.E-01,0.2,0.8));
#2662 = DIRECTION('',(1.,0.,-2.03287907341E-16));
#2663 = DIRECTION('',(-2.03287907341E-16,0.,-1.));
#2664 = ADVANCED_FACE('',(#2665),#2690,.F.);
#2665 = FACE_BOUND('',#2666,.T.);
#2666 = EDGE_LOOP('',(#2667,#2675,#2683,#2689));
#2667 = ORIENTED_EDGE('',*,*,#2668,.T.);
#2668 = EDGE_CURVE('',#2631,#2669,#2671,.T.);
#2669 = VERTEX_POINT('',#2670);
#2670 = CARTESIAN_POINT('',(0.1,0.,0.8));
#2671 = LINE('',#2672,#2673);
#2672 = CARTESIAN_POINT('',(-1.E-01,0.,0.8));
#2673 = VECTOR('',#2674,1.);
#2674 = DIRECTION('',(1.,0.,0.));
#2675 = ORIENTED_EDGE('',*,*,#2676,.F.);
#2676 = EDGE_CURVE('',#2677,#2669,#2679,.T.);
#2677 = VERTEX_POINT('',#2678);
#2678 = CARTESIAN_POINT('',(0.1,0.2,0.8));
#2679 = LINE('',#2680,#2681);
#2680 = CARTESIAN_POINT('',(0.1,0.2,0.8));
#2681 = VECTOR('',#2682,1.);
#2682 = DIRECTION('',(-0.,-1.,-0.));
#2683 = ORIENTED_EDGE('',*,*,#2684,.F.);
#2684 = EDGE_CURVE('',#2639,#2677,#2685,.T.);
#2685 = LINE('',#2686,#2687);
#2686 = CARTESIAN_POINT('',(-1.E-01,0.2,0.8));
#2687 = VECTOR('',#2688,1.);
#2688 = DIRECTION('',(1.,0.,0.));
#2689 = ORIENTED_EDGE('',*,*,#2638,.T.);
#2690 = PLANE('',#2691);
#2691 = AXIS2_PLACEMENT_3D('',#2692,#2693,#2694);
#2692 = CARTESIAN_POINT('',(-1.E-01,0.2,0.8));
#2693 = DIRECTION('',(0.,0.,-1.));
#2694 = DIRECTION('',(-1.,0.,-0.));
#2695 = ADVANCED_FACE('',(#2696),#2721,.F.);
#2696 = FACE_BOUND('',#2697,.T.);
#2697 = EDGE_LOOP('',(#2698,#2706,#2714,#2720));
#2698 = ORIENTED_EDGE('',*,*,#2699,.T.);
#2699 = EDGE_CURVE('',#2669,#2700,#2702,.T.);
#2700 = VERTEX_POINT('',#2701);
#2701 = CARTESIAN_POINT('',(0.1,0.,0.4));
#2702 = LINE('',#2703,#2704);
#2703 = CARTESIAN_POINT('',(0.1,0.,0.8));
#2704 = VECTOR('',#2705,1.);
#2705 = DIRECTION('',(0.,0.,-1.));
#2706 = ORIENTED_EDGE('',*,*,#2707,.F.);
#2707 = EDGE_CURVE('',#2708,#2700,#2710,.T.);
#2708 = VERTEX_POINT('',#2709);
#2709 = CARTESIAN_POINT('',(0.1,0.2,0.4));
#2710 = LINE('',#2711,#2712);
#2711 = CARTESIAN_POINT('',(0.1,0.2,0.4));
#2712 = VECTOR('',#2713,1.);
#2713 = DIRECTION('',(-0.,-1.,-0.));
#2714 = ORIENTED_EDGE('',*,*,#2715,.F.);
#2715 = EDGE_CURVE('',#2677,#2708,#2716,.T.);
#2716 = LINE('',#2717,#2718);
#2717 = CARTESIAN_POINT('',(0.1,0.2,0.8));
#2718 = VECTOR('',#2719,1.);
#2719 = DIRECTION('',(0.,0.,-1.));
#2720 = ORIENTED_EDGE('',*,*,#2676,.T.);
#2721 = PLANE('',#2722);
#2722 = AXIS2_PLACEMENT_3D('',#2723,#2724,#2725);
#2723 = CARTESIAN_POINT('',(0.1,0.2,0.8));
#2724 = DIRECTION('',(-1.,0.,0.));
#2725 = DIRECTION('',(0.,0.,1.));
#2726 = ADVANCED_FACE('',(#2727),#2743,.F.);
#2727 = FACE_BOUND('',#2728,.T.);
#2728 = EDGE_LOOP('',(#2729,#2735,#2736,#2742));
#2729 = ORIENTED_EDGE('',*,*,#2730,.T.);
#2730 = EDGE_CURVE('',#2700,#2629,#2731,.T.);
#2731 = LINE('',#2732,#2733);
#2732 = CARTESIAN_POINT('',(-0.1,0.,0.4));
#2733 = VECTOR('',#2734,1.);
#2734 = DIRECTION('',(-1.,-0.,-0.));
#2735 = ORIENTED_EDGE('',*,*,#2654,.F.);
#2736 = ORIENTED_EDGE('',*,*,#2737,.F.);
#2737 = EDGE_CURVE('',#2708,#2647,#2738,.T.);
#2738 = LINE('',#2739,#2740);
#2739 = CARTESIAN_POINT('',(-0.1,0.2,0.4));
#2740 = VECTOR('',#2741,1.);
#2741 = DIRECTION('',(-1.,-0.,-0.));
#2742 = ORIENTED_EDGE('',*,*,#2707,.T.);
#2743 = PLANE('',#2744);
#2744 = AXIS2_PLACEMENT_3D('',#2745,#2746,#2747);
#2745 = CARTESIAN_POINT('',(-0.1,0.2,0.4));
#2746 = DIRECTION('',(0.,0.,1.));
#2747 = DIRECTION('',(1.,0.,-0.));
#2748 = ADVANCED_FACE('',(#2749),#2755,.F.);
#2749 = FACE_BOUND('',#2750,.T.);
#2750 = EDGE_LOOP('',(#2751,#2752,#2753,#2754));
#2751 = ORIENTED_EDGE('',*,*,#2646,.T.);
#2752 = ORIENTED_EDGE('',*,*,#2684,.T.);
#2753 = ORIENTED_EDGE('',*,*,#2715,.T.);
#2754 = ORIENTED_EDGE('',*,*,#2737,.T.);
#2755 = PLANE('',#2756);
#2756 = AXIS2_PLACEMENT_3D('',#2757,#2758,#2759);
#2757 = CARTESIAN_POINT('',(0.,0.2,0.));
#2758 = DIRECTION('',(0.,-1.,0.));
#2759 = DIRECTION('',(0.,0.,-1.));
#2760 = ADVANCED_FACE('',(#2761),#2767,.T.);
#2761 = FACE_BOUND('',#2762,.T.);
#2762 = EDGE_LOOP('',(#2763,#2764,#2765,#2766));
#2763 = ORIENTED_EDGE('',*,*,#2628,.F.);
#2764 = ORIENTED_EDGE('',*,*,#2730,.F.);
#2765 = ORIENTED_EDGE('',*,*,#2699,.F.);
#2766 = ORIENTED_EDGE('',*,*,#2668,.F.);
#2767 = PLANE('',#2768);
#2768 = AXIS2_PLACEMENT_3D('',#2769,#2770,#2771);
#2769 = CARTESIAN_POINT('',(0.,0.,0.));
#2770 = DIRECTION('',(0.,-1.,0.));
#2771 = DIRECTION('',(0.,0.,-1.));
#2772 = MANIFOLD_SOLID_BREP('',#2773);
#2773 = CLOSED_SHELL('',(#2774,#2814,#2854,#2894,#2934,#2956,#2978,#3018
    ,#3058,#3080,#3168,#3215,#3255,#3277,#3413,#3439,#3463,#3480,#3492,
    #3516,#3540,#3557,#3569,#3581,#3612,#3640,#3664,#3685,#3697,#3728,
    #3756,#3780,#3801));
#2774 = ADVANCED_FACE('',(#2775),#2809,.T.);
#2775 = FACE_BOUND('',#2776,.T.);
#2776 = EDGE_LOOP('',(#2777,#2787,#2795,#2803));
#2777 = ORIENTED_EDGE('',*,*,#2778,.F.);
#2778 = EDGE_CURVE('',#2779,#2781,#2783,.T.);
#2779 = VERTEX_POINT('',#2780);
#2780 = CARTESIAN_POINT('',(-0.71,0.2,0.6));
#2781 = VERTEX_POINT('',#2782);
#2782 = CARTESIAN_POINT('',(-0.71,0.2,0.8));
#2783 = LINE('',#2784,#2785);
#2784 = CARTESIAN_POINT('',(-0.71,0.2,-0.8));
#2785 = VECTOR('',#2786,1.);
#2786 = DIRECTION('',(0.,0.,1.));
#2787 = ORIENTED_EDGE('',*,*,#2788,.F.);
#2788 = EDGE_CURVE('',#2789,#2779,#2791,.T.);
#2789 = VERTEX_POINT('',#2790);
#2790 = CARTESIAN_POINT('',(-0.71,0.14,0.6));
#2791 = LINE('',#2792,#2793);
#2792 = CARTESIAN_POINT('',(-0.71,0.2,0.6));
#2793 = VECTOR('',#2794,1.);
#2794 = DIRECTION('',(0.,1.,0.));
#2795 = ORIENTED_EDGE('',*,*,#2796,.T.);
#2796 = EDGE_CURVE('',#2789,#2797,#2799,.T.);
#2797 = VERTEX_POINT('',#2798);
#2798 = CARTESIAN_POINT('',(-0.71,0.14,0.8));
#2799 = LINE('',#2800,#2801);
#2800 = CARTESIAN_POINT('',(-0.71,0.14,-0.8));
#2801 = VECTOR('',#2802,1.);
#2802 = DIRECTION('',(0.,0.,1.));
#2803 = ORIENTED_EDGE('',*,*,#2804,.F.);
#2804 = EDGE_CURVE('',#2781,#2797,#2805,.T.);
#2805 = LINE('',#2806,#2807);
#2806 = CARTESIAN_POINT('',(-0.71,0.2,0.8));
#2807 = VECTOR('',#2808,1.);
#2808 = DIRECTION('',(0.,-1.,0.));
#2809 = PLANE('',#2810);
#2810 = AXIS2_PLACEMENT_3D('',#2811,#2812,#2813);
#2811 = CARTESIAN_POINT('',(-0.71,0.2,-0.8));
#2812 = DIRECTION('',(-1.,0.,0.));
#2813 = DIRECTION('',(0.,0.,1.));
#2814 = ADVANCED_FACE('',(#2815),#2849,.T.);
#2815 = FACE_BOUND('',#2816,.T.);
#2816 = EDGE_LOOP('',(#2817,#2827,#2835,#2843));
#2817 = ORIENTED_EDGE('',*,*,#2818,.T.);
#2818 = EDGE_CURVE('',#2819,#2821,#2823,.T.);
#2819 = VERTEX_POINT('',#2820);
#2820 = CARTESIAN_POINT('',(-0.71,0.14,1.E-01));
#2821 = VERTEX_POINT('',#2822);
#2822 = CARTESIAN_POINT('',(-0.71,0.14,0.4));
#2823 = LINE('',#2824,#2825);
#2824 = CARTESIAN_POINT('',(-0.71,0.14,-0.8));
#2825 = VECTOR('',#2826,1.);
#2826 = DIRECTION('',(0.,0.,1.));
#2827 = ORIENTED_EDGE('',*,*,#2828,.F.);
#2828 = EDGE_CURVE('',#2829,#2821,#2831,.T.);
#2829 = VERTEX_POINT('',#2830);
#2830 = CARTESIAN_POINT('',(-0.71,0.2,0.4));
#2831 = LINE('',#2832,#2833);
#2832 = CARTESIAN_POINT('',(-0.71,0.2,0.4));
#2833 = VECTOR('',#2834,1.);
#2834 = DIRECTION('',(0.,-1.,0.));
#2835 = ORIENTED_EDGE('',*,*,#2836,.F.);
#2836 = EDGE_CURVE('',#2837,#2829,#2839,.T.);
#2837 = VERTEX_POINT('',#2838);
#2838 = CARTESIAN_POINT('',(-0.71,0.2,0.1));
#2839 = LINE('',#2840,#2841);
#2840 = CARTESIAN_POINT('',(-0.71,0.2,-0.8));
#2841 = VECTOR('',#2842,1.);
#2842 = DIRECTION('',(0.,0.,1.));
#2843 = ORIENTED_EDGE('',*,*,#2844,.F.);
#2844 = EDGE_CURVE('',#2819,#2837,#2845,.T.);
#2845 = LINE('',#2846,#2847);
#2846 = CARTESIAN_POINT('',(-0.71,0.2,1.E-01));
#2847 = VECTOR('',#2848,1.);
#2848 = DIRECTION('',(0.,1.,0.));
#2849 = PLANE('',#2850);
#2850 = AXIS2_PLACEMENT_3D('',#2851,#2852,#2853);
#2851 = CARTESIAN_POINT('',(-0.71,0.2,-0.8));
#2852 = DIRECTION('',(-1.,0.,0.));
#2853 = DIRECTION('',(0.,0.,1.));
#2854 = ADVANCED_FACE('',(#2855),#2889,.T.);
#2855 = FACE_BOUND('',#2856,.T.);
#2856 = EDGE_LOOP('',(#2857,#2867,#2875,#2883));
#2857 = ORIENTED_EDGE('',*,*,#2858,.F.);
#2858 = EDGE_CURVE('',#2859,#2861,#2863,.T.);
#2859 = VERTEX_POINT('',#2860);
#2860 = CARTESIAN_POINT('',(-0.59,0.14,0.6));
#2861 = VERTEX_POINT('',#2862);
#2862 = CARTESIAN_POINT('',(-0.59,0.14,0.8));
#2863 = LINE('',#2864,#2865);
#2864 = CARTESIAN_POINT('',(-0.59,0.14,-0.8));
#2865 = VECTOR('',#2866,1.);
#2866 = DIRECTION('',(0.,0.,1.));
#2867 = ORIENTED_EDGE('',*,*,#2868,.F.);
#2868 = EDGE_CURVE('',#2869,#2859,#2871,.T.);
#2869 = VERTEX_POINT('',#2870);
#2870 = CARTESIAN_POINT('',(-0.59,0.2,0.6));
#2871 = LINE('',#2872,#2873);
#2872 = CARTESIAN_POINT('',(-0.59,0.2,0.6));
#2873 = VECTOR('',#2874,1.);
#2874 = DIRECTION('',(0.,-1.,0.));
#2875 = ORIENTED_EDGE('',*,*,#2876,.T.);
#2876 = EDGE_CURVE('',#2869,#2877,#2879,.T.);
#2877 = VERTEX_POINT('',#2878);
#2878 = CARTESIAN_POINT('',(-0.59,0.2,0.8));
#2879 = LINE('',#2880,#2881);
#2880 = CARTESIAN_POINT('',(-0.59,0.2,-0.8));
#2881 = VECTOR('',#2882,1.);
#2882 = DIRECTION('',(0.,0.,1.));
#2883 = ORIENTED_EDGE('',*,*,#2884,.F.);
#2884 = EDGE_CURVE('',#2861,#2877,#2885,.T.);
#2885 = LINE('',#2886,#2887);
#2886 = CARTESIAN_POINT('',(-0.59,0.2,0.8));
#2887 = VECTOR('',#2888,1.);
#2888 = DIRECTION('',(-0.,1.,-0.));
#2889 = PLANE('',#2890);
#2890 = AXIS2_PLACEMENT_3D('',#2891,#2892,#2893);
#2891 = CARTESIAN_POINT('',(-0.59,0.2,-0.8));
#2892 = DIRECTION('',(1.,0.,-0.));
#2893 = DIRECTION('',(-0.,0.,-1.));
#2894 = ADVANCED_FACE('',(#2895),#2929,.T.);
#2895 = FACE_BOUND('',#2896,.T.);
#2896 = EDGE_LOOP('',(#2897,#2907,#2915,#2923));
#2897 = ORIENTED_EDGE('',*,*,#2898,.T.);
#2898 = EDGE_CURVE('',#2899,#2901,#2903,.T.);
#2899 = VERTEX_POINT('',#2900);
#2900 = CARTESIAN_POINT('',(-0.59,0.2,0.1));
#2901 = VERTEX_POINT('',#2902);
#2902 = CARTESIAN_POINT('',(-0.59,0.2,0.4));
#2903 = LINE('',#2904,#2905);
#2904 = CARTESIAN_POINT('',(-0.59,0.2,-0.8));
#2905 = VECTOR('',#2906,1.);
#2906 = DIRECTION('',(0.,0.,1.));
#2907 = ORIENTED_EDGE('',*,*,#2908,.F.);
#2908 = EDGE_CURVE('',#2909,#2901,#2911,.T.);
#2909 = VERTEX_POINT('',#2910);
#2910 = CARTESIAN_POINT('',(-0.59,0.14,0.4));
#2911 = LINE('',#2912,#2913);
#2912 = CARTESIAN_POINT('',(-0.59,0.2,0.4));
#2913 = VECTOR('',#2914,1.);
#2914 = DIRECTION('',(-0.,1.,0.));
#2915 = ORIENTED_EDGE('',*,*,#2916,.F.);
#2916 = EDGE_CURVE('',#2917,#2909,#2919,.T.);
#2917 = VERTEX_POINT('',#2918);
#2918 = CARTESIAN_POINT('',(-0.59,0.14,1.E-01));
#2919 = LINE('',#2920,#2921);
#2920 = CARTESIAN_POINT('',(-0.59,0.14,-0.8));
#2921 = VECTOR('',#2922,1.);
#2922 = DIRECTION('',(0.,0.,1.));
#2923 = ORIENTED_EDGE('',*,*,#2924,.F.);
#2924 = EDGE_CURVE('',#2899,#2917,#2925,.T.);
#2925 = LINE('',#2926,#2927);
#2926 = CARTESIAN_POINT('',(-0.59,0.2,0.1));
#2927 = VECTOR('',#2928,1.);
#2928 = DIRECTION('',(0.,-1.,0.));
#2929 = PLANE('',#2930);
#2930 = AXIS2_PLACEMENT_3D('',#2931,#2932,#2933);
#2931 = CARTESIAN_POINT('',(-0.59,0.2,-0.8));
#2932 = DIRECTION('',(1.,0.,-0.));
#2933 = DIRECTION('',(-0.,0.,-1.));
#2934 = ADVANCED_FACE('',(#2935),#2951,.T.);
#2935 = FACE_BOUND('',#2936,.T.);
#2936 = EDGE_LOOP('',(#2937,#2938,#2944,#2945));
#2937 = ORIENTED_EDGE('',*,*,#2796,.F.);
#2938 = ORIENTED_EDGE('',*,*,#2939,.F.);
#2939 = EDGE_CURVE('',#2859,#2789,#2940,.T.);
#2940 = LINE('',#2941,#2942);
#2941 = CARTESIAN_POINT('',(-0.8,0.14,0.6));
#2942 = VECTOR('',#2943,1.);
#2943 = DIRECTION('',(-1.,-2.258754526011E-16,0.));
#2944 = ORIENTED_EDGE('',*,*,#2858,.T.);
#2945 = ORIENTED_EDGE('',*,*,#2946,.F.);
#2946 = EDGE_CURVE('',#2797,#2861,#2947,.T.);
#2947 = LINE('',#2948,#2949);
#2948 = CARTESIAN_POINT('',(-0.71,0.14,0.8));
#2949 = VECTOR('',#2950,1.);
#2950 = DIRECTION('',(1.,2.258754526011E-16,0.));
#2951 = PLANE('',#2952);
#2952 = AXIS2_PLACEMENT_3D('',#2953,#2954,#2955);
#2953 = CARTESIAN_POINT('',(-0.71,0.14,-0.8));
#2954 = DIRECTION('',(2.258754526011E-16,-1.,0.));
#2955 = DIRECTION('',(1.,2.258754526011E-16,0.));
#2956 = ADVANCED_FACE('',(#2957),#2973,.T.);
#2957 = FACE_BOUND('',#2958,.T.);
#2958 = EDGE_LOOP('',(#2959,#2960,#2966,#2967));
#2959 = ORIENTED_EDGE('',*,*,#2916,.T.);
#2960 = ORIENTED_EDGE('',*,*,#2961,.F.);
#2961 = EDGE_CURVE('',#2821,#2909,#2962,.T.);
#2962 = LINE('',#2963,#2964);
#2963 = CARTESIAN_POINT('',(-0.8,0.14,0.4));
#2964 = VECTOR('',#2965,1.);
#2965 = DIRECTION('',(1.,2.258754526011E-16,-2.710505431214E-16));
#2966 = ORIENTED_EDGE('',*,*,#2818,.F.);
#2967 = ORIENTED_EDGE('',*,*,#2968,.F.);
#2968 = EDGE_CURVE('',#2917,#2819,#2969,.T.);
#2969 = LINE('',#2970,#2971);
#2970 = CARTESIAN_POINT('',(-0.8,0.14,1.E-01));
#2971 = VECTOR('',#2972,1.);
#2972 = DIRECTION('',(-1.,-2.258754526011E-16,-2.371692252312E-16));
#2973 = PLANE('',#2974);
#2974 = AXIS2_PLACEMENT_3D('',#2975,#2976,#2977);
#2975 = CARTESIAN_POINT('',(-0.71,0.14,-0.8));
#2976 = DIRECTION('',(2.258754526011E-16,-1.,0.));
#2977 = DIRECTION('',(1.,2.258754526011E-16,0.));
#2978 = ADVANCED_FACE('',(#2979),#3013,.T.);
#2979 = FACE_BOUND('',#2980,.T.);
#2980 = EDGE_LOOP('',(#2981,#2991,#2999,#3007));
#2981 = ORIENTED_EDGE('',*,*,#2982,.T.);
#2982 = EDGE_CURVE('',#2983,#2985,#2987,.T.);
#2983 = VERTEX_POINT('',#2984);
#2984 = CARTESIAN_POINT('',(-0.71,0.14,-0.4));
#2985 = VERTEX_POINT('',#2986);
#2986 = CARTESIAN_POINT('',(-0.71,0.14,-0.1));
#2987 = LINE('',#2988,#2989);
#2988 = CARTESIAN_POINT('',(-0.71,0.14,-0.8));
#2989 = VECTOR('',#2990,1.);
#2990 = DIRECTION('',(0.,0.,1.));
#2991 = ORIENTED_EDGE('',*,*,#2992,.F.);
#2992 = EDGE_CURVE('',#2993,#2985,#2995,.T.);
#2993 = VERTEX_POINT('',#2994);
#2994 = CARTESIAN_POINT('',(-0.71,0.2,-0.1));
#2995 = LINE('',#2996,#2997);
#2996 = CARTESIAN_POINT('',(-0.71,0.2,-1.E-01));
#2997 = VECTOR('',#2998,1.);
#2998 = DIRECTION('',(0.,-1.,0.));
#2999 = ORIENTED_EDGE('',*,*,#3000,.F.);
#3000 = EDGE_CURVE('',#3001,#2993,#3003,.T.);
#3001 = VERTEX_POINT('',#3002);
#3002 = CARTESIAN_POINT('',(-0.71,0.2,-0.4));
#3003 = LINE('',#3004,#3005);
#3004 = CARTESIAN_POINT('',(-0.71,0.2,-0.8));
#3005 = VECTOR('',#3006,1.);
#3006 = DIRECTION('',(0.,0.,1.));
#3007 = ORIENTED_EDGE('',*,*,#3008,.F.);
#3008 = EDGE_CURVE('',#2983,#3001,#3009,.T.);
#3009 = LINE('',#3010,#3011);
#3010 = CARTESIAN_POINT('',(-0.71,0.2,-0.4));
#3011 = VECTOR('',#3012,1.);
#3012 = DIRECTION('',(0.,1.,0.));
#3013 = PLANE('',#3014);
#3014 = AXIS2_PLACEMENT_3D('',#3015,#3016,#3017);
#3015 = CARTESIAN_POINT('',(-0.71,0.2,-0.8));
#3016 = DIRECTION('',(-1.,0.,0.));
#3017 = DIRECTION('',(0.,0.,1.));
#3018 = ADVANCED_FACE('',(#3019),#3053,.T.);
#3019 = FACE_BOUND('',#3020,.T.);
#3020 = EDGE_LOOP('',(#3021,#3031,#3039,#3047));
#3021 = ORIENTED_EDGE('',*,*,#3022,.T.);
#3022 = EDGE_CURVE('',#3023,#3025,#3027,.T.);
#3023 = VERTEX_POINT('',#3024);
#3024 = CARTESIAN_POINT('',(-0.59,0.2,-0.4));
#3025 = VERTEX_POINT('',#3026);
#3026 = CARTESIAN_POINT('',(-0.59,0.2,-0.1));
#3027 = LINE('',#3028,#3029);
#3028 = CARTESIAN_POINT('',(-0.59,0.2,-0.8));
#3029 = VECTOR('',#3030,1.);
#3030 = DIRECTION('',(0.,0.,1.));
#3031 = ORIENTED_EDGE('',*,*,#3032,.F.);
#3032 = EDGE_CURVE('',#3033,#3025,#3035,.T.);
#3033 = VERTEX_POINT('',#3034);
#3034 = CARTESIAN_POINT('',(-0.59,0.14,-1.E-01));
#3035 = LINE('',#3036,#3037);
#3036 = CARTESIAN_POINT('',(-0.59,0.2,-1.E-01));
#3037 = VECTOR('',#3038,1.);
#3038 = DIRECTION('',(-0.,1.,0.));
#3039 = ORIENTED_EDGE('',*,*,#3040,.F.);
#3040 = EDGE_CURVE('',#3041,#3033,#3043,.T.);
#3041 = VERTEX_POINT('',#3042);
#3042 = CARTESIAN_POINT('',(-0.59,0.14,-0.4));
#3043 = LINE('',#3044,#3045);
#3044 = CARTESIAN_POINT('',(-0.59,0.14,-0.8));
#3045 = VECTOR('',#3046,1.);
#3046 = DIRECTION('',(0.,0.,1.));
#3047 = ORIENTED_EDGE('',*,*,#3048,.F.);
#3048 = EDGE_CURVE('',#3023,#3041,#3049,.T.);
#3049 = LINE('',#3050,#3051);
#3050 = CARTESIAN_POINT('',(-0.59,0.2,-0.4));
#3051 = VECTOR('',#3052,1.);
#3052 = DIRECTION('',(0.,-1.,0.));
#3053 = PLANE('',#3054);
#3054 = AXIS2_PLACEMENT_3D('',#3055,#3056,#3057);
#3055 = CARTESIAN_POINT('',(-0.59,0.2,-0.8));
#3056 = DIRECTION('',(1.,0.,-0.));
#3057 = DIRECTION('',(-0.,0.,-1.));
#3058 = ADVANCED_FACE('',(#3059),#3075,.T.);
#3059 = FACE_BOUND('',#3060,.T.);
#3060 = EDGE_LOOP('',(#3061,#3062,#3068,#3069));
#3061 = ORIENTED_EDGE('',*,*,#3040,.T.);
#3062 = ORIENTED_EDGE('',*,*,#3063,.F.);
#3063 = EDGE_CURVE('',#2985,#3033,#3064,.T.);
#3064 = LINE('',#3065,#3066);
#3065 = CARTESIAN_POINT('',(-0.8,0.14,-1.E-01));
#3066 = VECTOR('',#3067,1.);
#3067 = DIRECTION('',(1.,2.258754526011E-16,-2.710505431214E-16));
#3068 = ORIENTED_EDGE('',*,*,#2982,.F.);
#3069 = ORIENTED_EDGE('',*,*,#3070,.F.);
#3070 = EDGE_CURVE('',#3041,#2983,#3071,.T.);
#3071 = LINE('',#3072,#3073);
#3072 = CARTESIAN_POINT('',(-0.8,0.14,-0.4));
#3073 = VECTOR('',#3074,1.);
#3074 = DIRECTION('',(-1.,-2.258754526011E-16,0.));
#3075 = PLANE('',#3076);
#3076 = AXIS2_PLACEMENT_3D('',#3077,#3078,#3079);
#3077 = CARTESIAN_POINT('',(-0.71,0.14,-0.8));
#3078 = DIRECTION('',(2.258754526011E-16,-1.,0.));
#3079 = DIRECTION('',(1.,2.258754526011E-16,0.));
#3080 = ADVANCED_FACE('',(#3081),#3163,.F.);
#3081 = FACE_BOUND('',#3082,.T.);
#3082 = EDGE_LOOP('',(#3083,#3093,#3101,#3109,#3117,#3125,#3133,#3141,
    #3149,#3157));
#3083 = ORIENTED_EDGE('',*,*,#3084,.F.);
#3084 = EDGE_CURVE('',#3085,#3087,#3089,.T.);
#3085 = VERTEX_POINT('',#3086);
#3086 = CARTESIAN_POINT('',(-0.71,0.2,-0.6));
#3087 = VERTEX_POINT('',#3088);
#3088 = CARTESIAN_POINT('',(-0.8,0.2,-0.6));
#3089 = LINE('',#3090,#3091);
#3090 = CARTESIAN_POINT('',(-0.8,0.2,-0.6));
#3091 = VECTOR('',#3092,1.);
#3092 = DIRECTION('',(-1.,-0.,-0.));
#3093 = ORIENTED_EDGE('',*,*,#3094,.T.);
#3094 = EDGE_CURVE('',#3085,#3095,#3097,.T.);
#3095 = VERTEX_POINT('',#3096);
#3096 = CARTESIAN_POINT('',(-0.71,0.14,-0.6));
#3097 = LINE('',#3098,#3099);
#3098 = CARTESIAN_POINT('',(-0.71,0.2,-0.6));
#3099 = VECTOR('',#3100,1.);
#3100 = DIRECTION('',(0.,-1.,0.));
#3101 = ORIENTED_EDGE('',*,*,#3102,.T.);
#3102 = EDGE_CURVE('',#3095,#3103,#3105,.T.);
#3103 = VERTEX_POINT('',#3104);
#3104 = CARTESIAN_POINT('',(-0.59,0.14,-0.6));
#3105 = LINE('',#3106,#3107);
#3106 = CARTESIAN_POINT('',(-0.8,0.14,-0.6));
#3107 = VECTOR('',#3108,1.);
#3108 = DIRECTION('',(1.,2.258754526011E-16,-0.));
#3109 = ORIENTED_EDGE('',*,*,#3110,.T.);
#3110 = EDGE_CURVE('',#3103,#3111,#3113,.T.);
#3111 = VERTEX_POINT('',#3112);
#3112 = CARTESIAN_POINT('',(-0.59,0.2,-0.6));
#3113 = LINE('',#3114,#3115);
#3114 = CARTESIAN_POINT('',(-0.59,0.2,-0.6));
#3115 = VECTOR('',#3116,1.);
#3116 = DIRECTION('',(0.,1.,0.));
#3117 = ORIENTED_EDGE('',*,*,#3118,.F.);
#3118 = EDGE_CURVE('',#3119,#3111,#3121,.T.);
#3119 = VERTEX_POINT('',#3120);
#3120 = CARTESIAN_POINT('',(-0.4,0.2,-0.6));
#3121 = LINE('',#3122,#3123);
#3122 = CARTESIAN_POINT('',(-0.8,0.2,-0.6));
#3123 = VECTOR('',#3124,1.);
#3124 = DIRECTION('',(-1.,-0.,-0.));
#3125 = ORIENTED_EDGE('',*,*,#3126,.T.);
#3126 = EDGE_CURVE('',#3119,#3127,#3129,.T.);
#3127 = VERTEX_POINT('',#3128);
#3128 = CARTESIAN_POINT('',(-0.4,0.,-0.6));
#3129 = LINE('',#3130,#3131);
#3130 = CARTESIAN_POINT('',(-0.4,0.2,-0.6));
#3131 = VECTOR('',#3132,1.);
#3132 = DIRECTION('',(-0.,-1.,-0.));
#3133 = ORIENTED_EDGE('',*,*,#3134,.T.);
#3134 = EDGE_CURVE('',#3127,#3135,#3137,.T.);
#3135 = VERTEX_POINT('',#3136);
#3136 = CARTESIAN_POINT('',(-0.475,-0.,-0.6));
#3137 = LINE('',#3138,#3139);
#3138 = CARTESIAN_POINT('',(-0.8,0.,-0.6));
#3139 = VECTOR('',#3140,1.);
#3140 = DIRECTION('',(-1.,-0.,-0.));
#3141 = ORIENTED_EDGE('',*,*,#3142,.F.);
#3142 = EDGE_CURVE('',#3143,#3135,#3145,.T.);
#3143 = VERTEX_POINT('',#3144);
#3144 = CARTESIAN_POINT('',(-0.475,5.E-02,-0.6));
#3145 = LINE('',#3146,#3147);
#3146 = CARTESIAN_POINT('',(-0.475,5.E-02,-0.6));
#3147 = VECTOR('',#3148,1.);
#3148 = DIRECTION('',(0.,-1.,0.));
#3149 = ORIENTED_EDGE('',*,*,#3150,.T.);
#3150 = EDGE_CURVE('',#3143,#3151,#3153,.T.);
#3151 = VERTEX_POINT('',#3152);
#3152 = CARTESIAN_POINT('',(-0.8,5.E-02,-0.6));
#3153 = LINE('',#3154,#3155);
#3154 = CARTESIAN_POINT('',(-0.8,5.E-02,-0.6));
#3155 = VECTOR('',#3156,1.);
#3156 = DIRECTION('',(-1.,-0.,-0.));
#3157 = ORIENTED_EDGE('',*,*,#3158,.F.);
#3158 = EDGE_CURVE('',#3087,#3151,#3159,.T.);
#3159 = LINE('',#3160,#3161);
#3160 = CARTESIAN_POINT('',(-0.8,0.2,-0.6));
#3161 = VECTOR('',#3162,1.);
#3162 = DIRECTION('',(-0.,-1.,-0.));
#3163 = PLANE('',#3164);
#3164 = AXIS2_PLACEMENT_3D('',#3165,#3166,#3167);
#3165 = CARTESIAN_POINT('',(-0.8,0.2,-0.6));
#3166 = DIRECTION('',(0.,0.,1.));
#3167 = DIRECTION('',(1.,0.,-0.));
#3168 = ADVANCED_FACE('',(#3169),#3210,.F.);
#3169 = FACE_BOUND('',#3170,.T.);
#3170 = EDGE_LOOP('',(#3171,#3181,#3189,#3195,#3196,#3204));
#3171 = ORIENTED_EDGE('',*,*,#3172,.T.);
#3172 = EDGE_CURVE('',#3173,#3175,#3177,.T.);
#3173 = VERTEX_POINT('',#3174);
#3174 = CARTESIAN_POINT('',(-0.8,-0.,-0.675));
#3175 = VERTEX_POINT('',#3176);
#3176 = CARTESIAN_POINT('',(-0.8,0.,-0.4));
#3177 = LINE('',#3178,#3179);
#3178 = CARTESIAN_POINT('',(-0.8,0.,-0.6));
#3179 = VECTOR('',#3180,1.);
#3180 = DIRECTION('',(0.,0.,1.));
#3181 = ORIENTED_EDGE('',*,*,#3182,.F.);
#3182 = EDGE_CURVE('',#3183,#3175,#3185,.T.);
#3183 = VERTEX_POINT('',#3184);
#3184 = CARTESIAN_POINT('',(-0.8,0.2,-0.4));
#3185 = LINE('',#3186,#3187);
#3186 = CARTESIAN_POINT('',(-0.8,0.2,-0.4));
#3187 = VECTOR('',#3188,1.);
#3188 = DIRECTION('',(-0.,-1.,-0.));
#3189 = ORIENTED_EDGE('',*,*,#3190,.F.);
#3190 = EDGE_CURVE('',#3087,#3183,#3191,.T.);
#3191 = LINE('',#3192,#3193);
#3192 = CARTESIAN_POINT('',(-0.8,0.2,-0.6));
#3193 = VECTOR('',#3194,1.);
#3194 = DIRECTION('',(0.,0.,1.));
#3195 = ORIENTED_EDGE('',*,*,#3158,.T.);
#3196 = ORIENTED_EDGE('',*,*,#3197,.T.);
#3197 = EDGE_CURVE('',#3151,#3198,#3200,.T.);
#3198 = VERTEX_POINT('',#3199);
#3199 = CARTESIAN_POINT('',(-0.8,5.E-02,-0.675));
#3200 = LINE('',#3201,#3202);
#3201 = CARTESIAN_POINT('',(-0.8,5.E-02,-0.6));
#3202 = VECTOR('',#3203,1.);
#3203 = DIRECTION('',(0.,0.,-1.));
#3204 = ORIENTED_EDGE('',*,*,#3205,.T.);
#3205 = EDGE_CURVE('',#3198,#3173,#3206,.T.);
#3206 = LINE('',#3207,#3208);
#3207 = CARTESIAN_POINT('',(-0.8,5.E-02,-0.675));
#3208 = VECTOR('',#3209,1.);
#3209 = DIRECTION('',(0.,-1.,0.));
#3210 = PLANE('',#3211);
#3211 = AXIS2_PLACEMENT_3D('',#3212,#3213,#3214);
#3212 = CARTESIAN_POINT('',(-0.8,0.2,-0.6));
#3213 = DIRECTION('',(1.,0.,0.));
#3214 = DIRECTION('',(0.,0.,-1.));
#3215 = ADVANCED_FACE('',(#3216),#3250,.F.);
#3216 = FACE_BOUND('',#3217,.T.);
#3217 = EDGE_LOOP('',(#3218,#3219,#3220,#3226,#3227,#3235,#3243,#3249));
#3218 = ORIENTED_EDGE('',*,*,#3070,.T.);
#3219 = ORIENTED_EDGE('',*,*,#3008,.T.);
#3220 = ORIENTED_EDGE('',*,*,#3221,.F.);
#3221 = EDGE_CURVE('',#3183,#3001,#3222,.T.);
#3222 = LINE('',#3223,#3224);
#3223 = CARTESIAN_POINT('',(-0.8,0.2,-0.4));
#3224 = VECTOR('',#3225,1.);
#3225 = DIRECTION('',(1.,0.,0.));
#3226 = ORIENTED_EDGE('',*,*,#3182,.T.);
#3227 = ORIENTED_EDGE('',*,*,#3228,.T.);
#3228 = EDGE_CURVE('',#3175,#3229,#3231,.T.);
#3229 = VERTEX_POINT('',#3230);
#3230 = CARTESIAN_POINT('',(-0.4,0.,-0.4));
#3231 = LINE('',#3232,#3233);
#3232 = CARTESIAN_POINT('',(-0.8,0.,-0.4));
#3233 = VECTOR('',#3234,1.);
#3234 = DIRECTION('',(1.,0.,0.));
#3235 = ORIENTED_EDGE('',*,*,#3236,.F.);
#3236 = EDGE_CURVE('',#3237,#3229,#3239,.T.);
#3237 = VERTEX_POINT('',#3238);
#3238 = CARTESIAN_POINT('',(-0.4,0.2,-0.4));
#3239 = LINE('',#3240,#3241);
#3240 = CARTESIAN_POINT('',(-0.4,0.2,-0.4));
#3241 = VECTOR('',#3242,1.);
#3242 = DIRECTION('',(-0.,-1.,-0.));
#3243 = ORIENTED_EDGE('',*,*,#3244,.F.);
#3244 = EDGE_CURVE('',#3023,#3237,#3245,.T.);
#3245 = LINE('',#3246,#3247);
#3246 = CARTESIAN_POINT('',(-0.8,0.2,-0.4));
#3247 = VECTOR('',#3248,1.);
#3248 = DIRECTION('',(1.,0.,0.));
#3249 = ORIENTED_EDGE('',*,*,#3048,.T.);
#3250 = PLANE('',#3251);
#3251 = AXIS2_PLACEMENT_3D('',#3252,#3253,#3254);
#3252 = CARTESIAN_POINT('',(-0.8,0.2,-0.4));
#3253 = DIRECTION('',(0.,0.,-1.));
#3254 = DIRECTION('',(-1.,0.,-0.));
#3255 = ADVANCED_FACE('',(#3256),#3272,.F.);
#3256 = FACE_BOUND('',#3257,.T.);
#3257 = EDGE_LOOP('',(#3258,#3264,#3265,#3271));
#3258 = ORIENTED_EDGE('',*,*,#3259,.T.);
#3259 = EDGE_CURVE('',#3229,#3127,#3260,.T.);
#3260 = LINE('',#3261,#3262);
#3261 = CARTESIAN_POINT('',(-0.4,0.,-0.6));
#3262 = VECTOR('',#3263,1.);
#3263 = DIRECTION('',(-0.,-0.,-1.));
#3264 = ORIENTED_EDGE('',*,*,#3126,.F.);
#3265 = ORIENTED_EDGE('',*,*,#3266,.F.);
#3266 = EDGE_CURVE('',#3237,#3119,#3267,.T.);
#3267 = LINE('',#3268,#3269);
#3268 = CARTESIAN_POINT('',(-0.4,0.2,-0.6));
#3269 = VECTOR('',#3270,1.);
#3270 = DIRECTION('',(-0.,-0.,-1.));
#3271 = ORIENTED_EDGE('',*,*,#3236,.T.);
#3272 = PLANE('',#3273);
#3273 = AXIS2_PLACEMENT_3D('',#3274,#3275,#3276);
#3274 = CARTESIAN_POINT('',(-0.4,0.2,-0.6));
#3275 = DIRECTION('',(-1.,0.,0.));
#3276 = DIRECTION('',(0.,0.,1.));
#3277 = ADVANCED_FACE('',(#3278),#3408,.T.);
#3278 = FACE_BOUND('',#3279,.T.);
#3279 = EDGE_LOOP('',(#3280,#3281,#3289,#3297,#3303,#3304,#3305,#3306,
    #3307,#3315,#3323,#3329,#3330,#3338,#3346,#3352,#3353,#3359,#3360,
    #3368,#3376,#3382,#3383,#3391,#3399,#3405,#3406,#3407));
#3280 = ORIENTED_EDGE('',*,*,#3118,.T.);
#3281 = ORIENTED_EDGE('',*,*,#3282,.F.);
#3282 = EDGE_CURVE('',#3283,#3111,#3285,.T.);
#3283 = VERTEX_POINT('',#3284);
#3284 = CARTESIAN_POINT('',(-0.59,0.2,-0.8));
#3285 = LINE('',#3286,#3287);
#3286 = CARTESIAN_POINT('',(-0.59,0.2,-0.8));
#3287 = VECTOR('',#3288,1.);
#3288 = DIRECTION('',(0.,0.,1.));
#3289 = ORIENTED_EDGE('',*,*,#3290,.T.);
#3290 = EDGE_CURVE('',#3283,#3291,#3293,.T.);
#3291 = VERTEX_POINT('',#3292);
#3292 = CARTESIAN_POINT('',(-0.71,0.2,-0.8));
#3293 = LINE('',#3294,#3295);
#3294 = CARTESIAN_POINT('',(-0.71,0.2,-0.8));
#3295 = VECTOR('',#3296,1.);
#3296 = DIRECTION('',(-1.,-2.258754526011E-16,-0.));
#3297 = ORIENTED_EDGE('',*,*,#3298,.T.);
#3298 = EDGE_CURVE('',#3291,#3085,#3299,.T.);
#3299 = LINE('',#3300,#3301);
#3300 = CARTESIAN_POINT('',(-0.71,0.2,-0.8));
#3301 = VECTOR('',#3302,1.);
#3302 = DIRECTION('',(0.,0.,1.));
#3303 = ORIENTED_EDGE('',*,*,#3084,.T.);
#3304 = ORIENTED_EDGE('',*,*,#3190,.T.);
#3305 = ORIENTED_EDGE('',*,*,#3221,.T.);
#3306 = ORIENTED_EDGE('',*,*,#3000,.T.);
#3307 = ORIENTED_EDGE('',*,*,#3308,.T.);
#3308 = EDGE_CURVE('',#2993,#3309,#3311,.T.);
#3309 = VERTEX_POINT('',#3310);
#3310 = CARTESIAN_POINT('',(-0.8,0.2,-1.E-01));
#3311 = LINE('',#3312,#3313);
#3312 = CARTESIAN_POINT('',(-0.8,0.2,-1.E-01));
#3313 = VECTOR('',#3314,1.);
#3314 = DIRECTION('',(-1.,-0.,2.710505431214E-16));
#3315 = ORIENTED_EDGE('',*,*,#3316,.T.);
#3316 = EDGE_CURVE('',#3309,#3317,#3319,.T.);
#3317 = VERTEX_POINT('',#3318);
#3318 = CARTESIAN_POINT('',(-0.8,0.2,1.E-01));
#3319 = LINE('',#3320,#3321);
#3320 = CARTESIAN_POINT('',(-0.8,0.2,-1.E-01));
#3321 = VECTOR('',#3322,1.);
#3322 = DIRECTION('',(-1.084202172486E-15,0.,1.));
#3323 = ORIENTED_EDGE('',*,*,#3324,.T.);
#3324 = EDGE_CURVE('',#3317,#2837,#3325,.T.);
#3325 = LINE('',#3326,#3327);
#3326 = CARTESIAN_POINT('',(-0.8,0.2,1.E-01));
#3327 = VECTOR('',#3328,1.);
#3328 = DIRECTION('',(1.,0.,2.371692252312E-16));
#3329 = ORIENTED_EDGE('',*,*,#2836,.T.);
#3330 = ORIENTED_EDGE('',*,*,#3331,.T.);
#3331 = EDGE_CURVE('',#2829,#3332,#3334,.T.);
#3332 = VERTEX_POINT('',#3333);
#3333 = CARTESIAN_POINT('',(-0.8,0.2,0.4));
#3334 = LINE('',#3335,#3336);
#3335 = CARTESIAN_POINT('',(-0.8,0.2,0.4));
#3336 = VECTOR('',#3337,1.);
#3337 = DIRECTION('',(-1.,-0.,2.710505431214E-16));
#3338 = ORIENTED_EDGE('',*,*,#3339,.T.);
#3339 = EDGE_CURVE('',#3332,#3340,#3342,.T.);
#3340 = VERTEX_POINT('',#3341);
#3341 = CARTESIAN_POINT('',(-0.8,0.2,0.6));
#3342 = LINE('',#3343,#3344);
#3343 = CARTESIAN_POINT('',(-0.8,0.2,0.4));
#3344 = VECTOR('',#3345,1.);
#3345 = DIRECTION('',(0.,0.,1.));
#3346 = ORIENTED_EDGE('',*,*,#3347,.T.);
#3347 = EDGE_CURVE('',#3340,#2779,#3348,.T.);
#3348 = LINE('',#3349,#3350);
#3349 = CARTESIAN_POINT('',(-0.8,0.2,0.6));
#3350 = VECTOR('',#3351,1.);
#3351 = DIRECTION('',(1.,0.,0.));
#3352 = ORIENTED_EDGE('',*,*,#2778,.T.);
#3353 = ORIENTED_EDGE('',*,*,#3354,.F.);
#3354 = EDGE_CURVE('',#2877,#2781,#3355,.T.);
#3355 = LINE('',#3356,#3357);
#3356 = CARTESIAN_POINT('',(-0.71,0.2,0.8));
#3357 = VECTOR('',#3358,1.);
#3358 = DIRECTION('',(-1.,-2.258754526011E-16,-0.));
#3359 = ORIENTED_EDGE('',*,*,#2876,.F.);
#3360 = ORIENTED_EDGE('',*,*,#3361,.T.);
#3361 = EDGE_CURVE('',#2869,#3362,#3364,.T.);
#3362 = VERTEX_POINT('',#3363);
#3363 = CARTESIAN_POINT('',(-0.4,0.2,0.6));
#3364 = LINE('',#3365,#3366);
#3365 = CARTESIAN_POINT('',(-0.8,0.2,0.6));
#3366 = VECTOR('',#3367,1.);
#3367 = DIRECTION('',(1.,0.,0.));
#3368 = ORIENTED_EDGE('',*,*,#3369,.T.);
#3369 = EDGE_CURVE('',#3362,#3370,#3372,.T.);
#3370 = VERTEX_POINT('',#3371);
#3371 = CARTESIAN_POINT('',(-0.4,0.2,0.4));
#3372 = LINE('',#3373,#3374);
#3373 = CARTESIAN_POINT('',(-0.4,0.2,0.4));
#3374 = VECTOR('',#3375,1.);
#3375 = DIRECTION('',(-0.,-0.,-1.));
#3376 = ORIENTED_EDGE('',*,*,#3377,.T.);
#3377 = EDGE_CURVE('',#3370,#2901,#3378,.T.);
#3378 = LINE('',#3379,#3380);
#3379 = CARTESIAN_POINT('',(-0.8,0.2,0.4));
#3380 = VECTOR('',#3381,1.);
#3381 = DIRECTION('',(-1.,-0.,2.710505431214E-16));
#3382 = ORIENTED_EDGE('',*,*,#2898,.F.);
#3383 = ORIENTED_EDGE('',*,*,#3384,.T.);
#3384 = EDGE_CURVE('',#2899,#3385,#3387,.T.);
#3385 = VERTEX_POINT('',#3386);
#3386 = CARTESIAN_POINT('',(-0.4,0.2,0.1));
#3387 = LINE('',#3388,#3389);
#3388 = CARTESIAN_POINT('',(-0.8,0.2,1.E-01));
#3389 = VECTOR('',#3390,1.);
#3390 = DIRECTION('',(1.,0.,2.371692252312E-16));
#3391 = ORIENTED_EDGE('',*,*,#3392,.T.);
#3392 = EDGE_CURVE('',#3385,#3393,#3395,.T.);
#3393 = VERTEX_POINT('',#3394);
#3394 = CARTESIAN_POINT('',(-0.4,0.2,-0.1));
#3395 = LINE('',#3396,#3397);
#3396 = CARTESIAN_POINT('',(-0.4,0.2,-0.1));
#3397 = VECTOR('',#3398,1.);
#3398 = DIRECTION('',(-0.,-0.,-1.));
#3399 = ORIENTED_EDGE('',*,*,#3400,.T.);
#3400 = EDGE_CURVE('',#3393,#3025,#3401,.T.);
#3401 = LINE('',#3402,#3403);
#3402 = CARTESIAN_POINT('',(-0.8,0.2,-1.E-01));
#3403 = VECTOR('',#3404,1.);
#3404 = DIRECTION('',(-1.,-0.,2.710505431214E-16));
#3405 = ORIENTED_EDGE('',*,*,#3022,.F.);
#3406 = ORIENTED_EDGE('',*,*,#3244,.T.);
#3407 = ORIENTED_EDGE('',*,*,#3266,.T.);
#3408 = PLANE('',#3409);
#3409 = AXIS2_PLACEMENT_3D('',#3410,#3411,#3412);
#3410 = CARTESIAN_POINT('',(0.,0.2,0.));
#3411 = DIRECTION('',(0.,1.,0.));
#3412 = DIRECTION('',(0.,-0.,1.));
#3413 = ADVANCED_FACE('',(#3414),#3434,.F.);
#3414 = FACE_BOUND('',#3415,.T.);
#3415 = EDGE_LOOP('',(#3416,#3417,#3425,#3431,#3432,#3433));
#3416 = ORIENTED_EDGE('',*,*,#3172,.F.);
#3417 = ORIENTED_EDGE('',*,*,#3418,.T.);
#3418 = EDGE_CURVE('',#3173,#3419,#3421,.T.);
#3419 = VERTEX_POINT('',#3420);
#3420 = CARTESIAN_POINT('',(-0.475,-0.,-0.675));
#3421 = LINE('',#3422,#3423);
#3422 = CARTESIAN_POINT('',(-0.8,-0.,-0.675));
#3423 = VECTOR('',#3424,1.);
#3424 = DIRECTION('',(1.,0.,0.));
#3425 = ORIENTED_EDGE('',*,*,#3426,.T.);
#3426 = EDGE_CURVE('',#3419,#3135,#3427,.T.);
#3427 = LINE('',#3428,#3429);
#3428 = CARTESIAN_POINT('',(-0.475,-0.,-0.6));
#3429 = VECTOR('',#3430,1.);
#3430 = DIRECTION('',(-1.445602896647E-15,-0.,1.));
#3431 = ORIENTED_EDGE('',*,*,#3134,.F.);
#3432 = ORIENTED_EDGE('',*,*,#3259,.F.);
#3433 = ORIENTED_EDGE('',*,*,#3228,.F.);
#3434 = PLANE('',#3435);
#3435 = AXIS2_PLACEMENT_3D('',#3436,#3437,#3438);
#3436 = CARTESIAN_POINT('',(0.,0.,0.));
#3437 = DIRECTION('',(0.,1.,0.));
#3438 = DIRECTION('',(0.,-0.,1.));
#3439 = ADVANCED_FACE('',(#3440),#3458,.T.);
#3440 = FACE_BOUND('',#3441,.T.);
#3441 = EDGE_LOOP('',(#3442,#3443,#3451,#3457));
#3442 = ORIENTED_EDGE('',*,*,#3426,.F.);
#3443 = ORIENTED_EDGE('',*,*,#3444,.F.);
#3444 = EDGE_CURVE('',#3445,#3419,#3447,.T.);
#3445 = VERTEX_POINT('',#3446);
#3446 = CARTESIAN_POINT('',(-0.475,5.E-02,-0.675));
#3447 = LINE('',#3448,#3449);
#3448 = CARTESIAN_POINT('',(-0.475,5.E-02,-0.675));
#3449 = VECTOR('',#3450,1.);
#3450 = DIRECTION('',(0.,-1.,0.));
#3451 = ORIENTED_EDGE('',*,*,#3452,.T.);
#3452 = EDGE_CURVE('',#3445,#3143,#3453,.T.);
#3453 = LINE('',#3454,#3455);
#3454 = CARTESIAN_POINT('',(-0.475,5.E-02,-0.6));
#3455 = VECTOR('',#3456,1.);
#3456 = DIRECTION('',(-1.445602896647E-15,-0.,1.));
#3457 = ORIENTED_EDGE('',*,*,#3142,.T.);
#3458 = PLANE('',#3459);
#3459 = AXIS2_PLACEMENT_3D('',#3460,#3461,#3462);
#3460 = CARTESIAN_POINT('',(-0.475,5.E-02,-0.6));
#3461 = DIRECTION('',(1.,0.,1.445602896647E-15));
#3462 = DIRECTION('',(1.445602896647E-15,0.,-1.));
#3463 = ADVANCED_FACE('',(#3464),#3475,.T.);
#3464 = FACE_BOUND('',#3465,.T.);
#3465 = EDGE_LOOP('',(#3466,#3467,#3468,#3474));
#3466 = ORIENTED_EDGE('',*,*,#3418,.F.);
#3467 = ORIENTED_EDGE('',*,*,#3205,.F.);
#3468 = ORIENTED_EDGE('',*,*,#3469,.T.);
#3469 = EDGE_CURVE('',#3198,#3445,#3470,.T.);
#3470 = LINE('',#3471,#3472);
#3471 = CARTESIAN_POINT('',(-0.8,5.E-02,-0.675));
#3472 = VECTOR('',#3473,1.);
#3473 = DIRECTION('',(1.,0.,0.));
#3474 = ORIENTED_EDGE('',*,*,#3444,.T.);
#3475 = PLANE('',#3476);
#3476 = AXIS2_PLACEMENT_3D('',#3477,#3478,#3479);
#3477 = CARTESIAN_POINT('',(-0.8,5.E-02,-0.675));
#3478 = DIRECTION('',(0.,0.,-1.));
#3479 = DIRECTION('',(-1.,0.,-0.));
#3480 = ADVANCED_FACE('',(#3481),#3487,.F.);
#3481 = FACE_BOUND('',#3482,.T.);
#3482 = EDGE_LOOP('',(#3483,#3484,#3485,#3486));
#3483 = ORIENTED_EDGE('',*,*,#3197,.F.);
#3484 = ORIENTED_EDGE('',*,*,#3150,.F.);
#3485 = ORIENTED_EDGE('',*,*,#3452,.F.);
#3486 = ORIENTED_EDGE('',*,*,#3469,.F.);
#3487 = PLANE('',#3488);
#3488 = AXIS2_PLACEMENT_3D('',#3489,#3490,#3491);
#3489 = CARTESIAN_POINT('',(0.,5.E-02,0.));
#3490 = DIRECTION('',(0.,-1.,0.));
#3491 = DIRECTION('',(0.,-0.,-1.));
#3492 = ADVANCED_FACE('',(#3493),#3511,.T.);
#3493 = FACE_BOUND('',#3494,.T.);
#3494 = EDGE_LOOP('',(#3495,#3496,#3497,#3505));
#3495 = ORIENTED_EDGE('',*,*,#3094,.F.);
#3496 = ORIENTED_EDGE('',*,*,#3298,.F.);
#3497 = ORIENTED_EDGE('',*,*,#3498,.T.);
#3498 = EDGE_CURVE('',#3291,#3499,#3501,.T.);
#3499 = VERTEX_POINT('',#3500);
#3500 = CARTESIAN_POINT('',(-0.71,0.14,-0.8));
#3501 = LINE('',#3502,#3503);
#3502 = CARTESIAN_POINT('',(-0.71,0.2,-0.8));
#3503 = VECTOR('',#3504,1.);
#3504 = DIRECTION('',(0.,-1.,0.));
#3505 = ORIENTED_EDGE('',*,*,#3506,.T.);
#3506 = EDGE_CURVE('',#3499,#3095,#3507,.T.);
#3507 = LINE('',#3508,#3509);
#3508 = CARTESIAN_POINT('',(-0.71,0.14,-0.8));
#3509 = VECTOR('',#3510,1.);
#3510 = DIRECTION('',(0.,0.,1.));
#3511 = PLANE('',#3512);
#3512 = AXIS2_PLACEMENT_3D('',#3513,#3514,#3515);
#3513 = CARTESIAN_POINT('',(-0.71,0.2,-0.8));
#3514 = DIRECTION('',(-1.,0.,0.));
#3515 = DIRECTION('',(0.,0.,1.));
#3516 = ADVANCED_FACE('',(#3517),#3535,.T.);
#3517 = FACE_BOUND('',#3518,.T.);
#3518 = EDGE_LOOP('',(#3519,#3520,#3528,#3534));
#3519 = ORIENTED_EDGE('',*,*,#3110,.F.);
#3520 = ORIENTED_EDGE('',*,*,#3521,.F.);
#3521 = EDGE_CURVE('',#3522,#3103,#3524,.T.);
#3522 = VERTEX_POINT('',#3523);
#3523 = CARTESIAN_POINT('',(-0.59,0.14,-0.8));
#3524 = LINE('',#3525,#3526);
#3525 = CARTESIAN_POINT('',(-0.59,0.14,-0.8));
#3526 = VECTOR('',#3527,1.);
#3527 = DIRECTION('',(0.,0.,1.));
#3528 = ORIENTED_EDGE('',*,*,#3529,.T.);
#3529 = EDGE_CURVE('',#3522,#3283,#3530,.T.);
#3530 = LINE('',#3531,#3532);
#3531 = CARTESIAN_POINT('',(-0.59,0.2,-0.8));
#3532 = VECTOR('',#3533,1.);
#3533 = DIRECTION('',(-0.,1.,-0.));
#3534 = ORIENTED_EDGE('',*,*,#3282,.T.);
#3535 = PLANE('',#3536);
#3536 = AXIS2_PLACEMENT_3D('',#3537,#3538,#3539);
#3537 = CARTESIAN_POINT('',(-0.59,0.2,-0.8));
#3538 = DIRECTION('',(1.,0.,-0.));
#3539 = DIRECTION('',(-0.,0.,-1.));
#3540 = ADVANCED_FACE('',(#3541),#3552,.T.);
#3541 = FACE_BOUND('',#3542,.T.);
#3542 = EDGE_LOOP('',(#3543,#3544,#3545,#3551));
#3543 = ORIENTED_EDGE('',*,*,#3102,.F.);
#3544 = ORIENTED_EDGE('',*,*,#3506,.F.);
#3545 = ORIENTED_EDGE('',*,*,#3546,.T.);
#3546 = EDGE_CURVE('',#3499,#3522,#3547,.T.);
#3547 = LINE('',#3548,#3549);
#3548 = CARTESIAN_POINT('',(-0.71,0.14,-0.8));
#3549 = VECTOR('',#3550,1.);
#3550 = DIRECTION('',(1.,2.258754526011E-16,0.));
#3551 = ORIENTED_EDGE('',*,*,#3521,.T.);
#3552 = PLANE('',#3553);
#3553 = AXIS2_PLACEMENT_3D('',#3554,#3555,#3556);
#3554 = CARTESIAN_POINT('',(-0.71,0.14,-0.8));
#3555 = DIRECTION('',(2.258754526011E-16,-1.,0.));
#3556 = DIRECTION('',(1.,2.258754526011E-16,0.));
#3557 = ADVANCED_FACE('',(#3558),#3564,.F.);
#3558 = FACE_BOUND('',#3559,.T.);
#3559 = EDGE_LOOP('',(#3560,#3561,#3562,#3563));
#3560 = ORIENTED_EDGE('',*,*,#3498,.F.);
#3561 = ORIENTED_EDGE('',*,*,#3290,.F.);
#3562 = ORIENTED_EDGE('',*,*,#3529,.F.);
#3563 = ORIENTED_EDGE('',*,*,#3546,.F.);
#3564 = PLANE('',#3565);
#3565 = AXIS2_PLACEMENT_3D('',#3566,#3567,#3568);
#3566 = CARTESIAN_POINT('',(0.,0.,-0.8));
#3567 = DIRECTION('',(-0.,0.,1.));
#3568 = DIRECTION('',(1.,0.,0.));
#3569 = ADVANCED_FACE('',(#3570),#3576,.T.);
#3570 = FACE_BOUND('',#3571,.T.);
#3571 = EDGE_LOOP('',(#3572,#3573,#3574,#3575));
#3572 = ORIENTED_EDGE('',*,*,#2804,.T.);
#3573 = ORIENTED_EDGE('',*,*,#2946,.T.);
#3574 = ORIENTED_EDGE('',*,*,#2884,.T.);
#3575 = ORIENTED_EDGE('',*,*,#3354,.T.);
#3576 = PLANE('',#3577);
#3577 = AXIS2_PLACEMENT_3D('',#3578,#3579,#3580);
#3578 = CARTESIAN_POINT('',(0.,0.,0.8));
#3579 = DIRECTION('',(-0.,0.,1.));
#3580 = DIRECTION('',(1.,0.,0.));
#3581 = ADVANCED_FACE('',(#3582),#3607,.F.);
#3582 = FACE_BOUND('',#3583,.T.);
#3583 = EDGE_LOOP('',(#3584,#3594,#3600,#3601));
#3584 = ORIENTED_EDGE('',*,*,#3585,.T.);
#3585 = EDGE_CURVE('',#3586,#3588,#3590,.T.);
#3586 = VERTEX_POINT('',#3587);
#3587 = CARTESIAN_POINT('',(-0.8,0.,-1.E-01));
#3588 = VERTEX_POINT('',#3589);
#3589 = CARTESIAN_POINT('',(-0.8,0.,1.E-01));
#3590 = LINE('',#3591,#3592);
#3591 = CARTESIAN_POINT('',(-0.8,0.,-1.E-01));
#3592 = VECTOR('',#3593,1.);
#3593 = DIRECTION('',(-1.084202172486E-15,0.,1.));
#3594 = ORIENTED_EDGE('',*,*,#3595,.F.);
#3595 = EDGE_CURVE('',#3317,#3588,#3596,.T.);
#3596 = LINE('',#3597,#3598);
#3597 = CARTESIAN_POINT('',(-0.8,0.2,1.E-01));
#3598 = VECTOR('',#3599,1.);
#3599 = DIRECTION('',(-0.,-1.,-0.));
#3600 = ORIENTED_EDGE('',*,*,#3316,.F.);
#3601 = ORIENTED_EDGE('',*,*,#3602,.T.);
#3602 = EDGE_CURVE('',#3309,#3586,#3603,.T.);
#3603 = LINE('',#3604,#3605);
#3604 = CARTESIAN_POINT('',(-0.8,0.2,-1.E-01));
#3605 = VECTOR('',#3606,1.);
#3606 = DIRECTION('',(-0.,-1.,-0.));
#3607 = PLANE('',#3608);
#3608 = AXIS2_PLACEMENT_3D('',#3609,#3610,#3611);
#3609 = CARTESIAN_POINT('',(-0.8,0.2,-1.E-01));
#3610 = DIRECTION('',(1.,-0.,1.084202172486E-15));
#3611 = DIRECTION('',(1.084202172486E-15,0.,-1.));
#3612 = ADVANCED_FACE('',(#3613),#3635,.F.);
#3613 = FACE_BOUND('',#3614,.T.);
#3614 = EDGE_LOOP('',(#3615,#3616,#3617,#3618,#3619,#3627,#3633,#3634));
#3615 = ORIENTED_EDGE('',*,*,#2968,.T.);
#3616 = ORIENTED_EDGE('',*,*,#2844,.T.);
#3617 = ORIENTED_EDGE('',*,*,#3324,.F.);
#3618 = ORIENTED_EDGE('',*,*,#3595,.T.);
#3619 = ORIENTED_EDGE('',*,*,#3620,.T.);
#3620 = EDGE_CURVE('',#3588,#3621,#3623,.T.);
#3621 = VERTEX_POINT('',#3622);
#3622 = CARTESIAN_POINT('',(-0.4,0.,0.1));
#3623 = LINE('',#3624,#3625);
#3624 = CARTESIAN_POINT('',(-0.8,0.,1.E-01));
#3625 = VECTOR('',#3626,1.);
#3626 = DIRECTION('',(1.,0.,2.371692252312E-16));
#3627 = ORIENTED_EDGE('',*,*,#3628,.F.);
#3628 = EDGE_CURVE('',#3385,#3621,#3629,.T.);
#3629 = LINE('',#3630,#3631);
#3630 = CARTESIAN_POINT('',(-0.4,0.2,0.1));
#3631 = VECTOR('',#3632,1.);
#3632 = DIRECTION('',(-0.,-1.,-0.));
#3633 = ORIENTED_EDGE('',*,*,#3384,.F.);
#3634 = ORIENTED_EDGE('',*,*,#2924,.T.);
#3635 = PLANE('',#3636);
#3636 = AXIS2_PLACEMENT_3D('',#3637,#3638,#3639);
#3637 = CARTESIAN_POINT('',(-0.8,0.2,1.E-01));
#3638 = DIRECTION('',(2.371692252312E-16,0.,-1.));
#3639 = DIRECTION('',(-1.,0.,-2.371692252312E-16));
#3640 = ADVANCED_FACE('',(#3641),#3659,.F.);
#3641 = FACE_BOUND('',#3642,.T.);
#3642 = EDGE_LOOP('',(#3643,#3651,#3657,#3658));
#3643 = ORIENTED_EDGE('',*,*,#3644,.T.);
#3644 = EDGE_CURVE('',#3621,#3645,#3647,.T.);
#3645 = VERTEX_POINT('',#3646);
#3646 = CARTESIAN_POINT('',(-0.4,0.,-0.1));
#3647 = LINE('',#3648,#3649);
#3648 = CARTESIAN_POINT('',(-0.4,0.,-0.1));
#3649 = VECTOR('',#3650,1.);
#3650 = DIRECTION('',(-0.,-0.,-1.));
#3651 = ORIENTED_EDGE('',*,*,#3652,.F.);
#3652 = EDGE_CURVE('',#3393,#3645,#3653,.T.);
#3653 = LINE('',#3654,#3655);
#3654 = CARTESIAN_POINT('',(-0.4,0.2,-0.1));
#3655 = VECTOR('',#3656,1.);
#3656 = DIRECTION('',(-0.,-1.,-0.));
#3657 = ORIENTED_EDGE('',*,*,#3392,.F.);
#3658 = ORIENTED_EDGE('',*,*,#3628,.T.);
#3659 = PLANE('',#3660);
#3660 = AXIS2_PLACEMENT_3D('',#3661,#3662,#3663);
#3661 = CARTESIAN_POINT('',(-0.4,0.2,-0.1));
#3662 = DIRECTION('',(-1.,0.,0.));
#3663 = DIRECTION('',(0.,0.,1.));
#3664 = ADVANCED_FACE('',(#3665),#3680,.F.);
#3665 = FACE_BOUND('',#3666,.T.);
#3666 = EDGE_LOOP('',(#3667,#3668,#3669,#3670,#3671,#3672,#3673,#3679));
#3667 = ORIENTED_EDGE('',*,*,#3308,.F.);
#3668 = ORIENTED_EDGE('',*,*,#2992,.T.);
#3669 = ORIENTED_EDGE('',*,*,#3063,.T.);
#3670 = ORIENTED_EDGE('',*,*,#3032,.T.);
#3671 = ORIENTED_EDGE('',*,*,#3400,.F.);
#3672 = ORIENTED_EDGE('',*,*,#3652,.T.);
#3673 = ORIENTED_EDGE('',*,*,#3674,.T.);
#3674 = EDGE_CURVE('',#3645,#3586,#3675,.T.);
#3675 = LINE('',#3676,#3677);
#3676 = CARTESIAN_POINT('',(-0.8,0.,-1.E-01));
#3677 = VECTOR('',#3678,1.);
#3678 = DIRECTION('',(-1.,-0.,2.710505431214E-16));
#3679 = ORIENTED_EDGE('',*,*,#3602,.F.);
#3680 = PLANE('',#3681);
#3681 = AXIS2_PLACEMENT_3D('',#3682,#3683,#3684);
#3682 = CARTESIAN_POINT('',(-0.8,0.2,-1.E-01));
#3683 = DIRECTION('',(2.710505431214E-16,-0.,1.));
#3684 = DIRECTION('',(1.,0.,-2.710505431214E-16));
#3685 = ADVANCED_FACE('',(#3686),#3692,.F.);
#3686 = FACE_BOUND('',#3687,.T.);
#3687 = EDGE_LOOP('',(#3688,#3689,#3690,#3691));
#3688 = ORIENTED_EDGE('',*,*,#3585,.F.);
#3689 = ORIENTED_EDGE('',*,*,#3674,.F.);
#3690 = ORIENTED_EDGE('',*,*,#3644,.F.);
#3691 = ORIENTED_EDGE('',*,*,#3620,.F.);
#3692 = PLANE('',#3693);
#3693 = AXIS2_PLACEMENT_3D('',#3694,#3695,#3696);
#3694 = CARTESIAN_POINT('',(0.,0.,0.));
#3695 = DIRECTION('',(0.,1.,-0.));
#3696 = DIRECTION('',(0.,0.,1.));
#3697 = ADVANCED_FACE('',(#3698),#3723,.F.);
#3698 = FACE_BOUND('',#3699,.T.);
#3699 = EDGE_LOOP('',(#3700,#3710,#3716,#3717));
#3700 = ORIENTED_EDGE('',*,*,#3701,.T.);
#3701 = EDGE_CURVE('',#3702,#3704,#3706,.T.);
#3702 = VERTEX_POINT('',#3703);
#3703 = CARTESIAN_POINT('',(-0.8,0.,0.4));
#3704 = VERTEX_POINT('',#3705);
#3705 = CARTESIAN_POINT('',(-0.8,0.,0.6));
#3706 = LINE('',#3707,#3708);
#3707 = CARTESIAN_POINT('',(-0.8,0.,0.4));
#3708 = VECTOR('',#3709,1.);
#3709 = DIRECTION('',(0.,0.,1.));
#3710 = ORIENTED_EDGE('',*,*,#3711,.F.);
#3711 = EDGE_CURVE('',#3340,#3704,#3712,.T.);
#3712 = LINE('',#3713,#3714);
#3713 = CARTESIAN_POINT('',(-0.8,0.2,0.6));
#3714 = VECTOR('',#3715,1.);
#3715 = DIRECTION('',(-0.,-1.,-0.));
#3716 = ORIENTED_EDGE('',*,*,#3339,.F.);
#3717 = ORIENTED_EDGE('',*,*,#3718,.T.);
#3718 = EDGE_CURVE('',#3332,#3702,#3719,.T.);
#3719 = LINE('',#3720,#3721);
#3720 = CARTESIAN_POINT('',(-0.8,0.2,0.4));
#3721 = VECTOR('',#3722,1.);
#3722 = DIRECTION('',(-0.,-1.,-0.));
#3723 = PLANE('',#3724);
#3724 = AXIS2_PLACEMENT_3D('',#3725,#3726,#3727);
#3725 = CARTESIAN_POINT('',(-0.8,0.2,0.4));
#3726 = DIRECTION('',(1.,0.,0.));
#3727 = DIRECTION('',(0.,0.,-1.));
#3728 = ADVANCED_FACE('',(#3729),#3751,.F.);
#3729 = FACE_BOUND('',#3730,.T.);
#3730 = EDGE_LOOP('',(#3731,#3732,#3733,#3734,#3735,#3743,#3749,#3750));
#3731 = ORIENTED_EDGE('',*,*,#2939,.T.);
#3732 = ORIENTED_EDGE('',*,*,#2788,.T.);
#3733 = ORIENTED_EDGE('',*,*,#3347,.F.);
#3734 = ORIENTED_EDGE('',*,*,#3711,.T.);
#3735 = ORIENTED_EDGE('',*,*,#3736,.T.);
#3736 = EDGE_CURVE('',#3704,#3737,#3739,.T.);
#3737 = VERTEX_POINT('',#3738);
#3738 = CARTESIAN_POINT('',(-0.4,0.,0.6));
#3739 = LINE('',#3740,#3741);
#3740 = CARTESIAN_POINT('',(-0.8,0.,0.6));
#3741 = VECTOR('',#3742,1.);
#3742 = DIRECTION('',(1.,0.,0.));
#3743 = ORIENTED_EDGE('',*,*,#3744,.F.);
#3744 = EDGE_CURVE('',#3362,#3737,#3745,.T.);
#3745 = LINE('',#3746,#3747);
#3746 = CARTESIAN_POINT('',(-0.4,0.2,0.6));
#3747 = VECTOR('',#3748,1.);
#3748 = DIRECTION('',(-0.,-1.,-0.));
#3749 = ORIENTED_EDGE('',*,*,#3361,.F.);
#3750 = ORIENTED_EDGE('',*,*,#2868,.T.);
#3751 = PLANE('',#3752);
#3752 = AXIS2_PLACEMENT_3D('',#3753,#3754,#3755);
#3753 = CARTESIAN_POINT('',(-0.8,0.2,0.6));
#3754 = DIRECTION('',(0.,0.,-1.));
#3755 = DIRECTION('',(-1.,0.,-0.));
#3756 = ADVANCED_FACE('',(#3757),#3775,.F.);
#3757 = FACE_BOUND('',#3758,.T.);
#3758 = EDGE_LOOP('',(#3759,#3767,#3773,#3774));
#3759 = ORIENTED_EDGE('',*,*,#3760,.T.);
#3760 = EDGE_CURVE('',#3737,#3761,#3763,.T.);
#3761 = VERTEX_POINT('',#3762);
#3762 = CARTESIAN_POINT('',(-0.4,0.,0.4));
#3763 = LINE('',#3764,#3765);
#3764 = CARTESIAN_POINT('',(-0.4,0.,0.4));
#3765 = VECTOR('',#3766,1.);
#3766 = DIRECTION('',(-0.,-0.,-1.));
#3767 = ORIENTED_EDGE('',*,*,#3768,.F.);
#3768 = EDGE_CURVE('',#3370,#3761,#3769,.T.);
#3769 = LINE('',#3770,#3771);
#3770 = CARTESIAN_POINT('',(-0.4,0.2,0.4));
#3771 = VECTOR('',#3772,1.);
#3772 = DIRECTION('',(-0.,-1.,-0.));
#3773 = ORIENTED_EDGE('',*,*,#3369,.F.);
#3774 = ORIENTED_EDGE('',*,*,#3744,.T.);
#3775 = PLANE('',#3776);
#3776 = AXIS2_PLACEMENT_3D('',#3777,#3778,#3779);
#3777 = CARTESIAN_POINT('',(-0.4,0.2,0.4));
#3778 = DIRECTION('',(-1.,0.,0.));
#3779 = DIRECTION('',(0.,0.,1.));
#3780 = ADVANCED_FACE('',(#3781),#3796,.F.);
#3781 = FACE_BOUND('',#3782,.T.);
#3782 = EDGE_LOOP('',(#3783,#3784,#3785,#3786,#3787,#3788,#3789,#3795));
#3783 = ORIENTED_EDGE('',*,*,#3331,.F.);
#3784 = ORIENTED_EDGE('',*,*,#2828,.T.);
#3785 = ORIENTED_EDGE('',*,*,#2961,.T.);
#3786 = ORIENTED_EDGE('',*,*,#2908,.T.);
#3787 = ORIENTED_EDGE('',*,*,#3377,.F.);
#3788 = ORIENTED_EDGE('',*,*,#3768,.T.);
#3789 = ORIENTED_EDGE('',*,*,#3790,.T.);
#3790 = EDGE_CURVE('',#3761,#3702,#3791,.T.);
#3791 = LINE('',#3792,#3793);
#3792 = CARTESIAN_POINT('',(-0.8,0.,0.4));
#3793 = VECTOR('',#3794,1.);
#3794 = DIRECTION('',(-1.,-0.,2.710505431214E-16));
#3795 = ORIENTED_EDGE('',*,*,#3718,.F.);
#3796 = PLANE('',#3797);
#3797 = AXIS2_PLACEMENT_3D('',#3798,#3799,#3800);
#3798 = CARTESIAN_POINT('',(-0.8,0.2,0.4));
#3799 = DIRECTION('',(2.710505431214E-16,-0.,1.));
#3800 = DIRECTION('',(1.,0.,-2.710505431214E-16));
#3801 = ADVANCED_FACE('',(#3802),#3808,.F.);
#3802 = FACE_BOUND('',#3803,.T.);
#3803 = EDGE_LOOP('',(#3804,#3805,#3806,#3807));
#3804 = ORIENTED_EDGE('',*,*,#3701,.F.);
#3805 = ORIENTED_EDGE('',*,*,#3790,.F.);
#3806 = ORIENTED_EDGE('',*,*,#3760,.F.);
#3807 = ORIENTED_EDGE('',*,*,#3736,.F.);
#3808 = PLANE('',#3809);
#3809 = AXIS2_PLACEMENT_3D('',#3810,#3811,#3812);
#3810 = CARTESIAN_POINT('',(0.,0.,0.));
#3811 = DIRECTION('',(0.,1.,0.));
#3812 = DIRECTION('',(0.,-0.,1.));
#3813 = MANIFOLD_SOLID_BREP('',#3814);
#3814 = CLOSED_SHELL('',(#3815,#3855,#3895,#3935,#3975,#3997,#4019,#4059
    ,#4099,#4121,#4161,#4224,#4255,#4286,#4422,#4434,#4458,#4482,#4499,
    #4511,#4523,#4554,#4582,#4606,#4627,#4639,#4670,#4698,#4722,#4743));
#3815 = ADVANCED_FACE('',(#3816),#3850,.T.);
#3816 = FACE_BOUND('',#3817,.T.);
#3817 = EDGE_LOOP('',(#3818,#3828,#3836,#3844));
#3818 = ORIENTED_EDGE('',*,*,#3819,.F.);
#3819 = EDGE_CURVE('',#3820,#3822,#3824,.T.);
#3820 = VERTEX_POINT('',#3821);
#3821 = CARTESIAN_POINT('',(0.71,0.14,-0.4));
#3822 = VERTEX_POINT('',#3823);
#3823 = CARTESIAN_POINT('',(0.71,0.14,-0.1));
#3824 = LINE('',#3825,#3826);
#3825 = CARTESIAN_POINT('',(0.71,0.14,-0.8));
#3826 = VECTOR('',#3827,1.);
#3827 = DIRECTION('',(0.,0.,1.));
#3828 = ORIENTED_EDGE('',*,*,#3829,.F.);
#3829 = EDGE_CURVE('',#3830,#3820,#3832,.T.);
#3830 = VERTEX_POINT('',#3831);
#3831 = CARTESIAN_POINT('',(0.71,0.2,-0.4));
#3832 = LINE('',#3833,#3834);
#3833 = CARTESIAN_POINT('',(0.71,0.2,-0.4));
#3834 = VECTOR('',#3835,1.);
#3835 = DIRECTION('',(0.,-1.,0.));
#3836 = ORIENTED_EDGE('',*,*,#3837,.T.);
#3837 = EDGE_CURVE('',#3830,#3838,#3840,.T.);
#3838 = VERTEX_POINT('',#3839);
#3839 = CARTESIAN_POINT('',(0.71,0.2,-0.1));
#3840 = LINE('',#3841,#3842);
#3841 = CARTESIAN_POINT('',(0.71,0.2,-0.8));
#3842 = VECTOR('',#3843,1.);
#3843 = DIRECTION('',(0.,0.,1.));
#3844 = ORIENTED_EDGE('',*,*,#3845,.F.);
#3845 = EDGE_CURVE('',#3822,#3838,#3846,.T.);
#3846 = LINE('',#3847,#3848);
#3847 = CARTESIAN_POINT('',(0.71,0.2,-0.1));
#3848 = VECTOR('',#3849,1.);
#3849 = DIRECTION('',(-0.,1.,0.));
#3850 = PLANE('',#3851);
#3851 = AXIS2_PLACEMENT_3D('',#3852,#3853,#3854);
#3852 = CARTESIAN_POINT('',(0.71,0.2,-0.8));
#3853 = DIRECTION('',(1.,0.,-0.));
#3854 = DIRECTION('',(-0.,0.,-1.));
#3855 = ADVANCED_FACE('',(#3856),#3890,.T.);
#3856 = FACE_BOUND('',#3857,.T.);
#3857 = EDGE_LOOP('',(#3858,#3868,#3876,#3884));
#3858 = ORIENTED_EDGE('',*,*,#3859,.T.);
#3859 = EDGE_CURVE('',#3860,#3862,#3864,.T.);
#3860 = VERTEX_POINT('',#3861);
#3861 = CARTESIAN_POINT('',(0.71,0.2,-0.8));
#3862 = VERTEX_POINT('',#3863);
#3863 = CARTESIAN_POINT('',(0.71,0.2,-0.6));
#3864 = LINE('',#3865,#3866);
#3865 = CARTESIAN_POINT('',(0.71,0.2,-0.8));
#3866 = VECTOR('',#3867,1.);
#3867 = DIRECTION('',(0.,0.,1.));
#3868 = ORIENTED_EDGE('',*,*,#3869,.F.);
#3869 = EDGE_CURVE('',#3870,#3862,#3872,.T.);
#3870 = VERTEX_POINT('',#3871);
#3871 = CARTESIAN_POINT('',(0.71,0.14,-0.6));
#3872 = LINE('',#3873,#3874);
#3873 = CARTESIAN_POINT('',(0.71,0.2,-0.6));
#3874 = VECTOR('',#3875,1.);
#3875 = DIRECTION('',(0.,1.,0.));
#3876 = ORIENTED_EDGE('',*,*,#3877,.F.);
#3877 = EDGE_CURVE('',#3878,#3870,#3880,.T.);
#3878 = VERTEX_POINT('',#3879);
#3879 = CARTESIAN_POINT('',(0.71,0.14,-0.8));
#3880 = LINE('',#3881,#3882);
#3881 = CARTESIAN_POINT('',(0.71,0.14,-0.8));
#3882 = VECTOR('',#3883,1.);
#3883 = DIRECTION('',(0.,0.,1.));
#3884 = ORIENTED_EDGE('',*,*,#3885,.T.);
#3885 = EDGE_CURVE('',#3878,#3860,#3886,.T.);
#3886 = LINE('',#3887,#3888);
#3887 = CARTESIAN_POINT('',(0.71,0.2,-0.8));
#3888 = VECTOR('',#3889,1.);
#3889 = DIRECTION('',(-0.,1.,-0.));
#3890 = PLANE('',#3891);
#3891 = AXIS2_PLACEMENT_3D('',#3892,#3893,#3894);
#3892 = CARTESIAN_POINT('',(0.71,0.2,-0.8));
#3893 = DIRECTION('',(1.,0.,-0.));
#3894 = DIRECTION('',(-0.,0.,-1.));
#3895 = ADVANCED_FACE('',(#3896),#3930,.T.);
#3896 = FACE_BOUND('',#3897,.T.);
#3897 = EDGE_LOOP('',(#3898,#3908,#3916,#3924));
#3898 = ORIENTED_EDGE('',*,*,#3899,.F.);
#3899 = EDGE_CURVE('',#3900,#3902,#3904,.T.);
#3900 = VERTEX_POINT('',#3901);
#3901 = CARTESIAN_POINT('',(0.59,0.2,-0.4));
#3902 = VERTEX_POINT('',#3903);
#3903 = CARTESIAN_POINT('',(0.59,0.2,-1.E-01));
#3904 = LINE('',#3905,#3906);
#3905 = CARTESIAN_POINT('',(0.59,0.2,-0.8));
#3906 = VECTOR('',#3907,1.);
#3907 = DIRECTION('',(0.,0.,1.));
#3908 = ORIENTED_EDGE('',*,*,#3909,.F.);
#3909 = EDGE_CURVE('',#3910,#3900,#3912,.T.);
#3910 = VERTEX_POINT('',#3911);
#3911 = CARTESIAN_POINT('',(0.59,0.14,-0.4));
#3912 = LINE('',#3913,#3914);
#3913 = CARTESIAN_POINT('',(0.59,0.2,-0.4));
#3914 = VECTOR('',#3915,1.);
#3915 = DIRECTION('',(0.,1.,0.));
#3916 = ORIENTED_EDGE('',*,*,#3917,.T.);
#3917 = EDGE_CURVE('',#3910,#3918,#3920,.T.);
#3918 = VERTEX_POINT('',#3919);
#3919 = CARTESIAN_POINT('',(0.59,0.14,-0.1));
#3920 = LINE('',#3921,#3922);
#3921 = CARTESIAN_POINT('',(0.59,0.14,-0.8));
#3922 = VECTOR('',#3923,1.);
#3923 = DIRECTION('',(0.,0.,1.));
#3924 = ORIENTED_EDGE('',*,*,#3925,.F.);
#3925 = EDGE_CURVE('',#3902,#3918,#3926,.T.);
#3926 = LINE('',#3927,#3928);
#3927 = CARTESIAN_POINT('',(0.59,0.2,-1.E-01));
#3928 = VECTOR('',#3929,1.);
#3929 = DIRECTION('',(0.,-1.,0.));
#3930 = PLANE('',#3931);
#3931 = AXIS2_PLACEMENT_3D('',#3932,#3933,#3934);
#3932 = CARTESIAN_POINT('',(0.59,0.2,-0.8));
#3933 = DIRECTION('',(-1.,0.,0.));
#3934 = DIRECTION('',(0.,0.,1.));
#3935 = ADVANCED_FACE('',(#3936),#3970,.T.);
#3936 = FACE_BOUND('',#3937,.T.);
#3937 = EDGE_LOOP('',(#3938,#3948,#3956,#3964));
#3938 = ORIENTED_EDGE('',*,*,#3939,.T.);
#3939 = EDGE_CURVE('',#3940,#3942,#3944,.T.);
#3940 = VERTEX_POINT('',#3941);
#3941 = CARTESIAN_POINT('',(0.59,0.14,-0.8));
#3942 = VERTEX_POINT('',#3943);
#3943 = CARTESIAN_POINT('',(0.59,0.14,-0.6));
#3944 = LINE('',#3945,#3946);
#3945 = CARTESIAN_POINT('',(0.59,0.14,-0.8));
#3946 = VECTOR('',#3947,1.);
#3947 = DIRECTION('',(0.,0.,1.));
#3948 = ORIENTED_EDGE('',*,*,#3949,.F.);
#3949 = EDGE_CURVE('',#3950,#3942,#3952,.T.);
#3950 = VERTEX_POINT('',#3951);
#3951 = CARTESIAN_POINT('',(0.59,0.2,-0.6));
#3952 = LINE('',#3953,#3954);
#3953 = CARTESIAN_POINT('',(0.59,0.2,-0.6));
#3954 = VECTOR('',#3955,1.);
#3955 = DIRECTION('',(0.,-1.,0.));
#3956 = ORIENTED_EDGE('',*,*,#3957,.F.);
#3957 = EDGE_CURVE('',#3958,#3950,#3960,.T.);
#3958 = VERTEX_POINT('',#3959);
#3959 = CARTESIAN_POINT('',(0.59,0.2,-0.8));
#3960 = LINE('',#3961,#3962);
#3961 = CARTESIAN_POINT('',(0.59,0.2,-0.8));
#3962 = VECTOR('',#3963,1.);
#3963 = DIRECTION('',(0.,0.,1.));
#3964 = ORIENTED_EDGE('',*,*,#3965,.T.);
#3965 = EDGE_CURVE('',#3958,#3940,#3966,.T.);
#3966 = LINE('',#3967,#3968);
#3967 = CARTESIAN_POINT('',(0.59,0.2,-0.8));
#3968 = VECTOR('',#3969,1.);
#3969 = DIRECTION('',(0.,-1.,0.));
#3970 = PLANE('',#3971);
#3971 = AXIS2_PLACEMENT_3D('',#3972,#3973,#3974);
#3972 = CARTESIAN_POINT('',(0.59,0.2,-0.8));
#3973 = DIRECTION('',(-1.,0.,0.));
#3974 = DIRECTION('',(0.,0.,1.));
#3975 = ADVANCED_FACE('',(#3976),#3992,.T.);
#3976 = FACE_BOUND('',#3977,.T.);
#3977 = EDGE_LOOP('',(#3978,#3979,#3985,#3986));
#3978 = ORIENTED_EDGE('',*,*,#3917,.F.);
#3979 = ORIENTED_EDGE('',*,*,#3980,.F.);
#3980 = EDGE_CURVE('',#3820,#3910,#3981,.T.);
#3981 = LINE('',#3982,#3983);
#3982 = CARTESIAN_POINT('',(0.4,0.14,-0.4));
#3983 = VECTOR('',#3984,1.);
#3984 = DIRECTION('',(-1.,2.258754526011E-16,0.));
#3985 = ORIENTED_EDGE('',*,*,#3819,.T.);
#3986 = ORIENTED_EDGE('',*,*,#3987,.F.);
#3987 = EDGE_CURVE('',#3918,#3822,#3988,.T.);
#3988 = LINE('',#3989,#3990);
#3989 = CARTESIAN_POINT('',(0.4,0.14,-1.E-01));
#3990 = VECTOR('',#3991,1.);
#3991 = DIRECTION('',(1.,-2.258754526011E-16,-2.710505431214E-16));
#3992 = PLANE('',#3993);
#3993 = AXIS2_PLACEMENT_3D('',#3994,#3995,#3996);
#3994 = CARTESIAN_POINT('',(0.71,0.14,-0.8));
#3995 = DIRECTION('',(-2.258754526011E-16,-1.,0.));
#3996 = DIRECTION('',(1.,-2.258754526011E-16,0.));
#3997 = ADVANCED_FACE('',(#3998),#4014,.T.);
#3998 = FACE_BOUND('',#3999,.T.);
#3999 = EDGE_LOOP('',(#4000,#4001,#4007,#4008));
#4000 = ORIENTED_EDGE('',*,*,#3877,.T.);
#4001 = ORIENTED_EDGE('',*,*,#4002,.F.);
#4002 = EDGE_CURVE('',#3942,#3870,#4003,.T.);
#4003 = LINE('',#4004,#4005);
#4004 = CARTESIAN_POINT('',(0.4,0.14,-0.6));
#4005 = VECTOR('',#4006,1.);
#4006 = DIRECTION('',(1.,-2.258754526011E-16,0.));
#4007 = ORIENTED_EDGE('',*,*,#3939,.F.);
#4008 = ORIENTED_EDGE('',*,*,#4009,.T.);
#4009 = EDGE_CURVE('',#3940,#3878,#4010,.T.);
#4010 = LINE('',#4011,#4012);
#4011 = CARTESIAN_POINT('',(0.71,0.14,-0.8));
#4012 = VECTOR('',#4013,1.);
#4013 = DIRECTION('',(1.,-2.258754526011E-16,-0.));
#4014 = PLANE('',#4015);
#4015 = AXIS2_PLACEMENT_3D('',#4016,#4017,#4018);
#4016 = CARTESIAN_POINT('',(0.71,0.14,-0.8));
#4017 = DIRECTION('',(-2.258754526011E-16,-1.,0.));
#4018 = DIRECTION('',(1.,-2.258754526011E-16,0.));
#4019 = ADVANCED_FACE('',(#4020),#4054,.T.);
#4020 = FACE_BOUND('',#4021,.T.);
#4021 = EDGE_LOOP('',(#4022,#4032,#4040,#4048));
#4022 = ORIENTED_EDGE('',*,*,#4023,.F.);
#4023 = EDGE_CURVE('',#4024,#4026,#4028,.T.);
#4024 = VERTEX_POINT('',#4025);
#4025 = CARTESIAN_POINT('',(0.71,0.14,0.1));
#4026 = VERTEX_POINT('',#4027);
#4027 = CARTESIAN_POINT('',(0.71,0.14,0.4));
#4028 = LINE('',#4029,#4030);
#4029 = CARTESIAN_POINT('',(0.71,0.14,-0.8));
#4030 = VECTOR('',#4031,1.);
#4031 = DIRECTION('',(0.,0.,1.));
#4032 = ORIENTED_EDGE('',*,*,#4033,.F.);
#4033 = EDGE_CURVE('',#4034,#4024,#4036,.T.);
#4034 = VERTEX_POINT('',#4035);
#4035 = CARTESIAN_POINT('',(0.71,0.2,0.1));
#4036 = LINE('',#4037,#4038);
#4037 = CARTESIAN_POINT('',(0.71,0.2,0.1));
#4038 = VECTOR('',#4039,1.);
#4039 = DIRECTION('',(0.,-1.,0.));
#4040 = ORIENTED_EDGE('',*,*,#4041,.T.);
#4041 = EDGE_CURVE('',#4034,#4042,#4044,.T.);
#4042 = VERTEX_POINT('',#4043);
#4043 = CARTESIAN_POINT('',(0.71,0.2,0.4));
#4044 = LINE('',#4045,#4046);
#4045 = CARTESIAN_POINT('',(0.71,0.2,-0.8));
#4046 = VECTOR('',#4047,1.);
#4047 = DIRECTION('',(0.,0.,1.));
#4048 = ORIENTED_EDGE('',*,*,#4049,.F.);
#4049 = EDGE_CURVE('',#4026,#4042,#4050,.T.);
#4050 = LINE('',#4051,#4052);
#4051 = CARTESIAN_POINT('',(0.71,0.2,0.4));
#4052 = VECTOR('',#4053,1.);
#4053 = DIRECTION('',(-0.,1.,0.));
#4054 = PLANE('',#4055);
#4055 = AXIS2_PLACEMENT_3D('',#4056,#4057,#4058);
#4056 = CARTESIAN_POINT('',(0.71,0.2,-0.8));
#4057 = DIRECTION('',(1.,0.,-0.));
#4058 = DIRECTION('',(-0.,0.,-1.));
#4059 = ADVANCED_FACE('',(#4060),#4094,.T.);
#4060 = FACE_BOUND('',#4061,.T.);
#4061 = EDGE_LOOP('',(#4062,#4072,#4080,#4088));
#4062 = ORIENTED_EDGE('',*,*,#4063,.F.);
#4063 = EDGE_CURVE('',#4064,#4066,#4068,.T.);
#4064 = VERTEX_POINT('',#4065);
#4065 = CARTESIAN_POINT('',(0.59,0.2,0.1));
#4066 = VERTEX_POINT('',#4067);
#4067 = CARTESIAN_POINT('',(0.59,0.2,0.4));
#4068 = LINE('',#4069,#4070);
#4069 = CARTESIAN_POINT('',(0.59,0.2,-0.8));
#4070 = VECTOR('',#4071,1.);
#4071 = DIRECTION('',(0.,0.,1.));
#4072 = ORIENTED_EDGE('',*,*,#4073,.F.);
#4073 = EDGE_CURVE('',#4074,#4064,#4076,.T.);
#4074 = VERTEX_POINT('',#4075);
#4075 = CARTESIAN_POINT('',(0.59,0.14,0.1));
#4076 = LINE('',#4077,#4078);
#4077 = CARTESIAN_POINT('',(0.59,0.2,0.1));
#4078 = VECTOR('',#4079,1.);
#4079 = DIRECTION('',(0.,1.,0.));
#4080 = ORIENTED_EDGE('',*,*,#4081,.T.);
#4081 = EDGE_CURVE('',#4074,#4082,#4084,.T.);
#4082 = VERTEX_POINT('',#4083);
#4083 = CARTESIAN_POINT('',(0.59,0.14,0.4));
#4084 = LINE('',#4085,#4086);
#4085 = CARTESIAN_POINT('',(0.59,0.14,-0.8));
#4086 = VECTOR('',#4087,1.);
#4087 = DIRECTION('',(0.,0.,1.));
#4088 = ORIENTED_EDGE('',*,*,#4089,.F.);
#4089 = EDGE_CURVE('',#4066,#4082,#4090,.T.);
#4090 = LINE('',#4091,#4092);
#4091 = CARTESIAN_POINT('',(0.59,0.2,0.4));
#4092 = VECTOR('',#4093,1.);
#4093 = DIRECTION('',(0.,-1.,0.));
#4094 = PLANE('',#4095);
#4095 = AXIS2_PLACEMENT_3D('',#4096,#4097,#4098);
#4096 = CARTESIAN_POINT('',(0.59,0.2,-0.8));
#4097 = DIRECTION('',(-1.,0.,0.));
#4098 = DIRECTION('',(0.,0.,1.));
#4099 = ADVANCED_FACE('',(#4100),#4116,.T.);
#4100 = FACE_BOUND('',#4101,.T.);
#4101 = EDGE_LOOP('',(#4102,#4103,#4109,#4110));
#4102 = ORIENTED_EDGE('',*,*,#4081,.F.);
#4103 = ORIENTED_EDGE('',*,*,#4104,.F.);
#4104 = EDGE_CURVE('',#4024,#4074,#4105,.T.);
#4105 = LINE('',#4106,#4107);
#4106 = CARTESIAN_POINT('',(0.4,0.14,1.E-01));
#4107 = VECTOR('',#4108,1.);
#4108 = DIRECTION('',(-1.,2.258754526011E-16,-1.355252715607E-16));
#4109 = ORIENTED_EDGE('',*,*,#4023,.T.);
#4110 = ORIENTED_EDGE('',*,*,#4111,.F.);
#4111 = EDGE_CURVE('',#4082,#4026,#4112,.T.);
#4112 = LINE('',#4113,#4114);
#4113 = CARTESIAN_POINT('',(0.4,0.14,0.4));
#4114 = VECTOR('',#4115,1.);
#4115 = DIRECTION('',(1.,-2.258754526011E-16,-2.710505431214E-16));
#4116 = PLANE('',#4117);
#4117 = AXIS2_PLACEMENT_3D('',#4118,#4119,#4120);
#4118 = CARTESIAN_POINT('',(0.71,0.14,-0.8));
#4119 = DIRECTION('',(-2.258754526011E-16,-1.,0.));
#4120 = DIRECTION('',(1.,-2.258754526011E-16,0.));
#4121 = ADVANCED_FACE('',(#4122),#4156,.F.);
#4122 = FACE_BOUND('',#4123,.T.);
#4123 = EDGE_LOOP('',(#4124,#4134,#4142,#4150));
#4124 = ORIENTED_EDGE('',*,*,#4125,.T.);
#4125 = EDGE_CURVE('',#4126,#4128,#4130,.T.);
#4126 = VERTEX_POINT('',#4127);
#4127 = CARTESIAN_POINT('',(0.4,0.,0.4));
#4128 = VERTEX_POINT('',#4129);
#4129 = CARTESIAN_POINT('',(0.4,0.,0.6));
#4130 = LINE('',#4131,#4132);
#4131 = CARTESIAN_POINT('',(0.4,0.,0.4));
#4132 = VECTOR('',#4133,1.);
#4133 = DIRECTION('',(0.,0.,1.));
#4134 = ORIENTED_EDGE('',*,*,#4135,.F.);
#4135 = EDGE_CURVE('',#4136,#4128,#4138,.T.);
#4136 = VERTEX_POINT('',#4137);
#4137 = CARTESIAN_POINT('',(0.4,0.2,0.6));
#4138 = LINE('',#4139,#4140);
#4139 = CARTESIAN_POINT('',(0.4,0.2,0.6));
#4140 = VECTOR('',#4141,1.);
#4141 = DIRECTION('',(-0.,-1.,-0.));
#4142 = ORIENTED_EDGE('',*,*,#4143,.F.);
#4143 = EDGE_CURVE('',#4144,#4136,#4146,.T.);
#4144 = VERTEX_POINT('',#4145);
#4145 = CARTESIAN_POINT('',(0.4,0.2,0.4));
#4146 = LINE('',#4147,#4148);
#4147 = CARTESIAN_POINT('',(0.4,0.2,0.4));
#4148 = VECTOR('',#4149,1.);
#4149 = DIRECTION('',(0.,0.,1.));
#4150 = ORIENTED_EDGE('',*,*,#4151,.T.);
#4151 = EDGE_CURVE('',#4144,#4126,#4152,.T.);
#4152 = LINE('',#4153,#4154);
#4153 = CARTESIAN_POINT('',(0.4,0.2,0.4));
#4154 = VECTOR('',#4155,1.);
#4155 = DIRECTION('',(-0.,-1.,-0.));
#4156 = PLANE('',#4157);
#4157 = AXIS2_PLACEMENT_3D('',#4158,#4159,#4160);
#4158 = CARTESIAN_POINT('',(0.4,0.2,0.4));
#4159 = DIRECTION('',(1.,0.,0.));
#4160 = DIRECTION('',(0.,0.,-1.));
#4161 = ADVANCED_FACE('',(#4162),#4219,.F.);
#4162 = FACE_BOUND('',#4163,.T.);
#4163 = EDGE_LOOP('',(#4164,#4174,#4182,#4190,#4198,#4204,#4205,#4213));
#4164 = ORIENTED_EDGE('',*,*,#4165,.F.);
#4165 = EDGE_CURVE('',#4166,#4168,#4170,.T.);
#4166 = VERTEX_POINT('',#4167);
#4167 = CARTESIAN_POINT('',(0.71,0.2,0.6));
#4168 = VERTEX_POINT('',#4169);
#4169 = CARTESIAN_POINT('',(0.8,0.2,0.6));
#4170 = LINE('',#4171,#4172);
#4171 = CARTESIAN_POINT('',(0.4,0.2,0.6));
#4172 = VECTOR('',#4173,1.);
#4173 = DIRECTION('',(1.,0.,0.));
#4174 = ORIENTED_EDGE('',*,*,#4175,.T.);
#4175 = EDGE_CURVE('',#4166,#4176,#4178,.T.);
#4176 = VERTEX_POINT('',#4177);
#4177 = CARTESIAN_POINT('',(0.71,0.14,0.6));
#4178 = LINE('',#4179,#4180);
#4179 = CARTESIAN_POINT('',(0.71,0.2,0.6));
#4180 = VECTOR('',#4181,1.);
#4181 = DIRECTION('',(0.,-1.,0.));
#4182 = ORIENTED_EDGE('',*,*,#4183,.T.);
#4183 = EDGE_CURVE('',#4176,#4184,#4186,.T.);
#4184 = VERTEX_POINT('',#4185);
#4185 = CARTESIAN_POINT('',(0.59,0.14,0.6));
#4186 = LINE('',#4187,#4188);
#4187 = CARTESIAN_POINT('',(0.4,0.14,0.6));
#4188 = VECTOR('',#4189,1.);
#4189 = DIRECTION('',(-1.,2.258754526011E-16,0.));
#4190 = ORIENTED_EDGE('',*,*,#4191,.T.);
#4191 = EDGE_CURVE('',#4184,#4192,#4194,.T.);
#4192 = VERTEX_POINT('',#4193);
#4193 = CARTESIAN_POINT('',(0.59,0.2,0.6));
#4194 = LINE('',#4195,#4196);
#4195 = CARTESIAN_POINT('',(0.59,0.2,0.6));
#4196 = VECTOR('',#4197,1.);
#4197 = DIRECTION('',(0.,1.,0.));
#4198 = ORIENTED_EDGE('',*,*,#4199,.F.);
#4199 = EDGE_CURVE('',#4136,#4192,#4200,.T.);
#4200 = LINE('',#4201,#4202);
#4201 = CARTESIAN_POINT('',(0.4,0.2,0.6));
#4202 = VECTOR('',#4203,1.);
#4203 = DIRECTION('',(1.,0.,0.));
#4204 = ORIENTED_EDGE('',*,*,#4135,.T.);
#4205 = ORIENTED_EDGE('',*,*,#4206,.T.);
#4206 = EDGE_CURVE('',#4128,#4207,#4209,.T.);
#4207 = VERTEX_POINT('',#4208);
#4208 = CARTESIAN_POINT('',(0.8,0.,0.6));
#4209 = LINE('',#4210,#4211);
#4210 = CARTESIAN_POINT('',(0.4,0.,0.6));
#4211 = VECTOR('',#4212,1.);
#4212 = DIRECTION('',(1.,0.,0.));
#4213 = ORIENTED_EDGE('',*,*,#4214,.F.);
#4214 = EDGE_CURVE('',#4168,#4207,#4215,.T.);
#4215 = LINE('',#4216,#4217);
#4216 = CARTESIAN_POINT('',(0.8,0.2,0.6));
#4217 = VECTOR('',#4218,1.);
#4218 = DIRECTION('',(-0.,-1.,-0.));
#4219 = PLANE('',#4220);
#4220 = AXIS2_PLACEMENT_3D('',#4221,#4222,#4223);
#4221 = CARTESIAN_POINT('',(0.4,0.2,0.6));
#4222 = DIRECTION('',(0.,0.,-1.));
#4223 = DIRECTION('',(-1.,0.,-0.));
#4224 = ADVANCED_FACE('',(#4225),#4250,.F.);
#4225 = FACE_BOUND('',#4226,.T.);
#4226 = EDGE_LOOP('',(#4227,#4235,#4243,#4249));
#4227 = ORIENTED_EDGE('',*,*,#4228,.T.);
#4228 = EDGE_CURVE('',#4207,#4229,#4231,.T.);
#4229 = VERTEX_POINT('',#4230);
#4230 = CARTESIAN_POINT('',(0.8,0.,0.4));
#4231 = LINE('',#4232,#4233);
#4232 = CARTESIAN_POINT('',(0.8,0.,0.4));
#4233 = VECTOR('',#4234,1.);
#4234 = DIRECTION('',(-0.,-0.,-1.));
#4235 = ORIENTED_EDGE('',*,*,#4236,.F.);
#4236 = EDGE_CURVE('',#4237,#4229,#4239,.T.);
#4237 = VERTEX_POINT('',#4238);
#4238 = CARTESIAN_POINT('',(0.8,0.2,0.4));
#4239 = LINE('',#4240,#4241);
#4240 = CARTESIAN_POINT('',(0.8,0.2,0.4));
#4241 = VECTOR('',#4242,1.);
#4242 = DIRECTION('',(-0.,-1.,-0.));
#4243 = ORIENTED_EDGE('',*,*,#4244,.F.);
#4244 = EDGE_CURVE('',#4168,#4237,#4245,.T.);
#4245 = LINE('',#4246,#4247);
#4246 = CARTESIAN_POINT('',(0.8,0.2,0.4));
#4247 = VECTOR('',#4248,1.);
#4248 = DIRECTION('',(-0.,-0.,-1.));
#4249 = ORIENTED_EDGE('',*,*,#4214,.T.);
#4250 = PLANE('',#4251);
#4251 = AXIS2_PLACEMENT_3D('',#4252,#4253,#4254);
#4252 = CARTESIAN_POINT('',(0.8,0.2,0.4));
#4253 = DIRECTION('',(-1.,0.,0.));
#4254 = DIRECTION('',(0.,0.,1.));
#4255 = ADVANCED_FACE('',(#4256),#4281,.F.);
#4256 = FACE_BOUND('',#4257,.T.);
#4257 = EDGE_LOOP('',(#4258,#4259,#4260,#4266,#4267,#4273,#4274,#4280));
#4258 = ORIENTED_EDGE('',*,*,#4111,.T.);
#4259 = ORIENTED_EDGE('',*,*,#4049,.T.);
#4260 = ORIENTED_EDGE('',*,*,#4261,.F.);
#4261 = EDGE_CURVE('',#4237,#4042,#4262,.T.);
#4262 = LINE('',#4263,#4264);
#4263 = CARTESIAN_POINT('',(0.4,0.2,0.4));
#4264 = VECTOR('',#4265,1.);
#4265 = DIRECTION('',(-1.,-0.,2.710505431214E-16));
#4266 = ORIENTED_EDGE('',*,*,#4236,.T.);
#4267 = ORIENTED_EDGE('',*,*,#4268,.T.);
#4268 = EDGE_CURVE('',#4229,#4126,#4269,.T.);
#4269 = LINE('',#4270,#4271);
#4270 = CARTESIAN_POINT('',(0.4,0.,0.4));
#4271 = VECTOR('',#4272,1.);
#4272 = DIRECTION('',(-1.,-0.,2.710505431214E-16));
#4273 = ORIENTED_EDGE('',*,*,#4151,.F.);
#4274 = ORIENTED_EDGE('',*,*,#4275,.F.);
#4275 = EDGE_CURVE('',#4066,#4144,#4276,.T.);
#4276 = LINE('',#4277,#4278);
#4277 = CARTESIAN_POINT('',(0.4,0.2,0.4));
#4278 = VECTOR('',#4279,1.);
#4279 = DIRECTION('',(-1.,-0.,2.710505431214E-16));
#4280 = ORIENTED_EDGE('',*,*,#4089,.T.);
#4281 = PLANE('',#4282);
#4282 = AXIS2_PLACEMENT_3D('',#4283,#4284,#4285);
#4283 = CARTESIAN_POINT('',(0.4,0.2,0.4));
#4284 = DIRECTION('',(2.710505431214E-16,-0.,1.));
#4285 = DIRECTION('',(1.,0.,-2.710505431214E-16));
#4286 = ADVANCED_FACE('',(#4287),#4417,.T.);
#4287 = FACE_BOUND('',#4288,.T.);
#4288 = EDGE_LOOP('',(#4289,#4290,#4298,#4306,#4312,#4313,#4314,#4315,
    #4316,#4324,#4332,#4338,#4339,#4347,#4355,#4361,#4362,#4368,#4369,
    #4377,#4385,#4391,#4392,#4400,#4408,#4414,#4415,#4416));
#4289 = ORIENTED_EDGE('',*,*,#4199,.T.);
#4290 = ORIENTED_EDGE('',*,*,#4291,.T.);
#4291 = EDGE_CURVE('',#4192,#4292,#4294,.T.);
#4292 = VERTEX_POINT('',#4293);
#4293 = CARTESIAN_POINT('',(0.59,0.2,0.8));
#4294 = LINE('',#4295,#4296);
#4295 = CARTESIAN_POINT('',(0.59,0.2,-0.8));
#4296 = VECTOR('',#4297,1.);
#4297 = DIRECTION('',(0.,0.,1.));
#4298 = ORIENTED_EDGE('',*,*,#4299,.F.);
#4299 = EDGE_CURVE('',#4300,#4292,#4302,.T.);
#4300 = VERTEX_POINT('',#4301);
#4301 = CARTESIAN_POINT('',(0.71,0.2,0.8));
#4302 = LINE('',#4303,#4304);
#4303 = CARTESIAN_POINT('',(0.71,0.2,0.8));
#4304 = VECTOR('',#4305,1.);
#4305 = DIRECTION('',(-1.,2.258754526011E-16,0.));
#4306 = ORIENTED_EDGE('',*,*,#4307,.F.);
#4307 = EDGE_CURVE('',#4166,#4300,#4308,.T.);
#4308 = LINE('',#4309,#4310);
#4309 = CARTESIAN_POINT('',(0.71,0.2,-0.8));
#4310 = VECTOR('',#4311,1.);
#4311 = DIRECTION('',(0.,0.,1.));
#4312 = ORIENTED_EDGE('',*,*,#4165,.T.);
#4313 = ORIENTED_EDGE('',*,*,#4244,.T.);
#4314 = ORIENTED_EDGE('',*,*,#4261,.T.);
#4315 = ORIENTED_EDGE('',*,*,#4041,.F.);
#4316 = ORIENTED_EDGE('',*,*,#4317,.T.);
#4317 = EDGE_CURVE('',#4034,#4318,#4320,.T.);
#4318 = VERTEX_POINT('',#4319);
#4319 = CARTESIAN_POINT('',(0.8,0.2,0.1));
#4320 = LINE('',#4321,#4322);
#4321 = CARTESIAN_POINT('',(0.4,0.2,1.E-01));
#4322 = VECTOR('',#4323,1.);
#4323 = DIRECTION('',(1.,0.,1.355252715607E-16));
#4324 = ORIENTED_EDGE('',*,*,#4325,.T.);
#4325 = EDGE_CURVE('',#4318,#4326,#4328,.T.);
#4326 = VERTEX_POINT('',#4327);
#4327 = CARTESIAN_POINT('',(0.8,0.2,-0.1));
#4328 = LINE('',#4329,#4330);
#4329 = CARTESIAN_POINT('',(0.8,0.2,-0.1));
#4330 = VECTOR('',#4331,1.);
#4331 = DIRECTION('',(-0.,-0.,-1.));
#4332 = ORIENTED_EDGE('',*,*,#4333,.T.);
#4333 = EDGE_CURVE('',#4326,#3838,#4334,.T.);
#4334 = LINE('',#4335,#4336);
#4335 = CARTESIAN_POINT('',(0.4,0.2,-1.E-01));
#4336 = VECTOR('',#4337,1.);
#4337 = DIRECTION('',(-1.,-0.,2.710505431214E-16));
#4338 = ORIENTED_EDGE('',*,*,#3837,.F.);
#4339 = ORIENTED_EDGE('',*,*,#4340,.T.);
#4340 = EDGE_CURVE('',#3830,#4341,#4343,.T.);
#4341 = VERTEX_POINT('',#4342);
#4342 = CARTESIAN_POINT('',(0.8,0.2,-0.4));
#4343 = LINE('',#4344,#4345);
#4344 = CARTESIAN_POINT('',(0.4,0.2,-0.4));
#4345 = VECTOR('',#4346,1.);
#4346 = DIRECTION('',(1.,0.,0.));
#4347 = ORIENTED_EDGE('',*,*,#4348,.T.);
#4348 = EDGE_CURVE('',#4341,#4349,#4351,.T.);
#4349 = VERTEX_POINT('',#4350);
#4350 = CARTESIAN_POINT('',(0.8,0.2,-0.6));
#4351 = LINE('',#4352,#4353);
#4352 = CARTESIAN_POINT('',(0.8,0.2,-0.6));
#4353 = VECTOR('',#4354,1.);
#4354 = DIRECTION('',(-0.,-0.,-1.));
#4355 = ORIENTED_EDGE('',*,*,#4356,.T.);
#4356 = EDGE_CURVE('',#4349,#3862,#4357,.T.);
#4357 = LINE('',#4358,#4359);
#4358 = CARTESIAN_POINT('',(0.4,0.2,-0.6));
#4359 = VECTOR('',#4360,1.);
#4360 = DIRECTION('',(-1.,-0.,-0.));
#4361 = ORIENTED_EDGE('',*,*,#3859,.F.);
#4362 = ORIENTED_EDGE('',*,*,#4363,.T.);
#4363 = EDGE_CURVE('',#3860,#3958,#4364,.T.);
#4364 = LINE('',#4365,#4366);
#4365 = CARTESIAN_POINT('',(0.71,0.2,-0.8));
#4366 = VECTOR('',#4367,1.);
#4367 = DIRECTION('',(-1.,2.258754526011E-16,0.));
#4368 = ORIENTED_EDGE('',*,*,#3957,.T.);
#4369 = ORIENTED_EDGE('',*,*,#4370,.T.);
#4370 = EDGE_CURVE('',#3950,#4371,#4373,.T.);
#4371 = VERTEX_POINT('',#4372);
#4372 = CARTESIAN_POINT('',(0.4,0.2,-0.6));
#4373 = LINE('',#4374,#4375);
#4374 = CARTESIAN_POINT('',(0.4,0.2,-0.6));
#4375 = VECTOR('',#4376,1.);
#4376 = DIRECTION('',(-1.,-0.,-0.));
#4377 = ORIENTED_EDGE('',*,*,#4378,.T.);
#4378 = EDGE_CURVE('',#4371,#4379,#4381,.T.);
#4379 = VERTEX_POINT('',#4380);
#4380 = CARTESIAN_POINT('',(0.4,0.2,-0.4));
#4381 = LINE('',#4382,#4383);
#4382 = CARTESIAN_POINT('',(0.4,0.2,-0.6));
#4383 = VECTOR('',#4384,1.);
#4384 = DIRECTION('',(0.,0.,1.));
#4385 = ORIENTED_EDGE('',*,*,#4386,.T.);
#4386 = EDGE_CURVE('',#4379,#3900,#4387,.T.);
#4387 = LINE('',#4388,#4389);
#4388 = CARTESIAN_POINT('',(0.4,0.2,-0.4));
#4389 = VECTOR('',#4390,1.);
#4390 = DIRECTION('',(1.,0.,0.));
#4391 = ORIENTED_EDGE('',*,*,#3899,.T.);
#4392 = ORIENTED_EDGE('',*,*,#4393,.T.);
#4393 = EDGE_CURVE('',#3902,#4394,#4396,.T.);
#4394 = VERTEX_POINT('',#4395);
#4395 = CARTESIAN_POINT('',(0.4,0.2,-1.E-01));
#4396 = LINE('',#4397,#4398);
#4397 = CARTESIAN_POINT('',(0.4,0.2,-1.E-01));
#4398 = VECTOR('',#4399,1.);
#4399 = DIRECTION('',(-1.,-0.,2.710505431214E-16));
#4400 = ORIENTED_EDGE('',*,*,#4401,.T.);
#4401 = EDGE_CURVE('',#4394,#4402,#4404,.T.);
#4402 = VERTEX_POINT('',#4403);
#4403 = CARTESIAN_POINT('',(0.4,0.2,1.E-01));
#4404 = LINE('',#4405,#4406);
#4405 = CARTESIAN_POINT('',(0.4,0.2,-1.E-01));
#4406 = VECTOR('',#4407,1.);
#4407 = DIRECTION('',(0.,0.,1.));
#4408 = ORIENTED_EDGE('',*,*,#4409,.T.);
#4409 = EDGE_CURVE('',#4402,#4064,#4410,.T.);
#4410 = LINE('',#4411,#4412);
#4411 = CARTESIAN_POINT('',(0.4,0.2,1.E-01));
#4412 = VECTOR('',#4413,1.);
#4413 = DIRECTION('',(1.,0.,1.355252715607E-16));
#4414 = ORIENTED_EDGE('',*,*,#4063,.T.);
#4415 = ORIENTED_EDGE('',*,*,#4275,.T.);
#4416 = ORIENTED_EDGE('',*,*,#4143,.T.);
#4417 = PLANE('',#4418);
#4418 = AXIS2_PLACEMENT_3D('',#4419,#4420,#4421);
#4419 = CARTESIAN_POINT('',(0.,0.2,0.));
#4420 = DIRECTION('',(0.,1.,0.));
#4421 = DIRECTION('',(0.,-0.,1.));
#4422 = ADVANCED_FACE('',(#4423),#4429,.F.);
#4423 = FACE_BOUND('',#4424,.T.);
#4424 = EDGE_LOOP('',(#4425,#4426,#4427,#4428));
#4425 = ORIENTED_EDGE('',*,*,#4125,.F.);
#4426 = ORIENTED_EDGE('',*,*,#4268,.F.);
#4427 = ORIENTED_EDGE('',*,*,#4228,.F.);
#4428 = ORIENTED_EDGE('',*,*,#4206,.F.);
#4429 = PLANE('',#4430);
#4430 = AXIS2_PLACEMENT_3D('',#4431,#4432,#4433);
#4431 = CARTESIAN_POINT('',(0.,0.,0.));
#4432 = DIRECTION('',(0.,1.,0.));
#4433 = DIRECTION('',(0.,-0.,1.));
#4434 = ADVANCED_FACE('',(#4435),#4453,.T.);
#4435 = FACE_BOUND('',#4436,.T.);
#4436 = EDGE_LOOP('',(#4437,#4438,#4439,#4447));
#4437 = ORIENTED_EDGE('',*,*,#4175,.F.);
#4438 = ORIENTED_EDGE('',*,*,#4307,.T.);
#4439 = ORIENTED_EDGE('',*,*,#4440,.F.);
#4440 = EDGE_CURVE('',#4441,#4300,#4443,.T.);
#4441 = VERTEX_POINT('',#4442);
#4442 = CARTESIAN_POINT('',(0.71,0.14,0.8));
#4443 = LINE('',#4444,#4445);
#4444 = CARTESIAN_POINT('',(0.71,0.2,0.8));
#4445 = VECTOR('',#4446,1.);
#4446 = DIRECTION('',(-0.,1.,-0.));
#4447 = ORIENTED_EDGE('',*,*,#4448,.F.);
#4448 = EDGE_CURVE('',#4176,#4441,#4449,.T.);
#4449 = LINE('',#4450,#4451);
#4450 = CARTESIAN_POINT('',(0.71,0.14,-0.8));
#4451 = VECTOR('',#4452,1.);
#4452 = DIRECTION('',(0.,0.,1.));
#4453 = PLANE('',#4454);
#4454 = AXIS2_PLACEMENT_3D('',#4455,#4456,#4457);
#4455 = CARTESIAN_POINT('',(0.71,0.2,-0.8));
#4456 = DIRECTION('',(1.,0.,-0.));
#4457 = DIRECTION('',(-0.,0.,-1.));
#4458 = ADVANCED_FACE('',(#4459),#4477,.T.);
#4459 = FACE_BOUND('',#4460,.T.);
#4460 = EDGE_LOOP('',(#4461,#4462,#4470,#4476));
#4461 = ORIENTED_EDGE('',*,*,#4191,.F.);
#4462 = ORIENTED_EDGE('',*,*,#4463,.T.);
#4463 = EDGE_CURVE('',#4184,#4464,#4466,.T.);
#4464 = VERTEX_POINT('',#4465);
#4465 = CARTESIAN_POINT('',(0.59,0.14,0.8));
#4466 = LINE('',#4467,#4468);
#4467 = CARTESIAN_POINT('',(0.59,0.14,-0.8));
#4468 = VECTOR('',#4469,1.);
#4469 = DIRECTION('',(0.,0.,1.));
#4470 = ORIENTED_EDGE('',*,*,#4471,.F.);
#4471 = EDGE_CURVE('',#4292,#4464,#4472,.T.);
#4472 = LINE('',#4473,#4474);
#4473 = CARTESIAN_POINT('',(0.59,0.2,0.8));
#4474 = VECTOR('',#4475,1.);
#4475 = DIRECTION('',(0.,-1.,0.));
#4476 = ORIENTED_EDGE('',*,*,#4291,.F.);
#4477 = PLANE('',#4478);
#4478 = AXIS2_PLACEMENT_3D('',#4479,#4480,#4481);
#4479 = CARTESIAN_POINT('',(0.59,0.2,-0.8));
#4480 = DIRECTION('',(-1.,0.,0.));
#4481 = DIRECTION('',(0.,0.,1.));
#4482 = ADVANCED_FACE('',(#4483),#4494,.T.);
#4483 = FACE_BOUND('',#4484,.T.);
#4484 = EDGE_LOOP('',(#4485,#4486,#4487,#4493));
#4485 = ORIENTED_EDGE('',*,*,#4183,.F.);
#4486 = ORIENTED_EDGE('',*,*,#4448,.T.);
#4487 = ORIENTED_EDGE('',*,*,#4488,.F.);
#4488 = EDGE_CURVE('',#4464,#4441,#4489,.T.);
#4489 = LINE('',#4490,#4491);
#4490 = CARTESIAN_POINT('',(0.71,0.14,0.8));
#4491 = VECTOR('',#4492,1.);
#4492 = DIRECTION('',(1.,-2.258754526011E-16,-0.));
#4493 = ORIENTED_EDGE('',*,*,#4463,.F.);
#4494 = PLANE('',#4495);
#4495 = AXIS2_PLACEMENT_3D('',#4496,#4497,#4498);
#4496 = CARTESIAN_POINT('',(0.71,0.14,-0.8));
#4497 = DIRECTION('',(-2.258754526011E-16,-1.,0.));
#4498 = DIRECTION('',(1.,-2.258754526011E-16,0.));
#4499 = ADVANCED_FACE('',(#4500),#4506,.F.);
#4500 = FACE_BOUND('',#4501,.T.);
#4501 = EDGE_LOOP('',(#4502,#4503,#4504,#4505));
#4502 = ORIENTED_EDGE('',*,*,#4363,.F.);
#4503 = ORIENTED_EDGE('',*,*,#3885,.F.);
#4504 = ORIENTED_EDGE('',*,*,#4009,.F.);
#4505 = ORIENTED_EDGE('',*,*,#3965,.F.);
#4506 = PLANE('',#4507);
#4507 = AXIS2_PLACEMENT_3D('',#4508,#4509,#4510);
#4508 = CARTESIAN_POINT('',(0.,0.,-0.8));
#4509 = DIRECTION('',(0.,0.,1.));
#4510 = DIRECTION('',(1.,0.,-0.));
#4511 = ADVANCED_FACE('',(#4512),#4518,.T.);
#4512 = FACE_BOUND('',#4513,.T.);
#4513 = EDGE_LOOP('',(#4514,#4515,#4516,#4517));
#4514 = ORIENTED_EDGE('',*,*,#4299,.T.);
#4515 = ORIENTED_EDGE('',*,*,#4471,.T.);
#4516 = ORIENTED_EDGE('',*,*,#4488,.T.);
#4517 = ORIENTED_EDGE('',*,*,#4440,.T.);
#4518 = PLANE('',#4519);
#4519 = AXIS2_PLACEMENT_3D('',#4520,#4521,#4522);
#4520 = CARTESIAN_POINT('',(0.,0.,0.8));
#4521 = DIRECTION('',(0.,0.,1.));
#4522 = DIRECTION('',(1.,0.,-0.));
#4523 = ADVANCED_FACE('',(#4524),#4549,.F.);
#4524 = FACE_BOUND('',#4525,.T.);
#4525 = EDGE_LOOP('',(#4526,#4536,#4542,#4543));
#4526 = ORIENTED_EDGE('',*,*,#4527,.T.);
#4527 = EDGE_CURVE('',#4528,#4530,#4532,.T.);
#4528 = VERTEX_POINT('',#4529);
#4529 = CARTESIAN_POINT('',(0.4,0.,-1.E-01));
#4530 = VERTEX_POINT('',#4531);
#4531 = CARTESIAN_POINT('',(0.4,0.,1.E-01));
#4532 = LINE('',#4533,#4534);
#4533 = CARTESIAN_POINT('',(0.4,0.,-1.E-01));
#4534 = VECTOR('',#4535,1.);
#4535 = DIRECTION('',(0.,0.,1.));
#4536 = ORIENTED_EDGE('',*,*,#4537,.F.);
#4537 = EDGE_CURVE('',#4402,#4530,#4538,.T.);
#4538 = LINE('',#4539,#4540);
#4539 = CARTESIAN_POINT('',(0.4,0.2,1.E-01));
#4540 = VECTOR('',#4541,1.);
#4541 = DIRECTION('',(-0.,-1.,-0.));
#4542 = ORIENTED_EDGE('',*,*,#4401,.F.);
#4543 = ORIENTED_EDGE('',*,*,#4544,.T.);
#4544 = EDGE_CURVE('',#4394,#4528,#4545,.T.);
#4545 = LINE('',#4546,#4547);
#4546 = CARTESIAN_POINT('',(0.4,0.2,-1.E-01));
#4547 = VECTOR('',#4548,1.);
#4548 = DIRECTION('',(-0.,-1.,-0.));
#4549 = PLANE('',#4550);
#4550 = AXIS2_PLACEMENT_3D('',#4551,#4552,#4553);
#4551 = CARTESIAN_POINT('',(0.4,0.2,-1.E-01));
#4552 = DIRECTION('',(1.,0.,0.));
#4553 = DIRECTION('',(0.,0.,-1.));
#4554 = ADVANCED_FACE('',(#4555),#4577,.F.);
#4555 = FACE_BOUND('',#4556,.T.);
#4556 = EDGE_LOOP('',(#4557,#4558,#4559,#4560,#4561,#4562,#4563,#4571));
#4557 = ORIENTED_EDGE('',*,*,#4317,.F.);
#4558 = ORIENTED_EDGE('',*,*,#4033,.T.);
#4559 = ORIENTED_EDGE('',*,*,#4104,.T.);
#4560 = ORIENTED_EDGE('',*,*,#4073,.T.);
#4561 = ORIENTED_EDGE('',*,*,#4409,.F.);
#4562 = ORIENTED_EDGE('',*,*,#4537,.T.);
#4563 = ORIENTED_EDGE('',*,*,#4564,.T.);
#4564 = EDGE_CURVE('',#4530,#4565,#4567,.T.);
#4565 = VERTEX_POINT('',#4566);
#4566 = CARTESIAN_POINT('',(0.8,0.,0.1));
#4567 = LINE('',#4568,#4569);
#4568 = CARTESIAN_POINT('',(0.4,0.,1.E-01));
#4569 = VECTOR('',#4570,1.);
#4570 = DIRECTION('',(1.,0.,1.355252715607E-16));
#4571 = ORIENTED_EDGE('',*,*,#4572,.F.);
#4572 = EDGE_CURVE('',#4318,#4565,#4573,.T.);
#4573 = LINE('',#4574,#4575);
#4574 = CARTESIAN_POINT('',(0.8,0.2,0.1));
#4575 = VECTOR('',#4576,1.);
#4576 = DIRECTION('',(-0.,-1.,-0.));
#4577 = PLANE('',#4578);
#4578 = AXIS2_PLACEMENT_3D('',#4579,#4580,#4581);
#4579 = CARTESIAN_POINT('',(0.4,0.2,1.E-01));
#4580 = DIRECTION('',(1.355252715607E-16,0.,-1.));
#4581 = DIRECTION('',(-1.,0.,-1.355252715607E-16));
#4582 = ADVANCED_FACE('',(#4583),#4601,.F.);
#4583 = FACE_BOUND('',#4584,.T.);
#4584 = EDGE_LOOP('',(#4585,#4593,#4599,#4600));
#4585 = ORIENTED_EDGE('',*,*,#4586,.T.);
#4586 = EDGE_CURVE('',#4565,#4587,#4589,.T.);
#4587 = VERTEX_POINT('',#4588);
#4588 = CARTESIAN_POINT('',(0.8,0.,-0.1));
#4589 = LINE('',#4590,#4591);
#4590 = CARTESIAN_POINT('',(0.8,0.,-0.1));
#4591 = VECTOR('',#4592,1.);
#4592 = DIRECTION('',(-0.,-0.,-1.));
#4593 = ORIENTED_EDGE('',*,*,#4594,.F.);
#4594 = EDGE_CURVE('',#4326,#4587,#4595,.T.);
#4595 = LINE('',#4596,#4597);
#4596 = CARTESIAN_POINT('',(0.8,0.2,-0.1));
#4597 = VECTOR('',#4598,1.);
#4598 = DIRECTION('',(-0.,-1.,-0.));
#4599 = ORIENTED_EDGE('',*,*,#4325,.F.);
#4600 = ORIENTED_EDGE('',*,*,#4572,.T.);
#4601 = PLANE('',#4602);
#4602 = AXIS2_PLACEMENT_3D('',#4603,#4604,#4605);
#4603 = CARTESIAN_POINT('',(0.8,0.2,-0.1));
#4604 = DIRECTION('',(-1.,0.,0.));
#4605 = DIRECTION('',(0.,0.,1.));
#4606 = ADVANCED_FACE('',(#4607),#4622,.F.);
#4607 = FACE_BOUND('',#4608,.T.);
#4608 = EDGE_LOOP('',(#4609,#4610,#4611,#4612,#4613,#4619,#4620,#4621));
#4609 = ORIENTED_EDGE('',*,*,#3987,.T.);
#4610 = ORIENTED_EDGE('',*,*,#3845,.T.);
#4611 = ORIENTED_EDGE('',*,*,#4333,.F.);
#4612 = ORIENTED_EDGE('',*,*,#4594,.T.);
#4613 = ORIENTED_EDGE('',*,*,#4614,.T.);
#4614 = EDGE_CURVE('',#4587,#4528,#4615,.T.);
#4615 = LINE('',#4616,#4617);
#4616 = CARTESIAN_POINT('',(0.4,0.,-1.E-01));
#4617 = VECTOR('',#4618,1.);
#4618 = DIRECTION('',(-1.,-0.,2.710505431214E-16));
#4619 = ORIENTED_EDGE('',*,*,#4544,.F.);
#4620 = ORIENTED_EDGE('',*,*,#4393,.F.);
#4621 = ORIENTED_EDGE('',*,*,#3925,.T.);
#4622 = PLANE('',#4623);
#4623 = AXIS2_PLACEMENT_3D('',#4624,#4625,#4626);
#4624 = CARTESIAN_POINT('',(0.4,0.2,-1.E-01));
#4625 = DIRECTION('',(2.710505431214E-16,-0.,1.));
#4626 = DIRECTION('',(1.,0.,-2.710505431214E-16));
#4627 = ADVANCED_FACE('',(#4628),#4634,.F.);
#4628 = FACE_BOUND('',#4629,.T.);
#4629 = EDGE_LOOP('',(#4630,#4631,#4632,#4633));
#4630 = ORIENTED_EDGE('',*,*,#4527,.F.);
#4631 = ORIENTED_EDGE('',*,*,#4614,.F.);
#4632 = ORIENTED_EDGE('',*,*,#4586,.F.);
#4633 = ORIENTED_EDGE('',*,*,#4564,.F.);
#4634 = PLANE('',#4635);
#4635 = AXIS2_PLACEMENT_3D('',#4636,#4637,#4638);
#4636 = CARTESIAN_POINT('',(0.,0.,0.));
#4637 = DIRECTION('',(0.,1.,0.));
#4638 = DIRECTION('',(0.,-0.,1.));
#4639 = ADVANCED_FACE('',(#4640),#4665,.F.);
#4640 = FACE_BOUND('',#4641,.T.);
#4641 = EDGE_LOOP('',(#4642,#4652,#4658,#4659));
#4642 = ORIENTED_EDGE('',*,*,#4643,.T.);
#4643 = EDGE_CURVE('',#4644,#4646,#4648,.T.);
#4644 = VERTEX_POINT('',#4645);
#4645 = CARTESIAN_POINT('',(0.4,0.,-0.6));
#4646 = VERTEX_POINT('',#4647);
#4647 = CARTESIAN_POINT('',(0.4,0.,-0.4));
#4648 = LINE('',#4649,#4650);
#4649 = CARTESIAN_POINT('',(0.4,0.,-0.6));
#4650 = VECTOR('',#4651,1.);
#4651 = DIRECTION('',(0.,0.,1.));
#4652 = ORIENTED_EDGE('',*,*,#4653,.F.);
#4653 = EDGE_CURVE('',#4379,#4646,#4654,.T.);
#4654 = LINE('',#4655,#4656);
#4655 = CARTESIAN_POINT('',(0.4,0.2,-0.4));
#4656 = VECTOR('',#4657,1.);
#4657 = DIRECTION('',(-0.,-1.,-0.));
#4658 = ORIENTED_EDGE('',*,*,#4378,.F.);
#4659 = ORIENTED_EDGE('',*,*,#4660,.T.);
#4660 = EDGE_CURVE('',#4371,#4644,#4661,.T.);
#4661 = LINE('',#4662,#4663);
#4662 = CARTESIAN_POINT('',(0.4,0.2,-0.6));
#4663 = VECTOR('',#4664,1.);
#4664 = DIRECTION('',(-0.,-1.,-0.));
#4665 = PLANE('',#4666);
#4666 = AXIS2_PLACEMENT_3D('',#4667,#4668,#4669);
#4667 = CARTESIAN_POINT('',(0.4,0.2,-0.6));
#4668 = DIRECTION('',(1.,0.,0.));
#4669 = DIRECTION('',(0.,0.,-1.));
#4670 = ADVANCED_FACE('',(#4671),#4693,.F.);
#4671 = FACE_BOUND('',#4672,.T.);
#4672 = EDGE_LOOP('',(#4673,#4674,#4675,#4676,#4677,#4678,#4679,#4687));
#4673 = ORIENTED_EDGE('',*,*,#4340,.F.);
#4674 = ORIENTED_EDGE('',*,*,#3829,.T.);
#4675 = ORIENTED_EDGE('',*,*,#3980,.T.);
#4676 = ORIENTED_EDGE('',*,*,#3909,.T.);
#4677 = ORIENTED_EDGE('',*,*,#4386,.F.);
#4678 = ORIENTED_EDGE('',*,*,#4653,.T.);
#4679 = ORIENTED_EDGE('',*,*,#4680,.T.);
#4680 = EDGE_CURVE('',#4646,#4681,#4683,.T.);
#4681 = VERTEX_POINT('',#4682);
#4682 = CARTESIAN_POINT('',(0.8,0.,-0.4));
#4683 = LINE('',#4684,#4685);
#4684 = CARTESIAN_POINT('',(0.4,0.,-0.4));
#4685 = VECTOR('',#4686,1.);
#4686 = DIRECTION('',(1.,0.,0.));
#4687 = ORIENTED_EDGE('',*,*,#4688,.F.);
#4688 = EDGE_CURVE('',#4341,#4681,#4689,.T.);
#4689 = LINE('',#4690,#4691);
#4690 = CARTESIAN_POINT('',(0.8,0.2,-0.4));
#4691 = VECTOR('',#4692,1.);
#4692 = DIRECTION('',(-0.,-1.,-0.));
#4693 = PLANE('',#4694);
#4694 = AXIS2_PLACEMENT_3D('',#4695,#4696,#4697);
#4695 = CARTESIAN_POINT('',(0.4,0.2,-0.4));
#4696 = DIRECTION('',(0.,0.,-1.));
#4697 = DIRECTION('',(-1.,0.,-0.));
#4698 = ADVANCED_FACE('',(#4699),#4717,.F.);
#4699 = FACE_BOUND('',#4700,.T.);
#4700 = EDGE_LOOP('',(#4701,#4709,#4715,#4716));
#4701 = ORIENTED_EDGE('',*,*,#4702,.T.);
#4702 = EDGE_CURVE('',#4681,#4703,#4705,.T.);
#4703 = VERTEX_POINT('',#4704);
#4704 = CARTESIAN_POINT('',(0.8,0.,-0.6));
#4705 = LINE('',#4706,#4707);
#4706 = CARTESIAN_POINT('',(0.8,0.,-0.6));
#4707 = VECTOR('',#4708,1.);
#4708 = DIRECTION('',(-0.,-0.,-1.));
#4709 = ORIENTED_EDGE('',*,*,#4710,.F.);
#4710 = EDGE_CURVE('',#4349,#4703,#4711,.T.);
#4711 = LINE('',#4712,#4713);
#4712 = CARTESIAN_POINT('',(0.8,0.2,-0.6));
#4713 = VECTOR('',#4714,1.);
#4714 = DIRECTION('',(-0.,-1.,-0.));
#4715 = ORIENTED_EDGE('',*,*,#4348,.F.);
#4716 = ORIENTED_EDGE('',*,*,#4688,.T.);
#4717 = PLANE('',#4718);
#4718 = AXIS2_PLACEMENT_3D('',#4719,#4720,#4721);
#4719 = CARTESIAN_POINT('',(0.8,0.2,-0.6));
#4720 = DIRECTION('',(-1.,0.,0.));
#4721 = DIRECTION('',(0.,0.,1.));
#4722 = ADVANCED_FACE('',(#4723),#4738,.F.);
#4723 = FACE_BOUND('',#4724,.T.);
#4724 = EDGE_LOOP('',(#4725,#4726,#4727,#4728,#4729,#4735,#4736,#4737));
#4725 = ORIENTED_EDGE('',*,*,#4002,.T.);
#4726 = ORIENTED_EDGE('',*,*,#3869,.T.);
#4727 = ORIENTED_EDGE('',*,*,#4356,.F.);
#4728 = ORIENTED_EDGE('',*,*,#4710,.T.);
#4729 = ORIENTED_EDGE('',*,*,#4730,.T.);
#4730 = EDGE_CURVE('',#4703,#4644,#4731,.T.);
#4731 = LINE('',#4732,#4733);
#4732 = CARTESIAN_POINT('',(0.4,0.,-0.6));
#4733 = VECTOR('',#4734,1.);
#4734 = DIRECTION('',(-1.,-0.,-0.));
#4735 = ORIENTED_EDGE('',*,*,#4660,.F.);
#4736 = ORIENTED_EDGE('',*,*,#4370,.F.);
#4737 = ORIENTED_EDGE('',*,*,#3949,.T.);
#4738 = PLANE('',#4739);
#4739 = AXIS2_PLACEMENT_3D('',#4740,#4741,#4742);
#4740 = CARTESIAN_POINT('',(0.4,0.2,-0.6));
#4741 = DIRECTION('',(0.,0.,1.));
#4742 = DIRECTION('',(1.,0.,-0.));
#4743 = ADVANCED_FACE('',(#4744),#4750,.F.);
#4744 = FACE_BOUND('',#4745,.T.);
#4745 = EDGE_LOOP('',(#4746,#4747,#4748,#4749));
#4746 = ORIENTED_EDGE('',*,*,#4643,.F.);
#4747 = ORIENTED_EDGE('',*,*,#4730,.F.);
#4748 = ORIENTED_EDGE('',*,*,#4702,.F.);
#4749 = ORIENTED_EDGE('',*,*,#4680,.F.);
#4750 = PLANE('',#4751);
#4751 = AXIS2_PLACEMENT_3D('',#4752,#4753,#4754);
#4752 = CARTESIAN_POINT('',(0.,0.,0.));
#4753 = DIRECTION('',(0.,1.,0.));
#4754 = DIRECTION('',(0.,-0.,1.));
#4755 = MANIFOLD_SOLID_BREP('',#4756);
#4756 = CLOSED_SHELL('',(#4757,#4797,#4828,#4859,#4881,#4893));
#4757 = ADVANCED_FACE('',(#4758),#4792,.T.);
#4758 = FACE_BOUND('',#4759,.T.);
#4759 = EDGE_LOOP('',(#4760,#4770,#4778,#4786));
#4760 = ORIENTED_EDGE('',*,*,#4761,.F.);
#4761 = EDGE_CURVE('',#4762,#4764,#4766,.T.);
#4762 = VERTEX_POINT('',#4763);
#4763 = CARTESIAN_POINT('',(-0.385,0.2,0.8));
#4764 = VERTEX_POINT('',#4765);
#4765 = CARTESIAN_POINT('',(-0.385,0.14,0.8));
#4766 = LINE('',#4767,#4768);
#4767 = CARTESIAN_POINT('',(-0.385,0.2,0.8));
#4768 = VECTOR('',#4769,1.);
#4769 = DIRECTION('',(9.035018104046E-16,-1.,0.));
#4770 = ORIENTED_EDGE('',*,*,#4771,.F.);
#4771 = EDGE_CURVE('',#4772,#4762,#4774,.T.);
#4772 = VERTEX_POINT('',#4773);
#4773 = CARTESIAN_POINT('',(-0.385,0.2,-0.8));
#4774 = LINE('',#4775,#4776);
#4775 = CARTESIAN_POINT('',(-0.385,0.2,-0.8));
#4776 = VECTOR('',#4777,1.);
#4777 = DIRECTION('',(0.,0.,1.));
#4778 = ORIENTED_EDGE('',*,*,#4779,.T.);
#4779 = EDGE_CURVE('',#4772,#4780,#4782,.T.);
#4780 = VERTEX_POINT('',#4781);
#4781 = CARTESIAN_POINT('',(-0.385,0.14,-0.8));
#4782 = LINE('',#4783,#4784);
#4783 = CARTESIAN_POINT('',(-0.385,0.2,-0.8));
#4784 = VECTOR('',#4785,1.);
#4785 = DIRECTION('',(9.035018104046E-16,-1.,0.));
#4786 = ORIENTED_EDGE('',*,*,#4787,.T.);
#4787 = EDGE_CURVE('',#4780,#4764,#4788,.T.);
#4788 = LINE('',#4789,#4790);
#4789 = CARTESIAN_POINT('',(-0.385,0.14,-0.8));
#4790 = VECTOR('',#4791,1.);
#4791 = DIRECTION('',(0.,0.,1.));
#4792 = PLANE('',#4793);
#4793 = AXIS2_PLACEMENT_3D('',#4794,#4795,#4796);
#4794 = CARTESIAN_POINT('',(-0.385,0.2,-0.8));
#4795 = DIRECTION('',(-1.,-9.035018104046E-16,0.));
#4796 = DIRECTION('',(9.035018104046E-16,-1.,0.));
#4797 = ADVANCED_FACE('',(#4798),#4823,.T.);
#4798 = FACE_BOUND('',#4799,.T.);
#4799 = EDGE_LOOP('',(#4800,#4808,#4816,#4822));
#4800 = ORIENTED_EDGE('',*,*,#4801,.F.);
#4801 = EDGE_CURVE('',#4802,#4762,#4804,.T.);
#4802 = VERTEX_POINT('',#4803);
#4803 = CARTESIAN_POINT('',(-0.265,0.2,0.8));
#4804 = LINE('',#4805,#4806);
#4805 = CARTESIAN_POINT('',(-0.385,0.2,0.8));
#4806 = VECTOR('',#4807,1.);
#4807 = DIRECTION('',(-1.,-2.258754526011E-16,-0.));
#4808 = ORIENTED_EDGE('',*,*,#4809,.F.);
#4809 = EDGE_CURVE('',#4810,#4802,#4812,.T.);
#4810 = VERTEX_POINT('',#4811);
#4811 = CARTESIAN_POINT('',(-0.265,0.2,-0.8));
#4812 = LINE('',#4813,#4814);
#4813 = CARTESIAN_POINT('',(-0.265,0.2,-0.8));
#4814 = VECTOR('',#4815,1.);
#4815 = DIRECTION('',(0.,0.,1.));
#4816 = ORIENTED_EDGE('',*,*,#4817,.T.);
#4817 = EDGE_CURVE('',#4810,#4772,#4818,.T.);
#4818 = LINE('',#4819,#4820);
#4819 = CARTESIAN_POINT('',(-0.385,0.2,-0.8));
#4820 = VECTOR('',#4821,1.);
#4821 = DIRECTION('',(-1.,-2.258754526011E-16,-0.));
#4822 = ORIENTED_EDGE('',*,*,#4771,.T.);
#4823 = PLANE('',#4824);
#4824 = AXIS2_PLACEMENT_3D('',#4825,#4826,#4827);
#4825 = CARTESIAN_POINT('',(-0.385,0.2,-0.8));
#4826 = DIRECTION('',(-2.258754526011E-16,1.,0.));
#4827 = DIRECTION('',(-1.,-2.258754526011E-16,0.));
#4828 = ADVANCED_FACE('',(#4829),#4854,.T.);
#4829 = FACE_BOUND('',#4830,.T.);
#4830 = EDGE_LOOP('',(#4831,#4839,#4847,#4853));
#4831 = ORIENTED_EDGE('',*,*,#4832,.F.);
#4832 = EDGE_CURVE('',#4833,#4802,#4835,.T.);
#4833 = VERTEX_POINT('',#4834);
#4834 = CARTESIAN_POINT('',(-0.265,0.14,0.8));
#4835 = LINE('',#4836,#4837);
#4836 = CARTESIAN_POINT('',(-0.265,0.2,0.8));
#4837 = VECTOR('',#4838,1.);
#4838 = DIRECTION('',(-1.807003620809E-15,1.,-0.));
#4839 = ORIENTED_EDGE('',*,*,#4840,.F.);
#4840 = EDGE_CURVE('',#4841,#4833,#4843,.T.);
#4841 = VERTEX_POINT('',#4842);
#4842 = CARTESIAN_POINT('',(-0.265,0.14,-0.8));
#4843 = LINE('',#4844,#4845);
#4844 = CARTESIAN_POINT('',(-0.265,0.14,-0.8));
#4845 = VECTOR('',#4846,1.);
#4846 = DIRECTION('',(0.,0.,1.));
#4847 = ORIENTED_EDGE('',*,*,#4848,.T.);
#4848 = EDGE_CURVE('',#4841,#4810,#4849,.T.);
#4849 = LINE('',#4850,#4851);
#4850 = CARTESIAN_POINT('',(-0.265,0.2,-0.8));
#4851 = VECTOR('',#4852,1.);
#4852 = DIRECTION('',(-1.807003620809E-15,1.,-0.));
#4853 = ORIENTED_EDGE('',*,*,#4809,.T.);
#4854 = PLANE('',#4855);
#4855 = AXIS2_PLACEMENT_3D('',#4856,#4857,#4858);
#4856 = CARTESIAN_POINT('',(-0.265,0.2,-0.8));
#4857 = DIRECTION('',(1.,1.807003620809E-15,-0.));
#4858 = DIRECTION('',(-1.807003620809E-15,1.,0.));
#4859 = ADVANCED_FACE('',(#4860),#4876,.T.);
#4860 = FACE_BOUND('',#4861,.T.);
#4861 = EDGE_LOOP('',(#4862,#4868,#4869,#4875));
#4862 = ORIENTED_EDGE('',*,*,#4863,.F.);
#4863 = EDGE_CURVE('',#4764,#4833,#4864,.T.);
#4864 = LINE('',#4865,#4866);
#4865 = CARTESIAN_POINT('',(-0.385,0.14,0.8));
#4866 = VECTOR('',#4867,1.);
#4867 = DIRECTION('',(1.,2.258754526011E-16,0.));
#4868 = ORIENTED_EDGE('',*,*,#4787,.F.);
#4869 = ORIENTED_EDGE('',*,*,#4870,.T.);
#4870 = EDGE_CURVE('',#4780,#4841,#4871,.T.);
#4871 = LINE('',#4872,#4873);
#4872 = CARTESIAN_POINT('',(-0.385,0.14,-0.8));
#4873 = VECTOR('',#4874,1.);
#4874 = DIRECTION('',(1.,2.258754526011E-16,0.));
#4875 = ORIENTED_EDGE('',*,*,#4840,.T.);
#4876 = PLANE('',#4877);
#4877 = AXIS2_PLACEMENT_3D('',#4878,#4879,#4880);
#4878 = CARTESIAN_POINT('',(-0.385,0.14,-0.8));
#4879 = DIRECTION('',(2.258754526011E-16,-1.,0.));
#4880 = DIRECTION('',(1.,2.258754526011E-16,0.));
#4881 = ADVANCED_FACE('',(#4882),#4888,.F.);
#4882 = FACE_BOUND('',#4883,.T.);
#4883 = EDGE_LOOP('',(#4884,#4885,#4886,#4887));
#4884 = ORIENTED_EDGE('',*,*,#4779,.F.);
#4885 = ORIENTED_EDGE('',*,*,#4817,.F.);
#4886 = ORIENTED_EDGE('',*,*,#4848,.F.);
#4887 = ORIENTED_EDGE('',*,*,#4870,.F.);
#4888 = PLANE('',#4889);
#4889 = AXIS2_PLACEMENT_3D('',#4890,#4891,#4892);
#4890 = CARTESIAN_POINT('',(0.,0.,-0.8));
#4891 = DIRECTION('',(-0.,0.,1.));
#4892 = DIRECTION('',(1.,0.,0.));
#4893 = ADVANCED_FACE('',(#4894),#4900,.T.);
#4894 = FACE_BOUND('',#4895,.T.);
#4895 = EDGE_LOOP('',(#4896,#4897,#4898,#4899));
#4896 = ORIENTED_EDGE('',*,*,#4761,.T.);
#4897 = ORIENTED_EDGE('',*,*,#4863,.T.);
#4898 = ORIENTED_EDGE('',*,*,#4832,.T.);
#4899 = ORIENTED_EDGE('',*,*,#4801,.T.);
#4900 = PLANE('',#4901);
#4901 = AXIS2_PLACEMENT_3D('',#4902,#4903,#4904);
#4902 = CARTESIAN_POINT('',(0.,0.,0.8));
#4903 = DIRECTION('',(-0.,0.,1.));
#4904 = DIRECTION('',(1.,0.,0.));
#4905 = MANIFOLD_SOLID_BREP('',#4906);
#4906 = CLOSED_SHELL('',(#4907,#4947,#4978,#5009,#5031,#5043));
#4907 = ADVANCED_FACE('',(#4908),#4942,.T.);
#4908 = FACE_BOUND('',#4909,.T.);
#4909 = EDGE_LOOP('',(#4910,#4920,#4928,#4936));
#4910 = ORIENTED_EDGE('',*,*,#4911,.F.);
#4911 = EDGE_CURVE('',#4912,#4914,#4916,.T.);
#4912 = VERTEX_POINT('',#4913);
#4913 = CARTESIAN_POINT('',(0.385,0.2,0.8));
#4914 = VERTEX_POINT('',#4915);
#4915 = CARTESIAN_POINT('',(0.265,0.2,0.8));
#4916 = LINE('',#4917,#4918);
#4917 = CARTESIAN_POINT('',(0.385,0.2,0.8));
#4918 = VECTOR('',#4919,1.);
#4919 = DIRECTION('',(-1.,2.258754526011E-16,0.));
#4920 = ORIENTED_EDGE('',*,*,#4921,.F.);
#4921 = EDGE_CURVE('',#4922,#4912,#4924,.T.);
#4922 = VERTEX_POINT('',#4923);
#4923 = CARTESIAN_POINT('',(0.385,0.2,-0.8));
#4924 = LINE('',#4925,#4926);
#4925 = CARTESIAN_POINT('',(0.385,0.2,-0.8));
#4926 = VECTOR('',#4927,1.);
#4927 = DIRECTION('',(0.,0.,1.));
#4928 = ORIENTED_EDGE('',*,*,#4929,.T.);
#4929 = EDGE_CURVE('',#4922,#4930,#4932,.T.);
#4930 = VERTEX_POINT('',#4931);
#4931 = CARTESIAN_POINT('',(0.265,0.2,-0.8));
#4932 = LINE('',#4933,#4934);
#4933 = CARTESIAN_POINT('',(0.385,0.2,-0.8));
#4934 = VECTOR('',#4935,1.);
#4935 = DIRECTION('',(-1.,2.258754526011E-16,0.));
#4936 = ORIENTED_EDGE('',*,*,#4937,.T.);
#4937 = EDGE_CURVE('',#4930,#4914,#4938,.T.);
#4938 = LINE('',#4939,#4940);
#4939 = CARTESIAN_POINT('',(0.265,0.2,-0.8));
#4940 = VECTOR('',#4941,1.);
#4941 = DIRECTION('',(0.,0.,1.));
#4942 = PLANE('',#4943);
#4943 = AXIS2_PLACEMENT_3D('',#4944,#4945,#4946);
#4944 = CARTESIAN_POINT('',(0.385,0.2,-0.8));
#4945 = DIRECTION('',(2.258754526011E-16,1.,-0.));
#4946 = DIRECTION('',(-1.,2.258754526011E-16,0.));
#4947 = ADVANCED_FACE('',(#4948),#4973,.T.);
#4948 = FACE_BOUND('',#4949,.T.);
#4949 = EDGE_LOOP('',(#4950,#4958,#4966,#4972));
#4950 = ORIENTED_EDGE('',*,*,#4951,.F.);
#4951 = EDGE_CURVE('',#4952,#4912,#4954,.T.);
#4952 = VERTEX_POINT('',#4953);
#4953 = CARTESIAN_POINT('',(0.385,0.14,0.8));
#4954 = LINE('',#4955,#4956);
#4955 = CARTESIAN_POINT('',(0.385,0.2,0.8));
#4956 = VECTOR('',#4957,1.);
#4957 = DIRECTION('',(9.035018104046E-16,1.,-0.));
#4958 = ORIENTED_EDGE('',*,*,#4959,.F.);
#4959 = EDGE_CURVE('',#4960,#4952,#4962,.T.);
#4960 = VERTEX_POINT('',#4961);
#4961 = CARTESIAN_POINT('',(0.385,0.14,-0.8));
#4962 = LINE('',#4963,#4964);
#4963 = CARTESIAN_POINT('',(0.385,0.14,-0.8));
#4964 = VECTOR('',#4965,1.);
#4965 = DIRECTION('',(0.,0.,1.));
#4966 = ORIENTED_EDGE('',*,*,#4967,.T.);
#4967 = EDGE_CURVE('',#4960,#4922,#4968,.T.);
#4968 = LINE('',#4969,#4970);
#4969 = CARTESIAN_POINT('',(0.385,0.2,-0.8));
#4970 = VECTOR('',#4971,1.);
#4971 = DIRECTION('',(9.035018104046E-16,1.,-0.));
#4972 = ORIENTED_EDGE('',*,*,#4921,.T.);
#4973 = PLANE('',#4974);
#4974 = AXIS2_PLACEMENT_3D('',#4975,#4976,#4977);
#4975 = CARTESIAN_POINT('',(0.385,0.2,-0.8));
#4976 = DIRECTION('',(1.,-9.035018104046E-16,0.));
#4977 = DIRECTION('',(9.035018104046E-16,1.,0.));
#4978 = ADVANCED_FACE('',(#4979),#5004,.T.);
#4979 = FACE_BOUND('',#4980,.T.);
#4980 = EDGE_LOOP('',(#4981,#4989,#4997,#5003));
#4981 = ORIENTED_EDGE('',*,*,#4982,.F.);
#4982 = EDGE_CURVE('',#4983,#4952,#4985,.T.);
#4983 = VERTEX_POINT('',#4984);
#4984 = CARTESIAN_POINT('',(0.265,0.14,0.8));
#4985 = LINE('',#4986,#4987);
#4986 = CARTESIAN_POINT('',(0.385,0.14,0.8));
#4987 = VECTOR('',#4988,1.);
#4988 = DIRECTION('',(1.,-2.258754526011E-16,-0.));
#4989 = ORIENTED_EDGE('',*,*,#4990,.F.);
#4990 = EDGE_CURVE('',#4991,#4983,#4993,.T.);
#4991 = VERTEX_POINT('',#4992);
#4992 = CARTESIAN_POINT('',(0.265,0.14,-0.8));
#4993 = LINE('',#4994,#4995);
#4994 = CARTESIAN_POINT('',(0.265,0.14,-0.8));
#4995 = VECTOR('',#4996,1.);
#4996 = DIRECTION('',(0.,0.,1.));
#4997 = ORIENTED_EDGE('',*,*,#4998,.T.);
#4998 = EDGE_CURVE('',#4991,#4960,#4999,.T.);
#4999 = LINE('',#5000,#5001);
#5000 = CARTESIAN_POINT('',(0.385,0.14,-0.8));
#5001 = VECTOR('',#5002,1.);
#5002 = DIRECTION('',(1.,-2.258754526011E-16,-0.));
#5003 = ORIENTED_EDGE('',*,*,#4959,.T.);
#5004 = PLANE('',#5005);
#5005 = AXIS2_PLACEMENT_3D('',#5006,#5007,#5008);
#5006 = CARTESIAN_POINT('',(0.385,0.14,-0.8));
#5007 = DIRECTION('',(-2.258754526011E-16,-1.,0.));
#5008 = DIRECTION('',(1.,-2.258754526011E-16,0.));
#5009 = ADVANCED_FACE('',(#5010),#5026,.T.);
#5010 = FACE_BOUND('',#5011,.T.);
#5011 = EDGE_LOOP('',(#5012,#5018,#5019,#5025));
#5012 = ORIENTED_EDGE('',*,*,#5013,.F.);
#5013 = EDGE_CURVE('',#4914,#4983,#5014,.T.);
#5014 = LINE('',#5015,#5016);
#5015 = CARTESIAN_POINT('',(0.265,0.2,0.8));
#5016 = VECTOR('',#5017,1.);
#5017 = DIRECTION('',(-1.807003620809E-15,-1.,0.));
#5018 = ORIENTED_EDGE('',*,*,#4937,.F.);
#5019 = ORIENTED_EDGE('',*,*,#5020,.T.);
#5020 = EDGE_CURVE('',#4930,#4991,#5021,.T.);
#5021 = LINE('',#5022,#5023);
#5022 = CARTESIAN_POINT('',(0.265,0.2,-0.8));
#5023 = VECTOR('',#5024,1.);
#5024 = DIRECTION('',(-1.807003620809E-15,-1.,0.));
#5025 = ORIENTED_EDGE('',*,*,#4990,.T.);
#5026 = PLANE('',#5027);
#5027 = AXIS2_PLACEMENT_3D('',#5028,#5029,#5030);
#5028 = CARTESIAN_POINT('',(0.265,0.2,-0.8));
#5029 = DIRECTION('',(-1.,1.807003620809E-15,0.));
#5030 = DIRECTION('',(-1.807003620809E-15,-1.,0.));
#5031 = ADVANCED_FACE('',(#5032),#5038,.F.);
#5032 = FACE_BOUND('',#5033,.T.);
#5033 = EDGE_LOOP('',(#5034,#5035,#5036,#5037));
#5034 = ORIENTED_EDGE('',*,*,#4929,.F.);
#5035 = ORIENTED_EDGE('',*,*,#4967,.F.);
#5036 = ORIENTED_EDGE('',*,*,#4998,.F.);
#5037 = ORIENTED_EDGE('',*,*,#5020,.F.);
#5038 = PLANE('',#5039);
#5039 = AXIS2_PLACEMENT_3D('',#5040,#5041,#5042);
#5040 = CARTESIAN_POINT('',(0.,0.,-0.8));
#5041 = DIRECTION('',(0.,0.,1.));
#5042 = DIRECTION('',(1.,0.,-0.));
#5043 = ADVANCED_FACE('',(#5044),#5050,.T.);
#5044 = FACE_BOUND('',#5045,.T.);
#5045 = EDGE_LOOP('',(#5046,#5047,#5048,#5049));
#5046 = ORIENTED_EDGE('',*,*,#4911,.T.);
#5047 = ORIENTED_EDGE('',*,*,#5013,.T.);
#5048 = ORIENTED_EDGE('',*,*,#4982,.T.);
#5049 = ORIENTED_EDGE('',*,*,#4951,.T.);
#5050 = PLANE('',#5051);
#5051 = AXIS2_PLACEMENT_3D('',#5052,#5053,#5054);
#5052 = CARTESIAN_POINT('',(0.,0.,0.8));
#5053 = DIRECTION('',(0.,0.,1.));
#5054 = DIRECTION('',(1.,0.,-0.));
#5055 = MANIFOLD_SOLID_BREP('',#5056);
#5056 = CLOSED_SHELL('',(#5057,#5097,#5128,#5159,#5181,#5193));
#5057 = ADVANCED_FACE('',(#5058),#5092,.T.);
#5058 = FACE_BOUND('',#5059,.T.);
#5059 = EDGE_LOOP('',(#5060,#5070,#5078,#5086));
#5060 = ORIENTED_EDGE('',*,*,#5061,.F.);
#5061 = EDGE_CURVE('',#5062,#5064,#5066,.T.);
#5062 = VERTEX_POINT('',#5063);
#5063 = CARTESIAN_POINT('',(-0.15,5.E-02,0.15));
#5064 = VERTEX_POINT('',#5065);
#5065 = CARTESIAN_POINT('',(-0.15,5.E-02,-0.15));
#5066 = LINE('',#5067,#5068);
#5067 = CARTESIAN_POINT('',(-0.15,5.E-02,-0.15));
#5068 = VECTOR('',#5069,1.);
#5069 = DIRECTION('',(-0.,-0.,-1.));
#5070 = ORIENTED_EDGE('',*,*,#5071,.F.);
#5071 = EDGE_CURVE('',#5072,#5062,#5074,.T.);
#5072 = VERTEX_POINT('',#5073);
#5073 = CARTESIAN_POINT('',(-0.15,0.1,0.15));
#5074 = LINE('',#5075,#5076);
#5075 = CARTESIAN_POINT('',(-0.15,0.1,0.15));
#5076 = VECTOR('',#5077,1.);
#5077 = DIRECTION('',(0.,-1.,0.));
#5078 = ORIENTED_EDGE('',*,*,#5079,.T.);
#5079 = EDGE_CURVE('',#5072,#5080,#5082,.T.);
#5080 = VERTEX_POINT('',#5081);
#5081 = CARTESIAN_POINT('',(-0.15,0.1,-0.15));
#5082 = LINE('',#5083,#5084);
#5083 = CARTESIAN_POINT('',(-0.15,0.1,-0.15));
#5084 = VECTOR('',#5085,1.);
#5085 = DIRECTION('',(-0.,-0.,-1.));
#5086 = ORIENTED_EDGE('',*,*,#5087,.T.);
#5087 = EDGE_CURVE('',#5080,#5064,#5088,.T.);
#5088 = LINE('',#5089,#5090);
#5089 = CARTESIAN_POINT('',(-0.15,0.1,-0.15));
#5090 = VECTOR('',#5091,1.);
#5091 = DIRECTION('',(0.,-1.,0.));
#5092 = PLANE('',#5093);
#5093 = AXIS2_PLACEMENT_3D('',#5094,#5095,#5096);
#5094 = CARTESIAN_POINT('',(-0.15,0.1,-0.15));
#5095 = DIRECTION('',(-1.,0.,0.));
#5096 = DIRECTION('',(0.,0.,1.));
#5097 = ADVANCED_FACE('',(#5098),#5123,.T.);
#5098 = FACE_BOUND('',#5099,.T.);
#5099 = EDGE_LOOP('',(#5100,#5108,#5116,#5122));
#5100 = ORIENTED_EDGE('',*,*,#5101,.F.);
#5101 = EDGE_CURVE('',#5102,#5062,#5104,.T.);
#5102 = VERTEX_POINT('',#5103);
#5103 = CARTESIAN_POINT('',(0.15,5.E-02,0.15));
#5104 = LINE('',#5105,#5106);
#5105 = CARTESIAN_POINT('',(-0.15,5.E-02,0.15));
#5106 = VECTOR('',#5107,1.);
#5107 = DIRECTION('',(-1.,-0.,-0.));
#5108 = ORIENTED_EDGE('',*,*,#5109,.F.);
#5109 = EDGE_CURVE('',#5110,#5102,#5112,.T.);
#5110 = VERTEX_POINT('',#5111);
#5111 = CARTESIAN_POINT('',(0.15,0.1,0.15));
#5112 = LINE('',#5113,#5114);
#5113 = CARTESIAN_POINT('',(0.15,0.1,0.15));
#5114 = VECTOR('',#5115,1.);
#5115 = DIRECTION('',(0.,-1.,0.));
#5116 = ORIENTED_EDGE('',*,*,#5117,.T.);
#5117 = EDGE_CURVE('',#5110,#5072,#5118,.T.);
#5118 = LINE('',#5119,#5120);
#5119 = CARTESIAN_POINT('',(-0.15,0.1,0.15));
#5120 = VECTOR('',#5121,1.);
#5121 = DIRECTION('',(-1.,-0.,-0.));
#5122 = ORIENTED_EDGE('',*,*,#5071,.T.);
#5123 = PLANE('',#5124);
#5124 = AXIS2_PLACEMENT_3D('',#5125,#5126,#5127);
#5125 = CARTESIAN_POINT('',(-0.15,0.1,0.15));
#5126 = DIRECTION('',(-0.,0.,1.));
#5127 = DIRECTION('',(1.,0.,0.));
#5128 = ADVANCED_FACE('',(#5129),#5154,.T.);
#5129 = FACE_BOUND('',#5130,.T.);
#5130 = EDGE_LOOP('',(#5131,#5139,#5147,#5153));
#5131 = ORIENTED_EDGE('',*,*,#5132,.F.);
#5132 = EDGE_CURVE('',#5133,#5102,#5135,.T.);
#5133 = VERTEX_POINT('',#5134);
#5134 = CARTESIAN_POINT('',(0.15,5.E-02,-0.15));
#5135 = LINE('',#5136,#5137);
#5136 = CARTESIAN_POINT('',(0.15,5.E-02,-0.15));
#5137 = VECTOR('',#5138,1.);
#5138 = DIRECTION('',(0.,0.,1.));
#5139 = ORIENTED_EDGE('',*,*,#5140,.F.);
#5140 = EDGE_CURVE('',#5141,#5133,#5143,.T.);
#5141 = VERTEX_POINT('',#5142);
#5142 = CARTESIAN_POINT('',(0.15,0.1,-0.15));
#5143 = LINE('',#5144,#5145);
#5144 = CARTESIAN_POINT('',(0.15,0.1,-0.15));
#5145 = VECTOR('',#5146,1.);
#5146 = DIRECTION('',(0.,-1.,0.));
#5147 = ORIENTED_EDGE('',*,*,#5148,.T.);
#5148 = EDGE_CURVE('',#5141,#5110,#5149,.T.);
#5149 = LINE('',#5150,#5151);
#5150 = CARTESIAN_POINT('',(0.15,0.1,-0.15));
#5151 = VECTOR('',#5152,1.);
#5152 = DIRECTION('',(0.,0.,1.));
#5153 = ORIENTED_EDGE('',*,*,#5109,.T.);
#5154 = PLANE('',#5155);
#5155 = AXIS2_PLACEMENT_3D('',#5156,#5157,#5158);
#5156 = CARTESIAN_POINT('',(0.15,0.1,-0.15));
#5157 = DIRECTION('',(1.,0.,-0.));
#5158 = DIRECTION('',(-0.,0.,-1.));
#5159 = ADVANCED_FACE('',(#5160),#5176,.T.);
#5160 = FACE_BOUND('',#5161,.T.);
#5161 = EDGE_LOOP('',(#5162,#5168,#5169,#5175));
#5162 = ORIENTED_EDGE('',*,*,#5163,.F.);
#5163 = EDGE_CURVE('',#5064,#5133,#5164,.T.);
#5164 = LINE('',#5165,#5166);
#5165 = CARTESIAN_POINT('',(-0.15,5.E-02,-0.15));
#5166 = VECTOR('',#5167,1.);
#5167 = DIRECTION('',(1.,0.,0.));
#5168 = ORIENTED_EDGE('',*,*,#5087,.F.);
#5169 = ORIENTED_EDGE('',*,*,#5170,.T.);
#5170 = EDGE_CURVE('',#5080,#5141,#5171,.T.);
#5171 = LINE('',#5172,#5173);
#5172 = CARTESIAN_POINT('',(-0.15,0.1,-0.15));
#5173 = VECTOR('',#5174,1.);
#5174 = DIRECTION('',(1.,0.,0.));
#5175 = ORIENTED_EDGE('',*,*,#5140,.T.);
#5176 = PLANE('',#5177);
#5177 = AXIS2_PLACEMENT_3D('',#5178,#5179,#5180);
#5178 = CARTESIAN_POINT('',(-0.15,0.1,-0.15));
#5179 = DIRECTION('',(0.,0.,-1.));
#5180 = DIRECTION('',(-1.,0.,-0.));
#5181 = ADVANCED_FACE('',(#5182),#5188,.T.);
#5182 = FACE_BOUND('',#5183,.T.);
#5183 = EDGE_LOOP('',(#5184,#5185,#5186,#5187));
#5184 = ORIENTED_EDGE('',*,*,#5079,.F.);
#5185 = ORIENTED_EDGE('',*,*,#5117,.F.);
#5186 = ORIENTED_EDGE('',*,*,#5148,.F.);
#5187 = ORIENTED_EDGE('',*,*,#5170,.F.);
#5188 = PLANE('',#5189);
#5189 = AXIS2_PLACEMENT_3D('',#5190,#5191,#5192);
#5190 = CARTESIAN_POINT('',(0.,0.1,0.));
#5191 = DIRECTION('',(0.,1.,0.));
#5192 = DIRECTION('',(0.,-0.,1.));
#5193 = ADVANCED_FACE('',(#5194),#5200,.F.);
#5194 = FACE_BOUND('',#5195,.T.);
#5195 = EDGE_LOOP('',(#5196,#5197,#5198,#5199));
#5196 = ORIENTED_EDGE('',*,*,#5061,.T.);
#5197 = ORIENTED_EDGE('',*,*,#5163,.T.);
#5198 = ORIENTED_EDGE('',*,*,#5132,.T.);
#5199 = ORIENTED_EDGE('',*,*,#5101,.T.);
#5200 = PLANE('',#5201);
#5201 = AXIS2_PLACEMENT_3D('',#5202,#5203,#5204);
#5202 = CARTESIAN_POINT('',(0.,5.E-02,0.));
#5203 = DIRECTION('',(0.,1.,0.));
#5204 = DIRECTION('',(0.,-0.,1.));
#5205 = MANIFOLD_SOLID_BREP('',#5206);
#5206 = CLOSED_SHELL('',(#5207,#5249,#5385,#5584,#5711,#5901,#6131,#6153
    ,#6209,#6233,#6282,#6338,#6362,#6411,#6435,#6459,#6476,#6488,#6512,
    #6536,#6553,#6565,#6596,#6645,#6694,#6725,#6774,#6823,#6854,#6903,
    #6952,#7028,#7084,#7108,#7157,#7233,#7255,#7267,#7279,#7301,#7313,
    #7325,#7342,#7359,#7371,#7388,#7405,#7417,#7434,#7451,#7463,#7480,
    #7497,#7509,#7531,#7543,#7555,#7572,#7589,#7601,#7623,#7640,#7657,
    #7669,#7691,#7708,#7725,#7737,#7768,#7792,#7816,#7833,#7845,#7863));
#5207 = ADVANCED_FACE('',(#5208),#5244,.F.);
#5208 = FACE_BOUND('',#5209,.F.);
#5209 = EDGE_LOOP('',(#5210,#5220,#5229,#5237));
#5210 = ORIENTED_EDGE('',*,*,#5211,.T.);
#5211 = EDGE_CURVE('',#5212,#5214,#5216,.T.);
#5212 = VERTEX_POINT('',#5213);
#5213 = CARTESIAN_POINT('',(-0.6,0.45,-0.5));
#5214 = VERTEX_POINT('',#5215);
#5215 = CARTESIAN_POINT('',(-0.6,0.5,-0.5));
#5216 = LINE('',#5217,#5218);
#5217 = CARTESIAN_POINT('',(-0.6,0.45,-0.5));
#5218 = VECTOR('',#5219,1.);
#5219 = DIRECTION('',(-0.,1.,-0.));
#5220 = ORIENTED_EDGE('',*,*,#5221,.F.);
#5221 = EDGE_CURVE('',#5222,#5214,#5224,.T.);
#5222 = VERTEX_POINT('',#5223);
#5223 = CARTESIAN_POINT('',(-0.6,0.5,-0.7));
#5224 = CIRCLE('',#5225,0.1);
#5225 = AXIS2_PLACEMENT_3D('',#5226,#5227,#5228);
#5226 = CARTESIAN_POINT('',(-0.6,0.5,-0.6));
#5227 = DIRECTION('',(0.,1.,0.));
#5228 = DIRECTION('',(0.,-0.,1.));
#5229 = ORIENTED_EDGE('',*,*,#5230,.F.);
#5230 = EDGE_CURVE('',#5231,#5222,#5233,.T.);
#5231 = VERTEX_POINT('',#5232);
#5232 = CARTESIAN_POINT('',(-0.6,0.45,-0.7));
#5233 = LINE('',#5234,#5235);
#5234 = CARTESIAN_POINT('',(-0.6,0.45,-0.7));
#5235 = VECTOR('',#5236,1.);
#5236 = DIRECTION('',(-0.,1.,-0.));
#5237 = ORIENTED_EDGE('',*,*,#5238,.T.);
#5238 = EDGE_CURVE('',#5231,#5212,#5239,.T.);
#5239 = CIRCLE('',#5240,0.1);
#5240 = AXIS2_PLACEMENT_3D('',#5241,#5242,#5243);
#5241 = CARTESIAN_POINT('',(-0.6,0.45,-0.6));
#5242 = DIRECTION('',(0.,1.,0.));
#5243 = DIRECTION('',(0.,-0.,1.));
#5244 = CYLINDRICAL_SURFACE('',#5245,0.1);
#5245 = AXIS2_PLACEMENT_3D('',#5246,#5247,#5248);
#5246 = CARTESIAN_POINT('',(-0.6,0.45,-0.6));
#5247 = DIRECTION('',(-0.,1.,-0.));
#5248 = DIRECTION('',(0.,0.,1.));
#5249 = ADVANCED_FACE('',(#5250),#5380,.F.);
#5250 = FACE_BOUND('',#5251,.T.);
#5251 = EDGE_LOOP('',(#5252,#5262,#5270,#5278,#5286,#5294,#5302,#5310,
    #5318,#5326,#5334,#5342,#5350,#5358,#5366,#5374));
#5252 = ORIENTED_EDGE('',*,*,#5253,.F.);
#5253 = EDGE_CURVE('',#5254,#5256,#5258,.T.);
#5254 = VERTEX_POINT('',#5255);
#5255 = CARTESIAN_POINT('',(0.8,0.2,0.6));
#5256 = VERTEX_POINT('',#5257);
#5257 = CARTESIAN_POINT('',(0.8,5.E-02,0.6));
#5258 = LINE('',#5259,#5260);
#5259 = CARTESIAN_POINT('',(0.8,0.2,0.6));
#5260 = VECTOR('',#5261,1.);
#5261 = DIRECTION('',(0.,-1.,0.));
#5262 = ORIENTED_EDGE('',*,*,#5263,.T.);
#5263 = EDGE_CURVE('',#5254,#5264,#5266,.T.);
#5264 = VERTEX_POINT('',#5265);
#5265 = CARTESIAN_POINT('',(0.8,0.2,0.4));
#5266 = LINE('',#5267,#5268);
#5267 = CARTESIAN_POINT('',(0.8,0.2,0.4));
#5268 = VECTOR('',#5269,1.);
#5269 = DIRECTION('',(-0.,-0.,-1.));
#5270 = ORIENTED_EDGE('',*,*,#5271,.T.);
#5271 = EDGE_CURVE('',#5264,#5272,#5274,.T.);
#5272 = VERTEX_POINT('',#5273);
#5273 = CARTESIAN_POINT('',(0.8,5.E-02,0.4));
#5274 = LINE('',#5275,#5276);
#5275 = CARTESIAN_POINT('',(0.8,0.2,0.4));
#5276 = VECTOR('',#5277,1.);
#5277 = DIRECTION('',(0.,-1.,0.));
#5278 = ORIENTED_EDGE('',*,*,#5279,.T.);
#5279 = EDGE_CURVE('',#5272,#5280,#5282,.T.);
#5280 = VERTEX_POINT('',#5281);
#5281 = CARTESIAN_POINT('',(0.8,5.E-02,0.1));
#5282 = LINE('',#5283,#5284);
#5283 = CARTESIAN_POINT('',(0.8,5.E-02,0.8));
#5284 = VECTOR('',#5285,1.);
#5285 = DIRECTION('',(0.,0.,-1.));
#5286 = ORIENTED_EDGE('',*,*,#5287,.F.);
#5287 = EDGE_CURVE('',#5288,#5280,#5290,.T.);
#5288 = VERTEX_POINT('',#5289);
#5289 = CARTESIAN_POINT('',(0.8,0.2,0.1));
#5290 = LINE('',#5291,#5292);
#5291 = CARTESIAN_POINT('',(0.8,0.2,0.1));
#5292 = VECTOR('',#5293,1.);
#5293 = DIRECTION('',(0.,-1.,0.));
#5294 = ORIENTED_EDGE('',*,*,#5295,.T.);
#5295 = EDGE_CURVE('',#5288,#5296,#5298,.T.);
#5296 = VERTEX_POINT('',#5297);
#5297 = CARTESIAN_POINT('',(0.8,0.2,-0.1));
#5298 = LINE('',#5299,#5300);
#5299 = CARTESIAN_POINT('',(0.8,0.2,-0.1));
#5300 = VECTOR('',#5301,1.);
#5301 = DIRECTION('',(-0.,-0.,-1.));
#5302 = ORIENTED_EDGE('',*,*,#5303,.T.);
#5303 = EDGE_CURVE('',#5296,#5304,#5306,.T.);
#5304 = VERTEX_POINT('',#5305);
#5305 = CARTESIAN_POINT('',(0.8,5.E-02,-0.1));
#5306 = LINE('',#5307,#5308);
#5307 = CARTESIAN_POINT('',(0.8,0.2,-0.1));
#5308 = VECTOR('',#5309,1.);
#5309 = DIRECTION('',(0.,-1.,0.));
#5310 = ORIENTED_EDGE('',*,*,#5311,.T.);
#5311 = EDGE_CURVE('',#5304,#5312,#5314,.T.);
#5312 = VERTEX_POINT('',#5313);
#5313 = CARTESIAN_POINT('',(0.8,5.E-02,-0.4));
#5314 = LINE('',#5315,#5316);
#5315 = CARTESIAN_POINT('',(0.8,5.E-02,0.8));
#5316 = VECTOR('',#5317,1.);
#5317 = DIRECTION('',(0.,0.,-1.));
#5318 = ORIENTED_EDGE('',*,*,#5319,.F.);
#5319 = EDGE_CURVE('',#5320,#5312,#5322,.T.);
#5320 = VERTEX_POINT('',#5321);
#5321 = CARTESIAN_POINT('',(0.8,0.2,-0.4));
#5322 = LINE('',#5323,#5324);
#5323 = CARTESIAN_POINT('',(0.8,0.2,-0.4));
#5324 = VECTOR('',#5325,1.);
#5325 = DIRECTION('',(0.,-1.,0.));
#5326 = ORIENTED_EDGE('',*,*,#5327,.T.);
#5327 = EDGE_CURVE('',#5320,#5328,#5330,.T.);
#5328 = VERTEX_POINT('',#5329);
#5329 = CARTESIAN_POINT('',(0.8,0.2,-0.6));
#5330 = LINE('',#5331,#5332);
#5331 = CARTESIAN_POINT('',(0.8,0.2,-0.6));
#5332 = VECTOR('',#5333,1.);
#5333 = DIRECTION('',(-0.,-0.,-1.));
#5334 = ORIENTED_EDGE('',*,*,#5335,.T.);
#5335 = EDGE_CURVE('',#5328,#5336,#5338,.T.);
#5336 = VERTEX_POINT('',#5337);
#5337 = CARTESIAN_POINT('',(0.8,5.E-02,-0.6));
#5338 = LINE('',#5339,#5340);
#5339 = CARTESIAN_POINT('',(0.8,0.2,-0.6));
#5340 = VECTOR('',#5341,1.);
#5341 = DIRECTION('',(0.,-1.,0.));
#5342 = ORIENTED_EDGE('',*,*,#5343,.T.);
#5343 = EDGE_CURVE('',#5336,#5344,#5346,.T.);
#5344 = VERTEX_POINT('',#5345);
#5345 = CARTESIAN_POINT('',(0.8,5.E-02,-0.8));
#5346 = LINE('',#5347,#5348);
#5347 = CARTESIAN_POINT('',(0.8,5.E-02,0.8));
#5348 = VECTOR('',#5349,1.);
#5349 = DIRECTION('',(0.,0.,-1.));
#5350 = ORIENTED_EDGE('',*,*,#5351,.F.);
#5351 = EDGE_CURVE('',#5352,#5344,#5354,.T.);
#5352 = VERTEX_POINT('',#5353);
#5353 = CARTESIAN_POINT('',(0.8,0.5,-0.8));
#5354 = LINE('',#5355,#5356);
#5355 = CARTESIAN_POINT('',(0.8,0.5,-0.8));
#5356 = VECTOR('',#5357,1.);
#5357 = DIRECTION('',(-0.,-1.,-0.));
#5358 = ORIENTED_EDGE('',*,*,#5359,.F.);
#5359 = EDGE_CURVE('',#5360,#5352,#5362,.T.);
#5360 = VERTEX_POINT('',#5361);
#5361 = CARTESIAN_POINT('',(0.8,0.5,0.8));
#5362 = LINE('',#5363,#5364);
#5363 = CARTESIAN_POINT('',(0.8,0.5,0.8));
#5364 = VECTOR('',#5365,1.);
#5365 = DIRECTION('',(0.,0.,-1.));
#5366 = ORIENTED_EDGE('',*,*,#5367,.T.);
#5367 = EDGE_CURVE('',#5360,#5368,#5370,.T.);
#5368 = VERTEX_POINT('',#5369);
#5369 = CARTESIAN_POINT('',(0.8,5.E-02,0.8));
#5370 = LINE('',#5371,#5372);
#5371 = CARTESIAN_POINT('',(0.8,0.5,0.8));
#5372 = VECTOR('',#5373,1.);
#5373 = DIRECTION('',(-0.,-1.,-0.));
#5374 = ORIENTED_EDGE('',*,*,#5375,.T.);
#5375 = EDGE_CURVE('',#5368,#5256,#5376,.T.);
#5376 = LINE('',#5377,#5378);
#5377 = CARTESIAN_POINT('',(0.8,5.E-02,0.8));
#5378 = VECTOR('',#5379,1.);
#5379 = DIRECTION('',(0.,0.,-1.));
#5380 = PLANE('',#5381);
#5381 = AXIS2_PLACEMENT_3D('',#5382,#5383,#5384);
#5382 = CARTESIAN_POINT('',(0.8,0.5,0.8));
#5383 = DIRECTION('',(-1.,0.,0.));
#5384 = DIRECTION('',(0.,0.,1.));
#5385 = ADVANCED_FACE('',(#5386,#5420,#5454,#5488,#5522),#5579,.F.);
#5386 = FACE_BOUND('',#5387,.T.);
#5387 = EDGE_LOOP('',(#5388,#5398,#5406,#5414));
#5388 = ORIENTED_EDGE('',*,*,#5389,.T.);
#5389 = EDGE_CURVE('',#5390,#5392,#5394,.T.);
#5390 = VERTEX_POINT('',#5391);
#5391 = CARTESIAN_POINT('',(-0.59,0.2,-0.8));
#5392 = VERTEX_POINT('',#5393);
#5393 = CARTESIAN_POINT('',(-0.71,0.2,-0.8));
#5394 = LINE('',#5395,#5396);
#5395 = CARTESIAN_POINT('',(-0.71,0.2,-0.8));
#5396 = VECTOR('',#5397,1.);
#5397 = DIRECTION('',(-1.,-2.258754526011E-16,-0.));
#5398 = ORIENTED_EDGE('',*,*,#5399,.T.);
#5399 = EDGE_CURVE('',#5392,#5400,#5402,.T.);
#5400 = VERTEX_POINT('',#5401);
#5401 = CARTESIAN_POINT('',(-0.71,0.14,-0.8));
#5402 = LINE('',#5403,#5404);
#5403 = CARTESIAN_POINT('',(-0.71,0.2,-0.8));
#5404 = VECTOR('',#5405,1.);
#5405 = DIRECTION('',(0.,-1.,0.));
#5406 = ORIENTED_EDGE('',*,*,#5407,.T.);
#5407 = EDGE_CURVE('',#5400,#5408,#5410,.T.);
#5408 = VERTEX_POINT('',#5409);
#5409 = CARTESIAN_POINT('',(-0.59,0.14,-0.8));
#5410 = LINE('',#5411,#5412);
#5411 = CARTESIAN_POINT('',(-0.71,0.14,-0.8));
#5412 = VECTOR('',#5413,1.);
#5413 = DIRECTION('',(1.,2.258754526011E-16,0.));
#5414 = ORIENTED_EDGE('',*,*,#5415,.T.);
#5415 = EDGE_CURVE('',#5408,#5390,#5416,.T.);
#5416 = LINE('',#5417,#5418);
#5417 = CARTESIAN_POINT('',(-0.59,0.2,-0.8));
#5418 = VECTOR('',#5419,1.);
#5419 = DIRECTION('',(-0.,1.,-0.));
#5420 = FACE_BOUND('',#5421,.T.);
#5421 = EDGE_LOOP('',(#5422,#5432,#5440,#5448));
#5422 = ORIENTED_EDGE('',*,*,#5423,.T.);
#5423 = EDGE_CURVE('',#5424,#5426,#5428,.T.);
#5424 = VERTEX_POINT('',#5425);
#5425 = CARTESIAN_POINT('',(-0.265,0.2,-0.8));
#5426 = VERTEX_POINT('',#5427);
#5427 = CARTESIAN_POINT('',(-0.385,0.2,-0.8));
#5428 = LINE('',#5429,#5430);
#5429 = CARTESIAN_POINT('',(-0.385,0.2,-0.8));
#5430 = VECTOR('',#5431,1.);
#5431 = DIRECTION('',(-1.,-2.258754526011E-16,-0.));
#5432 = ORIENTED_EDGE('',*,*,#5433,.T.);
#5433 = EDGE_CURVE('',#5426,#5434,#5436,.T.);
#5434 = VERTEX_POINT('',#5435);
#5435 = CARTESIAN_POINT('',(-0.385,0.14,-0.8));
#5436 = LINE('',#5437,#5438);
#5437 = CARTESIAN_POINT('',(-0.385,0.2,-0.8));
#5438 = VECTOR('',#5439,1.);
#5439 = DIRECTION('',(9.035018104046E-16,-1.,0.));
#5440 = ORIENTED_EDGE('',*,*,#5441,.T.);
#5441 = EDGE_CURVE('',#5434,#5442,#5444,.T.);
#5442 = VERTEX_POINT('',#5443);
#5443 = CARTESIAN_POINT('',(-0.265,0.14,-0.8));
#5444 = LINE('',#5445,#5446);
#5445 = CARTESIAN_POINT('',(-0.385,0.14,-0.8));
#5446 = VECTOR('',#5447,1.);
#5447 = DIRECTION('',(1.,2.258754526011E-16,0.));
#5448 = ORIENTED_EDGE('',*,*,#5449,.T.);
#5449 = EDGE_CURVE('',#5442,#5424,#5450,.T.);
#5450 = LINE('',#5451,#5452);
#5451 = CARTESIAN_POINT('',(-0.265,0.2,-0.8));
#5452 = VECTOR('',#5453,1.);
#5453 = DIRECTION('',(-1.807003620809E-15,1.,-0.));
#5454 = FACE_BOUND('',#5455,.T.);
#5455 = EDGE_LOOP('',(#5456,#5466,#5474,#5482));
#5456 = ORIENTED_EDGE('',*,*,#5457,.T.);
#5457 = EDGE_CURVE('',#5458,#5460,#5462,.T.);
#5458 = VERTEX_POINT('',#5459);
#5459 = CARTESIAN_POINT('',(0.385,0.14,-0.8));
#5460 = VERTEX_POINT('',#5461);
#5461 = CARTESIAN_POINT('',(0.385,0.2,-0.8));
#5462 = LINE('',#5463,#5464);
#5463 = CARTESIAN_POINT('',(0.385,0.2,-0.8));
#5464 = VECTOR('',#5465,1.);
#5465 = DIRECTION('',(9.035018104046E-16,1.,-0.));
#5466 = ORIENTED_EDGE('',*,*,#5467,.T.);
#5467 = EDGE_CURVE('',#5460,#5468,#5470,.T.);
#5468 = VERTEX_POINT('',#5469);
#5469 = CARTESIAN_POINT('',(0.265,0.2,-0.8));
#5470 = LINE('',#5471,#5472);
#5471 = CARTESIAN_POINT('',(0.385,0.2,-0.8));
#5472 = VECTOR('',#5473,1.);
#5473 = DIRECTION('',(-1.,2.258754526011E-16,0.));
#5474 = ORIENTED_EDGE('',*,*,#5475,.T.);
#5475 = EDGE_CURVE('',#5468,#5476,#5478,.T.);
#5476 = VERTEX_POINT('',#5477);
#5477 = CARTESIAN_POINT('',(0.265,0.14,-0.8));
#5478 = LINE('',#5479,#5480);
#5479 = CARTESIAN_POINT('',(0.265,0.2,-0.8));
#5480 = VECTOR('',#5481,1.);
#5481 = DIRECTION('',(-1.807003620809E-15,-1.,0.));
#5482 = ORIENTED_EDGE('',*,*,#5483,.T.);
#5483 = EDGE_CURVE('',#5476,#5458,#5484,.T.);
#5484 = LINE('',#5485,#5486);
#5485 = CARTESIAN_POINT('',(0.385,0.14,-0.8));
#5486 = VECTOR('',#5487,1.);
#5487 = DIRECTION('',(1.,-2.258754526011E-16,-0.));
#5488 = FACE_BOUND('',#5489,.T.);
#5489 = EDGE_LOOP('',(#5490,#5500,#5508,#5516));
#5490 = ORIENTED_EDGE('',*,*,#5491,.T.);
#5491 = EDGE_CURVE('',#5492,#5494,#5496,.T.);
#5492 = VERTEX_POINT('',#5493);
#5493 = CARTESIAN_POINT('',(0.71,0.14,-0.8));
#5494 = VERTEX_POINT('',#5495);
#5495 = CARTESIAN_POINT('',(0.71,0.2,-0.8));
#5496 = LINE('',#5497,#5498);
#5497 = CARTESIAN_POINT('',(0.71,0.2,-0.8));
#5498 = VECTOR('',#5499,1.);
#5499 = DIRECTION('',(-0.,1.,-0.));
#5500 = ORIENTED_EDGE('',*,*,#5501,.T.);
#5501 = EDGE_CURVE('',#5494,#5502,#5504,.T.);
#5502 = VERTEX_POINT('',#5503);
#5503 = CARTESIAN_POINT('',(0.59,0.2,-0.8));
#5504 = LINE('',#5505,#5506);
#5505 = CARTESIAN_POINT('',(0.71,0.2,-0.8));
#5506 = VECTOR('',#5507,1.);
#5507 = DIRECTION('',(-1.,2.258754526011E-16,0.));
#5508 = ORIENTED_EDGE('',*,*,#5509,.T.);
#5509 = EDGE_CURVE('',#5502,#5510,#5512,.T.);
#5510 = VERTEX_POINT('',#5511);
#5511 = CARTESIAN_POINT('',(0.59,0.14,-0.8));
#5512 = LINE('',#5513,#5514);
#5513 = CARTESIAN_POINT('',(0.59,0.2,-0.8));
#5514 = VECTOR('',#5515,1.);
#5515 = DIRECTION('',(0.,-1.,0.));
#5516 = ORIENTED_EDGE('',*,*,#5517,.T.);
#5517 = EDGE_CURVE('',#5510,#5492,#5518,.T.);
#5518 = LINE('',#5519,#5520);
#5519 = CARTESIAN_POINT('',(0.71,0.14,-0.8));
#5520 = VECTOR('',#5521,1.);
#5521 = DIRECTION('',(1.,-2.258754526011E-16,-0.));
#5522 = FACE_BOUND('',#5523,.T.);
#5523 = EDGE_LOOP('',(#5524,#5534,#5542,#5550,#5556,#5557,#5565,#5573));
#5524 = ORIENTED_EDGE('',*,*,#5525,.T.);
#5525 = EDGE_CURVE('',#5526,#5528,#5530,.T.);
#5526 = VERTEX_POINT('',#5527);
#5527 = CARTESIAN_POINT('',(-0.1,0.2,-0.8));
#5528 = VERTEX_POINT('',#5529);
#5529 = CARTESIAN_POINT('',(-0.1,5.E-02,-0.8));
#5530 = LINE('',#5531,#5532);
#5531 = CARTESIAN_POINT('',(-0.1,0.2,-0.8));
#5532 = VECTOR('',#5533,1.);
#5533 = DIRECTION('',(0.,-1.,0.));
#5534 = ORIENTED_EDGE('',*,*,#5535,.T.);
#5535 = EDGE_CURVE('',#5528,#5536,#5538,.T.);
#5536 = VERTEX_POINT('',#5537);
#5537 = CARTESIAN_POINT('',(-0.8,5.E-02,-0.8));
#5538 = LINE('',#5539,#5540);
#5539 = CARTESIAN_POINT('',(-0.8,5.E-02,-0.8));
#5540 = VECTOR('',#5541,1.);
#5541 = DIRECTION('',(-1.,-0.,-0.));
#5542 = ORIENTED_EDGE('',*,*,#5543,.F.);
#5543 = EDGE_CURVE('',#5544,#5536,#5546,.T.);
#5544 = VERTEX_POINT('',#5545);
#5545 = CARTESIAN_POINT('',(-0.8,0.5,-0.8));
#5546 = LINE('',#5547,#5548);
#5547 = CARTESIAN_POINT('',(-0.8,0.5,-0.8));
#5548 = VECTOR('',#5549,1.);
#5549 = DIRECTION('',(-0.,-1.,-0.));
#5550 = ORIENTED_EDGE('',*,*,#5551,.F.);
#5551 = EDGE_CURVE('',#5352,#5544,#5552,.T.);
#5552 = LINE('',#5553,#5554);
#5553 = CARTESIAN_POINT('',(-0.8,0.5,-0.8));
#5554 = VECTOR('',#5555,1.);
#5555 = DIRECTION('',(-1.,-0.,-0.));
#5556 = ORIENTED_EDGE('',*,*,#5351,.T.);
#5557 = ORIENTED_EDGE('',*,*,#5558,.T.);
#5558 = EDGE_CURVE('',#5344,#5559,#5561,.T.);
#5559 = VERTEX_POINT('',#5560);
#5560 = CARTESIAN_POINT('',(0.1,5.E-02,-0.8));
#5561 = LINE('',#5562,#5563);
#5562 = CARTESIAN_POINT('',(-0.8,5.E-02,-0.8));
#5563 = VECTOR('',#5564,1.);
#5564 = DIRECTION('',(-1.,-0.,-0.));
#5565 = ORIENTED_EDGE('',*,*,#5566,.F.);
#5566 = EDGE_CURVE('',#5567,#5559,#5569,.T.);
#5567 = VERTEX_POINT('',#5568);
#5568 = CARTESIAN_POINT('',(0.1,0.2,-0.8));
#5569 = LINE('',#5570,#5571);
#5570 = CARTESIAN_POINT('',(0.1,0.2,-0.8));
#5571 = VECTOR('',#5572,1.);
#5572 = DIRECTION('',(0.,-1.,0.));
#5573 = ORIENTED_EDGE('',*,*,#5574,.T.);
#5574 = EDGE_CURVE('',#5567,#5526,#5575,.T.);
#5575 = LINE('',#5576,#5577);
#5576 = CARTESIAN_POINT('',(-0.1,0.2,-0.8));
#5577 = VECTOR('',#5578,1.);
#5578 = DIRECTION('',(-1.,-0.,-0.));
#5579 = PLANE('',#5580);
#5580 = AXIS2_PLACEMENT_3D('',#5581,#5582,#5583);
#5581 = CARTESIAN_POINT('',(-0.8,0.5,-0.8));
#5582 = DIRECTION('',(0.,0.,1.));
#5583 = DIRECTION('',(1.,0.,-0.));
#5584 = ADVANCED_FACE('',(#5585),#5706,.F.);
#5585 = FACE_BOUND('',#5586,.T.);
#5586 = EDGE_LOOP('',(#5587,#5597,#5605,#5613,#5621,#5629,#5637,#5645,
    #5651,#5652,#5660,#5668,#5676,#5684,#5692,#5700));
#5587 = ORIENTED_EDGE('',*,*,#5588,.T.);
#5588 = EDGE_CURVE('',#5589,#5591,#5593,.T.);
#5589 = VERTEX_POINT('',#5590);
#5590 = CARTESIAN_POINT('',(-0.8,0.2,1.E-01));
#5591 = VERTEX_POINT('',#5592);
#5592 = CARTESIAN_POINT('',(-0.8,5.E-02,1.E-01));
#5593 = LINE('',#5594,#5595);
#5594 = CARTESIAN_POINT('',(-0.8,0.2,1.E-01));
#5595 = VECTOR('',#5596,1.);
#5596 = DIRECTION('',(0.,-1.,0.));
#5597 = ORIENTED_EDGE('',*,*,#5598,.T.);
#5598 = EDGE_CURVE('',#5591,#5599,#5601,.T.);
#5599 = VERTEX_POINT('',#5600);
#5600 = CARTESIAN_POINT('',(-0.8,5.E-02,0.4));
#5601 = LINE('',#5602,#5603);
#5602 = CARTESIAN_POINT('',(-0.8,5.E-02,0.8));
#5603 = VECTOR('',#5604,1.);
#5604 = DIRECTION('',(-0.,-0.,1.));
#5605 = ORIENTED_EDGE('',*,*,#5606,.F.);
#5606 = EDGE_CURVE('',#5607,#5599,#5609,.T.);
#5607 = VERTEX_POINT('',#5608);
#5608 = CARTESIAN_POINT('',(-0.8,0.2,0.4));
#5609 = LINE('',#5610,#5611);
#5610 = CARTESIAN_POINT('',(-0.8,0.2,0.4));
#5611 = VECTOR('',#5612,1.);
#5612 = DIRECTION('',(0.,-1.,0.));
#5613 = ORIENTED_EDGE('',*,*,#5614,.T.);
#5614 = EDGE_CURVE('',#5607,#5615,#5617,.T.);
#5615 = VERTEX_POINT('',#5616);
#5616 = CARTESIAN_POINT('',(-0.8,0.2,0.6));
#5617 = LINE('',#5618,#5619);
#5618 = CARTESIAN_POINT('',(-0.8,0.2,0.4));
#5619 = VECTOR('',#5620,1.);
#5620 = DIRECTION('',(0.,0.,1.));
#5621 = ORIENTED_EDGE('',*,*,#5622,.T.);
#5622 = EDGE_CURVE('',#5615,#5623,#5625,.T.);
#5623 = VERTEX_POINT('',#5624);
#5624 = CARTESIAN_POINT('',(-0.8,5.E-02,0.6));
#5625 = LINE('',#5626,#5627);
#5626 = CARTESIAN_POINT('',(-0.8,0.2,0.6));
#5627 = VECTOR('',#5628,1.);
#5628 = DIRECTION('',(0.,-1.,0.));
#5629 = ORIENTED_EDGE('',*,*,#5630,.T.);
#5630 = EDGE_CURVE('',#5623,#5631,#5633,.T.);
#5631 = VERTEX_POINT('',#5632);
#5632 = CARTESIAN_POINT('',(-0.8,5.E-02,0.8));
#5633 = LINE('',#5634,#5635);
#5634 = CARTESIAN_POINT('',(-0.8,5.E-02,0.8));
#5635 = VECTOR('',#5636,1.);
#5636 = DIRECTION('',(-0.,-0.,1.));
#5637 = ORIENTED_EDGE('',*,*,#5638,.F.);
#5638 = EDGE_CURVE('',#5639,#5631,#5641,.T.);
#5639 = VERTEX_POINT('',#5640);
#5640 = CARTESIAN_POINT('',(-0.8,0.5,0.8));
#5641 = LINE('',#5642,#5643);
#5642 = CARTESIAN_POINT('',(-0.8,0.5,0.8));
#5643 = VECTOR('',#5644,1.);
#5644 = DIRECTION('',(-0.,-1.,-0.));
#5645 = ORIENTED_EDGE('',*,*,#5646,.F.);
#5646 = EDGE_CURVE('',#5544,#5639,#5647,.T.);
#5647 = LINE('',#5648,#5649);
#5648 = CARTESIAN_POINT('',(-0.8,0.5,0.8));
#5649 = VECTOR('',#5650,1.);
#5650 = DIRECTION('',(-0.,-0.,1.));
#5651 = ORIENTED_EDGE('',*,*,#5543,.T.);
#5652 = ORIENTED_EDGE('',*,*,#5653,.T.);
#5653 = EDGE_CURVE('',#5536,#5654,#5656,.T.);
#5654 = VERTEX_POINT('',#5655);
#5655 = CARTESIAN_POINT('',(-0.8,5.E-02,-0.6));
#5656 = LINE('',#5657,#5658);
#5657 = CARTESIAN_POINT('',(-0.8,5.E-02,0.8));
#5658 = VECTOR('',#5659,1.);
#5659 = DIRECTION('',(-0.,-0.,1.));
#5660 = ORIENTED_EDGE('',*,*,#5661,.F.);
#5661 = EDGE_CURVE('',#5662,#5654,#5664,.T.);
#5662 = VERTEX_POINT('',#5663);
#5663 = CARTESIAN_POINT('',(-0.8,0.2,-0.6));
#5664 = LINE('',#5665,#5666);
#5665 = CARTESIAN_POINT('',(-0.8,0.2,-0.6));
#5666 = VECTOR('',#5667,1.);
#5667 = DIRECTION('',(0.,-1.,0.));
#5668 = ORIENTED_EDGE('',*,*,#5669,.T.);
#5669 = EDGE_CURVE('',#5662,#5670,#5672,.T.);
#5670 = VERTEX_POINT('',#5671);
#5671 = CARTESIAN_POINT('',(-0.8,0.2,-0.4));
#5672 = LINE('',#5673,#5674);
#5673 = CARTESIAN_POINT('',(-0.8,0.2,-0.6));
#5674 = VECTOR('',#5675,1.);
#5675 = DIRECTION('',(0.,0.,1.));
#5676 = ORIENTED_EDGE('',*,*,#5677,.T.);
#5677 = EDGE_CURVE('',#5670,#5678,#5680,.T.);
#5678 = VERTEX_POINT('',#5679);
#5679 = CARTESIAN_POINT('',(-0.8,5.E-02,-0.4));
#5680 = LINE('',#5681,#5682);
#5681 = CARTESIAN_POINT('',(-0.8,0.2,-0.4));
#5682 = VECTOR('',#5683,1.);
#5683 = DIRECTION('',(0.,-1.,0.));
#5684 = ORIENTED_EDGE('',*,*,#5685,.T.);
#5685 = EDGE_CURVE('',#5678,#5686,#5688,.T.);
#5686 = VERTEX_POINT('',#5687);
#5687 = CARTESIAN_POINT('',(-0.8,5.E-02,-1.E-01));
#5688 = LINE('',#5689,#5690);
#5689 = CARTESIAN_POINT('',(-0.8,5.E-02,0.8));
#5690 = VECTOR('',#5691,1.);
#5691 = DIRECTION('',(-0.,-0.,1.));
#5692 = ORIENTED_EDGE('',*,*,#5693,.F.);
#5693 = EDGE_CURVE('',#5694,#5686,#5696,.T.);
#5694 = VERTEX_POINT('',#5695);
#5695 = CARTESIAN_POINT('',(-0.8,0.2,-1.E-01));
#5696 = LINE('',#5697,#5698);
#5697 = CARTESIAN_POINT('',(-0.8,0.2,-1.E-01));
#5698 = VECTOR('',#5699,1.);
#5699 = DIRECTION('',(0.,-1.,0.));
#5700 = ORIENTED_EDGE('',*,*,#5701,.T.);
#5701 = EDGE_CURVE('',#5694,#5589,#5702,.T.);
#5702 = LINE('',#5703,#5704);
#5703 = CARTESIAN_POINT('',(-0.8,0.2,-1.E-01));
#5704 = VECTOR('',#5705,1.);
#5705 = DIRECTION('',(-1.084202172486E-15,0.,1.));
#5706 = PLANE('',#5707);
#5707 = AXIS2_PLACEMENT_3D('',#5708,#5709,#5710);
#5708 = CARTESIAN_POINT('',(-0.8,0.5,0.8));
#5709 = DIRECTION('',(1.,-0.,0.));
#5710 = DIRECTION('',(0.,0.,-1.));
#5711 = ADVANCED_FACE('',(#5712,#5746,#5780,#5814,#5848),#5896,.F.);
#5712 = FACE_BOUND('',#5713,.T.);
#5713 = EDGE_LOOP('',(#5714,#5724,#5732,#5740));
#5714 = ORIENTED_EDGE('',*,*,#5715,.F.);
#5715 = EDGE_CURVE('',#5716,#5718,#5720,.T.);
#5716 = VERTEX_POINT('',#5717);
#5717 = CARTESIAN_POINT('',(-0.71,0.14,0.8));
#5718 = VERTEX_POINT('',#5719);
#5719 = CARTESIAN_POINT('',(-0.59,0.14,0.8));
#5720 = LINE('',#5721,#5722);
#5721 = CARTESIAN_POINT('',(-0.71,0.14,0.8));
#5722 = VECTOR('',#5723,1.);
#5723 = DIRECTION('',(1.,2.258754526011E-16,0.));
#5724 = ORIENTED_EDGE('',*,*,#5725,.F.);
#5725 = EDGE_CURVE('',#5726,#5716,#5728,.T.);
#5726 = VERTEX_POINT('',#5727);
#5727 = CARTESIAN_POINT('',(-0.71,0.2,0.8));
#5728 = LINE('',#5729,#5730);
#5729 = CARTESIAN_POINT('',(-0.71,0.2,0.8));
#5730 = VECTOR('',#5731,1.);
#5731 = DIRECTION('',(0.,-1.,0.));
#5732 = ORIENTED_EDGE('',*,*,#5733,.F.);
#5733 = EDGE_CURVE('',#5734,#5726,#5736,.T.);
#5734 = VERTEX_POINT('',#5735);
#5735 = CARTESIAN_POINT('',(-0.59,0.2,0.8));
#5736 = LINE('',#5737,#5738);
#5737 = CARTESIAN_POINT('',(-0.71,0.2,0.8));
#5738 = VECTOR('',#5739,1.);
#5739 = DIRECTION('',(-1.,-2.258754526011E-16,-0.));
#5740 = ORIENTED_EDGE('',*,*,#5741,.F.);
#5741 = EDGE_CURVE('',#5718,#5734,#5742,.T.);
#5742 = LINE('',#5743,#5744);
#5743 = CARTESIAN_POINT('',(-0.59,0.2,0.8));
#5744 = VECTOR('',#5745,1.);
#5745 = DIRECTION('',(-0.,1.,-0.));
#5746 = FACE_BOUND('',#5747,.T.);
#5747 = EDGE_LOOP('',(#5748,#5758,#5766,#5774));
#5748 = ORIENTED_EDGE('',*,*,#5749,.F.);
#5749 = EDGE_CURVE('',#5750,#5752,#5754,.T.);
#5750 = VERTEX_POINT('',#5751);
#5751 = CARTESIAN_POINT('',(-0.385,0.14,0.8));
#5752 = VERTEX_POINT('',#5753);
#5753 = CARTESIAN_POINT('',(-0.265,0.14,0.8));
#5754 = LINE('',#5755,#5756);
#5755 = CARTESIAN_POINT('',(-0.385,0.14,0.8));
#5756 = VECTOR('',#5757,1.);
#5757 = DIRECTION('',(1.,2.258754526011E-16,0.));
#5758 = ORIENTED_EDGE('',*,*,#5759,.F.);
#5759 = EDGE_CURVE('',#5760,#5750,#5762,.T.);
#5760 = VERTEX_POINT('',#5761);
#5761 = CARTESIAN_POINT('',(-0.385,0.2,0.8));
#5762 = LINE('',#5763,#5764);
#5763 = CARTESIAN_POINT('',(-0.385,0.2,0.8));
#5764 = VECTOR('',#5765,1.);
#5765 = DIRECTION('',(9.035018104046E-16,-1.,0.));
#5766 = ORIENTED_EDGE('',*,*,#5767,.F.);
#5767 = EDGE_CURVE('',#5768,#5760,#5770,.T.);
#5768 = VERTEX_POINT('',#5769);
#5769 = CARTESIAN_POINT('',(-0.265,0.2,0.8));
#5770 = LINE('',#5771,#5772);
#5771 = CARTESIAN_POINT('',(-0.385,0.2,0.8));
#5772 = VECTOR('',#5773,1.);
#5773 = DIRECTION('',(-1.,-2.258754526011E-16,-0.));
#5774 = ORIENTED_EDGE('',*,*,#5775,.F.);
#5775 = EDGE_CURVE('',#5752,#5768,#5776,.T.);
#5776 = LINE('',#5777,#5778);
#5777 = CARTESIAN_POINT('',(-0.265,0.2,0.8));
#5778 = VECTOR('',#5779,1.);
#5779 = DIRECTION('',(-1.807003620809E-15,1.,-0.));
#5780 = FACE_BOUND('',#5781,.T.);
#5781 = EDGE_LOOP('',(#5782,#5792,#5800,#5808));
#5782 = ORIENTED_EDGE('',*,*,#5783,.F.);
#5783 = EDGE_CURVE('',#5784,#5786,#5788,.T.);
#5784 = VERTEX_POINT('',#5785);
#5785 = CARTESIAN_POINT('',(0.265,0.2,0.8));
#5786 = VERTEX_POINT('',#5787);
#5787 = CARTESIAN_POINT('',(0.265,0.14,0.8));
#5788 = LINE('',#5789,#5790);
#5789 = CARTESIAN_POINT('',(0.265,0.2,0.8));
#5790 = VECTOR('',#5791,1.);
#5791 = DIRECTION('',(-1.807003620809E-15,-1.,0.));
#5792 = ORIENTED_EDGE('',*,*,#5793,.F.);
#5793 = EDGE_CURVE('',#5794,#5784,#5796,.T.);
#5794 = VERTEX_POINT('',#5795);
#5795 = CARTESIAN_POINT('',(0.385,0.2,0.8));
#5796 = LINE('',#5797,#5798);
#5797 = CARTESIAN_POINT('',(0.385,0.2,0.8));
#5798 = VECTOR('',#5799,1.);
#5799 = DIRECTION('',(-1.,2.258754526011E-16,0.));
#5800 = ORIENTED_EDGE('',*,*,#5801,.F.);
#5801 = EDGE_CURVE('',#5802,#5794,#5804,.T.);
#5802 = VERTEX_POINT('',#5803);
#5803 = CARTESIAN_POINT('',(0.385,0.14,0.8));
#5804 = LINE('',#5805,#5806);
#5805 = CARTESIAN_POINT('',(0.385,0.2,0.8));
#5806 = VECTOR('',#5807,1.);
#5807 = DIRECTION('',(9.035018104046E-16,1.,-0.));
#5808 = ORIENTED_EDGE('',*,*,#5809,.F.);
#5809 = EDGE_CURVE('',#5786,#5802,#5810,.T.);
#5810 = LINE('',#5811,#5812);
#5811 = CARTESIAN_POINT('',(0.385,0.14,0.8));
#5812 = VECTOR('',#5813,1.);
#5813 = DIRECTION('',(1.,-2.258754526011E-16,-0.));
#5814 = FACE_BOUND('',#5815,.T.);
#5815 = EDGE_LOOP('',(#5816,#5826,#5834,#5842));
#5816 = ORIENTED_EDGE('',*,*,#5817,.F.);
#5817 = EDGE_CURVE('',#5818,#5820,#5822,.T.);
#5818 = VERTEX_POINT('',#5819);
#5819 = CARTESIAN_POINT('',(0.59,0.2,0.8));
#5820 = VERTEX_POINT('',#5821);
#5821 = CARTESIAN_POINT('',(0.59,0.14,0.8));
#5822 = LINE('',#5823,#5824);
#5823 = CARTESIAN_POINT('',(0.59,0.2,0.8));
#5824 = VECTOR('',#5825,1.);
#5825 = DIRECTION('',(0.,-1.,0.));
#5826 = ORIENTED_EDGE('',*,*,#5827,.F.);
#5827 = EDGE_CURVE('',#5828,#5818,#5830,.T.);
#5828 = VERTEX_POINT('',#5829);
#5829 = CARTESIAN_POINT('',(0.71,0.2,0.8));
#5830 = LINE('',#5831,#5832);
#5831 = CARTESIAN_POINT('',(0.71,0.2,0.8));
#5832 = VECTOR('',#5833,1.);
#5833 = DIRECTION('',(-1.,2.258754526011E-16,0.));
#5834 = ORIENTED_EDGE('',*,*,#5835,.F.);
#5835 = EDGE_CURVE('',#5836,#5828,#5838,.T.);
#5836 = VERTEX_POINT('',#5837);
#5837 = CARTESIAN_POINT('',(0.71,0.14,0.8));
#5838 = LINE('',#5839,#5840);
#5839 = CARTESIAN_POINT('',(0.71,0.2,0.8));
#5840 = VECTOR('',#5841,1.);
#5841 = DIRECTION('',(-0.,1.,-0.));
#5842 = ORIENTED_EDGE('',*,*,#5843,.F.);
#5843 = EDGE_CURVE('',#5820,#5836,#5844,.T.);
#5844 = LINE('',#5845,#5846);
#5845 = CARTESIAN_POINT('',(0.71,0.14,0.8));
#5846 = VECTOR('',#5847,1.);
#5847 = DIRECTION('',(1.,-2.258754526011E-16,-0.));
#5848 = FACE_BOUND('',#5849,.T.);
#5849 = EDGE_LOOP('',(#5850,#5860,#5868,#5876,#5882,#5883,#5889,#5890));
#5850 = ORIENTED_EDGE('',*,*,#5851,.F.);
#5851 = EDGE_CURVE('',#5852,#5854,#5856,.T.);
#5852 = VERTEX_POINT('',#5853);
#5853 = CARTESIAN_POINT('',(-1.E-01,0.2,0.8));
#5854 = VERTEX_POINT('',#5855);
#5855 = CARTESIAN_POINT('',(-1.E-01,5.E-02,0.8));
#5856 = LINE('',#5857,#5858);
#5857 = CARTESIAN_POINT('',(-1.E-01,0.2,0.8));
#5858 = VECTOR('',#5859,1.);
#5859 = DIRECTION('',(0.,-1.,0.));
#5860 = ORIENTED_EDGE('',*,*,#5861,.T.);
#5861 = EDGE_CURVE('',#5852,#5862,#5864,.T.);
#5862 = VERTEX_POINT('',#5863);
#5863 = CARTESIAN_POINT('',(0.1,0.2,0.8));
#5864 = LINE('',#5865,#5866);
#5865 = CARTESIAN_POINT('',(-1.E-01,0.2,0.8));
#5866 = VECTOR('',#5867,1.);
#5867 = DIRECTION('',(1.,0.,0.));
#5868 = ORIENTED_EDGE('',*,*,#5869,.T.);
#5869 = EDGE_CURVE('',#5862,#5870,#5872,.T.);
#5870 = VERTEX_POINT('',#5871);
#5871 = CARTESIAN_POINT('',(0.1,5.E-02,0.8));
#5872 = LINE('',#5873,#5874);
#5873 = CARTESIAN_POINT('',(0.1,0.2,0.8));
#5874 = VECTOR('',#5875,1.);
#5875 = DIRECTION('',(0.,-1.,0.));
#5876 = ORIENTED_EDGE('',*,*,#5877,.T.);
#5877 = EDGE_CURVE('',#5870,#5368,#5878,.T.);
#5878 = LINE('',#5879,#5880);
#5879 = CARTESIAN_POINT('',(-0.8,5.E-02,0.8));
#5880 = VECTOR('',#5881,1.);
#5881 = DIRECTION('',(1.,0.,0.));
#5882 = ORIENTED_EDGE('',*,*,#5367,.F.);
#5883 = ORIENTED_EDGE('',*,*,#5884,.F.);
#5884 = EDGE_CURVE('',#5639,#5360,#5885,.T.);
#5885 = LINE('',#5886,#5887);
#5886 = CARTESIAN_POINT('',(-0.8,0.5,0.8));
#5887 = VECTOR('',#5888,1.);
#5888 = DIRECTION('',(1.,0.,0.));
#5889 = ORIENTED_EDGE('',*,*,#5638,.T.);
#5890 = ORIENTED_EDGE('',*,*,#5891,.T.);
#5891 = EDGE_CURVE('',#5631,#5854,#5892,.T.);
#5892 = LINE('',#5893,#5894);
#5893 = CARTESIAN_POINT('',(-0.8,5.E-02,0.8));
#5894 = VECTOR('',#5895,1.);
#5895 = DIRECTION('',(1.,0.,0.));
#5896 = PLANE('',#5897);
#5897 = AXIS2_PLACEMENT_3D('',#5898,#5899,#5900);
#5898 = CARTESIAN_POINT('',(-0.8,0.5,0.8));
#5899 = DIRECTION('',(0.,0.,-1.));
#5900 = DIRECTION('',(-1.,0.,-0.));
#5901 = ADVANCED_FACE('',(#5902,#5936),#6126,.T.);
#5902 = FACE_BOUND('',#5903,.T.);
#5903 = EDGE_LOOP('',(#5904,#5914,#5922,#5930));
#5904 = ORIENTED_EDGE('',*,*,#5905,.F.);
#5905 = EDGE_CURVE('',#5906,#5908,#5910,.T.);
#5906 = VERTEX_POINT('',#5907);
#5907 = CARTESIAN_POINT('',(-0.15,5.E-02,0.15));
#5908 = VERTEX_POINT('',#5909);
#5909 = CARTESIAN_POINT('',(-0.15,5.E-02,-0.15));
#5910 = LINE('',#5911,#5912);
#5911 = CARTESIAN_POINT('',(-0.15,5.E-02,-0.15));
#5912 = VECTOR('',#5913,1.);
#5913 = DIRECTION('',(-0.,-0.,-1.));
#5914 = ORIENTED_EDGE('',*,*,#5915,.F.);
#5915 = EDGE_CURVE('',#5916,#5906,#5918,.T.);
#5916 = VERTEX_POINT('',#5917);
#5917 = CARTESIAN_POINT('',(0.15,5.E-02,0.15));
#5918 = LINE('',#5919,#5920);
#5919 = CARTESIAN_POINT('',(-0.15,5.E-02,0.15));
#5920 = VECTOR('',#5921,1.);
#5921 = DIRECTION('',(-1.,-0.,-0.));
#5922 = ORIENTED_EDGE('',*,*,#5923,.F.);
#5923 = EDGE_CURVE('',#5924,#5916,#5926,.T.);
#5924 = VERTEX_POINT('',#5925);
#5925 = CARTESIAN_POINT('',(0.15,5.E-02,-0.15));
#5926 = LINE('',#5927,#5928);
#5927 = CARTESIAN_POINT('',(0.15,5.E-02,-0.15));
#5928 = VECTOR('',#5929,1.);
#5929 = DIRECTION('',(0.,0.,1.));
#5930 = ORIENTED_EDGE('',*,*,#5931,.F.);
#5931 = EDGE_CURVE('',#5908,#5924,#5932,.T.);
#5932 = LINE('',#5933,#5934);
#5933 = CARTESIAN_POINT('',(-0.15,5.E-02,-0.15));
#5934 = VECTOR('',#5935,1.);
#5935 = DIRECTION('',(1.,0.,0.));
#5936 = FACE_BOUND('',#5937,.T.);
#5937 = EDGE_LOOP('',(#5938,#5939,#5947,#5955,#5961,#5962,#5970,#5978,
    #5984,#5985,#5986,#5994,#6002,#6008,#6009,#6010,#6018,#6026,#6032,
    #6033,#6041,#6049,#6055,#6056,#6064,#6072,#6078,#6079,#6080,#6088,
    #6096,#6102,#6103,#6104,#6112,#6120));
#5938 = ORIENTED_EDGE('',*,*,#5598,.F.);
#5939 = ORIENTED_EDGE('',*,*,#5940,.T.);
#5940 = EDGE_CURVE('',#5591,#5941,#5943,.T.);
#5941 = VERTEX_POINT('',#5942);
#5942 = CARTESIAN_POINT('',(-0.4,5.E-02,0.1));
#5943 = LINE('',#5944,#5945);
#5944 = CARTESIAN_POINT('',(-2.371692252312E-17,5.E-02,0.1));
#5945 = VECTOR('',#5946,1.);
#5946 = DIRECTION('',(1.,0.,2.371692252312E-16));
#5947 = ORIENTED_EDGE('',*,*,#5948,.T.);
#5948 = EDGE_CURVE('',#5941,#5949,#5951,.T.);
#5949 = VERTEX_POINT('',#5950);
#5950 = CARTESIAN_POINT('',(-0.4,5.E-02,-0.1));
#5951 = LINE('',#5952,#5953);
#5952 = CARTESIAN_POINT('',(-0.4,5.E-02,0.));
#5953 = VECTOR('',#5954,1.);
#5954 = DIRECTION('',(0.,0.,-1.));
#5955 = ORIENTED_EDGE('',*,*,#5956,.T.);
#5956 = EDGE_CURVE('',#5949,#5686,#5957,.T.);
#5957 = LINE('',#5958,#5959);
#5958 = CARTESIAN_POINT('',(-2.710505431214E-17,5.E-02,-0.1));
#5959 = VECTOR('',#5960,1.);
#5960 = DIRECTION('',(-1.,0.,2.710505431214E-16));
#5961 = ORIENTED_EDGE('',*,*,#5685,.F.);
#5962 = ORIENTED_EDGE('',*,*,#5963,.T.);
#5963 = EDGE_CURVE('',#5678,#5964,#5966,.T.);
#5964 = VERTEX_POINT('',#5965);
#5965 = CARTESIAN_POINT('',(-0.4,5.E-02,-0.4));
#5966 = LINE('',#5967,#5968);
#5967 = CARTESIAN_POINT('',(0.,5.E-02,-0.4));
#5968 = VECTOR('',#5969,1.);
#5969 = DIRECTION('',(1.,0.,0.));
#5970 = ORIENTED_EDGE('',*,*,#5971,.T.);
#5971 = EDGE_CURVE('',#5964,#5972,#5974,.T.);
#5972 = VERTEX_POINT('',#5973);
#5973 = CARTESIAN_POINT('',(-0.4,5.E-02,-0.6));
#5974 = LINE('',#5975,#5976);
#5975 = CARTESIAN_POINT('',(-0.4,5.E-02,0.));
#5976 = VECTOR('',#5977,1.);
#5977 = DIRECTION('',(0.,0.,-1.));
#5978 = ORIENTED_EDGE('',*,*,#5979,.T.);
#5979 = EDGE_CURVE('',#5972,#5654,#5980,.T.);
#5980 = LINE('',#5981,#5982);
#5981 = CARTESIAN_POINT('',(0.,5.E-02,-0.6));
#5982 = VECTOR('',#5983,1.);
#5983 = DIRECTION('',(-1.,0.,0.));
#5984 = ORIENTED_EDGE('',*,*,#5653,.F.);
#5985 = ORIENTED_EDGE('',*,*,#5535,.F.);
#5986 = ORIENTED_EDGE('',*,*,#5987,.T.);
#5987 = EDGE_CURVE('',#5528,#5988,#5990,.T.);
#5988 = VERTEX_POINT('',#5989);
#5989 = CARTESIAN_POINT('',(-0.1,5.E-02,-0.4));
#5990 = LINE('',#5991,#5992);
#5991 = CARTESIAN_POINT('',(-0.1,5.E-02,2.03287907341E-17));
#5992 = VECTOR('',#5993,1.);
#5993 = DIRECTION('',(2.03287907341E-16,0.,1.));
#5994 = ORIENTED_EDGE('',*,*,#5995,.T.);
#5995 = EDGE_CURVE('',#5988,#5996,#5998,.T.);
#5996 = VERTEX_POINT('',#5997);
#5997 = CARTESIAN_POINT('',(0.1,5.E-02,-0.4));
#5998 = LINE('',#5999,#6000);
#5999 = CARTESIAN_POINT('',(0.,5.E-02,-0.4));
#6000 = VECTOR('',#6001,1.);
#6001 = DIRECTION('',(1.,0.,0.));
#6002 = ORIENTED_EDGE('',*,*,#6003,.T.);
#6003 = EDGE_CURVE('',#5996,#5559,#6004,.T.);
#6004 = LINE('',#6005,#6006);
#6005 = CARTESIAN_POINT('',(0.1,5.E-02,0.));
#6006 = VECTOR('',#6007,1.);
#6007 = DIRECTION('',(0.,0.,-1.));
#6008 = ORIENTED_EDGE('',*,*,#5558,.F.);
#6009 = ORIENTED_EDGE('',*,*,#5343,.F.);
#6010 = ORIENTED_EDGE('',*,*,#6011,.T.);
#6011 = EDGE_CURVE('',#5336,#6012,#6014,.T.);
#6012 = VERTEX_POINT('',#6013);
#6013 = CARTESIAN_POINT('',(0.4,5.E-02,-0.6));
#6014 = LINE('',#6015,#6016);
#6015 = CARTESIAN_POINT('',(0.,5.E-02,-0.6));
#6016 = VECTOR('',#6017,1.);
#6017 = DIRECTION('',(-1.,0.,0.));
#6018 = ORIENTED_EDGE('',*,*,#6019,.T.);
#6019 = EDGE_CURVE('',#6012,#6020,#6022,.T.);
#6020 = VERTEX_POINT('',#6021);
#6021 = CARTESIAN_POINT('',(0.4,5.E-02,-0.4));
#6022 = LINE('',#6023,#6024);
#6023 = CARTESIAN_POINT('',(0.4,5.E-02,0.));
#6024 = VECTOR('',#6025,1.);
#6025 = DIRECTION('',(0.,0.,1.));
#6026 = ORIENTED_EDGE('',*,*,#6027,.T.);
#6027 = EDGE_CURVE('',#6020,#5312,#6028,.T.);
#6028 = LINE('',#6029,#6030);
#6029 = CARTESIAN_POINT('',(0.,5.E-02,-0.4));
#6030 = VECTOR('',#6031,1.);
#6031 = DIRECTION('',(1.,0.,0.));
#6032 = ORIENTED_EDGE('',*,*,#5311,.F.);
#6033 = ORIENTED_EDGE('',*,*,#6034,.T.);
#6034 = EDGE_CURVE('',#5304,#6035,#6037,.T.);
#6035 = VERTEX_POINT('',#6036);
#6036 = CARTESIAN_POINT('',(0.4,5.E-02,-1.E-01));
#6037 = LINE('',#6038,#6039);
#6038 = CARTESIAN_POINT('',(-2.710505431214E-17,5.E-02,-1.E-01));
#6039 = VECTOR('',#6040,1.);
#6040 = DIRECTION('',(-1.,0.,2.710505431214E-16));
#6041 = ORIENTED_EDGE('',*,*,#6042,.T.);
#6042 = EDGE_CURVE('',#6035,#6043,#6045,.T.);
#6043 = VERTEX_POINT('',#6044);
#6044 = CARTESIAN_POINT('',(0.4,5.E-02,1.E-01));
#6045 = LINE('',#6046,#6047);
#6046 = CARTESIAN_POINT('',(0.4,5.E-02,0.));
#6047 = VECTOR('',#6048,1.);
#6048 = DIRECTION('',(0.,0.,1.));
#6049 = ORIENTED_EDGE('',*,*,#6050,.T.);
#6050 = EDGE_CURVE('',#6043,#5280,#6051,.T.);
#6051 = LINE('',#6052,#6053);
#6052 = CARTESIAN_POINT('',(-1.355252715607E-17,5.E-02,1.E-01));
#6053 = VECTOR('',#6054,1.);
#6054 = DIRECTION('',(1.,0.,1.355252715607E-16));
#6055 = ORIENTED_EDGE('',*,*,#5279,.F.);
#6056 = ORIENTED_EDGE('',*,*,#6057,.T.);
#6057 = EDGE_CURVE('',#5272,#6058,#6060,.T.);
#6058 = VERTEX_POINT('',#6059);
#6059 = CARTESIAN_POINT('',(0.4,5.E-02,0.4));
#6060 = LINE('',#6061,#6062);
#6061 = CARTESIAN_POINT('',(1.084202172486E-16,5.E-02,0.4));
#6062 = VECTOR('',#6063,1.);
#6063 = DIRECTION('',(-1.,0.,2.710505431214E-16));
#6064 = ORIENTED_EDGE('',*,*,#6065,.T.);
#6065 = EDGE_CURVE('',#6058,#6066,#6068,.T.);
#6066 = VERTEX_POINT('',#6067);
#6067 = CARTESIAN_POINT('',(0.4,5.E-02,0.6));
#6068 = LINE('',#6069,#6070);
#6069 = CARTESIAN_POINT('',(0.4,5.E-02,0.));
#6070 = VECTOR('',#6071,1.);
#6071 = DIRECTION('',(0.,0.,1.));
#6072 = ORIENTED_EDGE('',*,*,#6073,.T.);
#6073 = EDGE_CURVE('',#6066,#5256,#6074,.T.);
#6074 = LINE('',#6075,#6076);
#6075 = CARTESIAN_POINT('',(0.,5.E-02,0.6));
#6076 = VECTOR('',#6077,1.);
#6077 = DIRECTION('',(1.,0.,0.));
#6078 = ORIENTED_EDGE('',*,*,#5375,.F.);
#6079 = ORIENTED_EDGE('',*,*,#5877,.F.);
#6080 = ORIENTED_EDGE('',*,*,#6081,.T.);
#6081 = EDGE_CURVE('',#5870,#6082,#6084,.T.);
#6082 = VERTEX_POINT('',#6083);
#6083 = CARTESIAN_POINT('',(0.1,5.E-02,0.4));
#6084 = LINE('',#6085,#6086);
#6085 = CARTESIAN_POINT('',(0.1,5.E-02,0.));
#6086 = VECTOR('',#6087,1.);
#6087 = DIRECTION('',(0.,0.,-1.));
#6088 = ORIENTED_EDGE('',*,*,#6089,.T.);
#6089 = EDGE_CURVE('',#6082,#6090,#6092,.T.);
#6090 = VERTEX_POINT('',#6091);
#6091 = CARTESIAN_POINT('',(-0.1,5.E-02,0.4));
#6092 = LINE('',#6093,#6094);
#6093 = CARTESIAN_POINT('',(0.,5.E-02,0.4));
#6094 = VECTOR('',#6095,1.);
#6095 = DIRECTION('',(-1.,0.,0.));
#6096 = ORIENTED_EDGE('',*,*,#6097,.T.);
#6097 = EDGE_CURVE('',#6090,#5854,#6098,.T.);
#6098 = LINE('',#6099,#6100);
#6099 = CARTESIAN_POINT('',(-0.1,5.E-02,2.03287907341E-17));
#6100 = VECTOR('',#6101,1.);
#6101 = DIRECTION('',(2.03287907341E-16,0.,1.));
#6102 = ORIENTED_EDGE('',*,*,#5891,.F.);
#6103 = ORIENTED_EDGE('',*,*,#5630,.F.);
#6104 = ORIENTED_EDGE('',*,*,#6105,.T.);
#6105 = EDGE_CURVE('',#5623,#6106,#6108,.T.);
#6106 = VERTEX_POINT('',#6107);
#6107 = CARTESIAN_POINT('',(-0.4,5.E-02,0.6));
#6108 = LINE('',#6109,#6110);
#6109 = CARTESIAN_POINT('',(0.,5.E-02,0.6));
#6110 = VECTOR('',#6111,1.);
#6111 = DIRECTION('',(1.,0.,0.));
#6112 = ORIENTED_EDGE('',*,*,#6113,.T.);
#6113 = EDGE_CURVE('',#6106,#6114,#6116,.T.);
#6114 = VERTEX_POINT('',#6115);
#6115 = CARTESIAN_POINT('',(-0.4,5.E-02,0.4));
#6116 = LINE('',#6117,#6118);
#6117 = CARTESIAN_POINT('',(-0.4,5.E-02,0.));
#6118 = VECTOR('',#6119,1.);
#6119 = DIRECTION('',(0.,0.,-1.));
#6120 = ORIENTED_EDGE('',*,*,#6121,.T.);
#6121 = EDGE_CURVE('',#6114,#5599,#6122,.T.);
#6122 = LINE('',#6123,#6124);
#6123 = CARTESIAN_POINT('',(1.084202172486E-16,5.E-02,0.4));
#6124 = VECTOR('',#6125,1.);
#6125 = DIRECTION('',(-1.,0.,2.710505431214E-16));
#6126 = PLANE('',#6127);
#6127 = AXIS2_PLACEMENT_3D('',#6128,#6129,#6130);
#6128 = CARTESIAN_POINT('',(0.,5.E-02,0.));
#6129 = DIRECTION('',(0.,-1.,0.));
#6130 = DIRECTION('',(0.,-0.,-1.));
#6131 = ADVANCED_FACE('',(#6132,#6142),#6148,.F.);
#6132 = FACE_BOUND('',#6133,.T.);
#6133 = EDGE_LOOP('',(#6134,#6141));
#6134 = ORIENTED_EDGE('',*,*,#6135,.F.);
#6135 = EDGE_CURVE('',#5214,#5222,#6136,.T.);
#6136 = CIRCLE('',#6137,0.1);
#6137 = AXIS2_PLACEMENT_3D('',#6138,#6139,#6140);
#6138 = CARTESIAN_POINT('',(-0.6,0.5,-0.6));
#6139 = DIRECTION('',(0.,1.,0.));
#6140 = DIRECTION('',(0.,-0.,1.));
#6141 = ORIENTED_EDGE('',*,*,#5221,.F.);
#6142 = FACE_BOUND('',#6143,.T.);
#6143 = EDGE_LOOP('',(#6144,#6145,#6146,#6147));
#6144 = ORIENTED_EDGE('',*,*,#5359,.T.);
#6145 = ORIENTED_EDGE('',*,*,#5551,.T.);
#6146 = ORIENTED_EDGE('',*,*,#5646,.T.);
#6147 = ORIENTED_EDGE('',*,*,#5884,.T.);
#6148 = PLANE('',#6149);
#6149 = AXIS2_PLACEMENT_3D('',#6150,#6151,#6152);
#6150 = CARTESIAN_POINT('',(0.,0.5,0.));
#6151 = DIRECTION('',(0.,-1.,0.));
#6152 = DIRECTION('',(0.,-0.,-1.));
#6153 = ADVANCED_FACE('',(#6154),#6204,.T.);
#6154 = FACE_BOUND('',#6155,.T.);
#6155 = EDGE_LOOP('',(#6156,#6166,#6174,#6182,#6190,#6196,#6197,#6198));
#6156 = ORIENTED_EDGE('',*,*,#6157,.F.);
#6157 = EDGE_CURVE('',#6158,#6160,#6162,.T.);
#6158 = VERTEX_POINT('',#6159);
#6159 = CARTESIAN_POINT('',(-0.71,0.14,-0.4));
#6160 = VERTEX_POINT('',#6161);
#6161 = CARTESIAN_POINT('',(-0.71,0.2,-0.4));
#6162 = LINE('',#6163,#6164);
#6163 = CARTESIAN_POINT('',(-0.71,0.2,-0.4));
#6164 = VECTOR('',#6165,1.);
#6165 = DIRECTION('',(0.,1.,0.));
#6166 = ORIENTED_EDGE('',*,*,#6167,.F.);
#6167 = EDGE_CURVE('',#6168,#6158,#6170,.T.);
#6168 = VERTEX_POINT('',#6169);
#6169 = CARTESIAN_POINT('',(-0.59,0.14,-0.4));
#6170 = LINE('',#6171,#6172);
#6171 = CARTESIAN_POINT('',(-0.8,0.14,-0.4));
#6172 = VECTOR('',#6173,1.);
#6173 = DIRECTION('',(-1.,-2.258754526011E-16,0.));
#6174 = ORIENTED_EDGE('',*,*,#6175,.F.);
#6175 = EDGE_CURVE('',#6176,#6168,#6178,.T.);
#6176 = VERTEX_POINT('',#6177);
#6177 = CARTESIAN_POINT('',(-0.59,0.2,-0.4));
#6178 = LINE('',#6179,#6180);
#6179 = CARTESIAN_POINT('',(-0.59,0.2,-0.4));
#6180 = VECTOR('',#6181,1.);
#6181 = DIRECTION('',(0.,-1.,0.));
#6182 = ORIENTED_EDGE('',*,*,#6183,.T.);
#6183 = EDGE_CURVE('',#6176,#6184,#6186,.T.);
#6184 = VERTEX_POINT('',#6185);
#6185 = CARTESIAN_POINT('',(-0.4,0.2,-0.4));
#6186 = LINE('',#6187,#6188);
#6187 = CARTESIAN_POINT('',(-0.8,0.2,-0.4));
#6188 = VECTOR('',#6189,1.);
#6189 = DIRECTION('',(1.,0.,0.));
#6190 = ORIENTED_EDGE('',*,*,#6191,.T.);
#6191 = EDGE_CURVE('',#6184,#5964,#6192,.T.);
#6192 = LINE('',#6193,#6194);
#6193 = CARTESIAN_POINT('',(-0.4,0.2,-0.4));
#6194 = VECTOR('',#6195,1.);
#6195 = DIRECTION('',(0.,-1.,0.));
#6196 = ORIENTED_EDGE('',*,*,#5963,.F.);
#6197 = ORIENTED_EDGE('',*,*,#5677,.F.);
#6198 = ORIENTED_EDGE('',*,*,#6199,.T.);
#6199 = EDGE_CURVE('',#5670,#6160,#6200,.T.);
#6200 = LINE('',#6201,#6202);
#6201 = CARTESIAN_POINT('',(-0.8,0.2,-0.4));
#6202 = VECTOR('',#6203,1.);
#6203 = DIRECTION('',(1.,0.,0.));
#6204 = PLANE('',#6205);
#6205 = AXIS2_PLACEMENT_3D('',#6206,#6207,#6208);
#6206 = CARTESIAN_POINT('',(-0.8,0.2,-0.4));
#6207 = DIRECTION('',(0.,0.,-1.));
#6208 = DIRECTION('',(-1.,0.,-0.));
#6209 = ADVANCED_FACE('',(#6210),#6228,.T.);
#6210 = FACE_BOUND('',#6211,.T.);
#6211 = EDGE_LOOP('',(#6212,#6213,#6221,#6227));
#6212 = ORIENTED_EDGE('',*,*,#6191,.F.);
#6213 = ORIENTED_EDGE('',*,*,#6214,.T.);
#6214 = EDGE_CURVE('',#6184,#6215,#6217,.T.);
#6215 = VERTEX_POINT('',#6216);
#6216 = CARTESIAN_POINT('',(-0.4,0.2,-0.6));
#6217 = LINE('',#6218,#6219);
#6218 = CARTESIAN_POINT('',(-0.4,0.2,-0.6));
#6219 = VECTOR('',#6220,1.);
#6220 = DIRECTION('',(-0.,-0.,-1.));
#6221 = ORIENTED_EDGE('',*,*,#6222,.T.);
#6222 = EDGE_CURVE('',#6215,#5972,#6223,.T.);
#6223 = LINE('',#6224,#6225);
#6224 = CARTESIAN_POINT('',(-0.4,0.2,-0.6));
#6225 = VECTOR('',#6226,1.);
#6226 = DIRECTION('',(0.,-1.,0.));
#6227 = ORIENTED_EDGE('',*,*,#5971,.F.);
#6228 = PLANE('',#6229);
#6229 = AXIS2_PLACEMENT_3D('',#6230,#6231,#6232);
#6230 = CARTESIAN_POINT('',(-0.4,0.2,-0.6));
#6231 = DIRECTION('',(-1.,0.,0.));
#6232 = DIRECTION('',(0.,0.,1.));
#6233 = ADVANCED_FACE('',(#6234),#6277,.T.);
#6234 = FACE_BOUND('',#6235,.T.);
#6235 = EDGE_LOOP('',(#6236,#6246,#6252,#6253,#6254,#6255,#6263,#6271));
#6236 = ORIENTED_EDGE('',*,*,#6237,.F.);
#6237 = EDGE_CURVE('',#6238,#6240,#6242,.T.);
#6238 = VERTEX_POINT('',#6239);
#6239 = CARTESIAN_POINT('',(-0.71,0.2,-0.6));
#6240 = VERTEX_POINT('',#6241);
#6241 = CARTESIAN_POINT('',(-0.71,0.14,-0.6));
#6242 = LINE('',#6243,#6244);
#6243 = CARTESIAN_POINT('',(-0.71,0.2,-0.6));
#6244 = VECTOR('',#6245,1.);
#6245 = DIRECTION('',(0.,-1.,0.));
#6246 = ORIENTED_EDGE('',*,*,#6247,.T.);
#6247 = EDGE_CURVE('',#6238,#5662,#6248,.T.);
#6248 = LINE('',#6249,#6250);
#6249 = CARTESIAN_POINT('',(-0.8,0.2,-0.6));
#6250 = VECTOR('',#6251,1.);
#6251 = DIRECTION('',(-1.,-0.,-0.));
#6252 = ORIENTED_EDGE('',*,*,#5661,.T.);
#6253 = ORIENTED_EDGE('',*,*,#5979,.F.);
#6254 = ORIENTED_EDGE('',*,*,#6222,.F.);
#6255 = ORIENTED_EDGE('',*,*,#6256,.T.);
#6256 = EDGE_CURVE('',#6215,#6257,#6259,.T.);
#6257 = VERTEX_POINT('',#6258);
#6258 = CARTESIAN_POINT('',(-0.59,0.2,-0.6));
#6259 = LINE('',#6260,#6261);
#6260 = CARTESIAN_POINT('',(-0.8,0.2,-0.6));
#6261 = VECTOR('',#6262,1.);
#6262 = DIRECTION('',(-1.,-0.,-0.));
#6263 = ORIENTED_EDGE('',*,*,#6264,.F.);
#6264 = EDGE_CURVE('',#6265,#6257,#6267,.T.);
#6265 = VERTEX_POINT('',#6266);
#6266 = CARTESIAN_POINT('',(-0.59,0.14,-0.6));
#6267 = LINE('',#6268,#6269);
#6268 = CARTESIAN_POINT('',(-0.59,0.2,-0.6));
#6269 = VECTOR('',#6270,1.);
#6270 = DIRECTION('',(0.,1.,-0.));
#6271 = ORIENTED_EDGE('',*,*,#6272,.F.);
#6272 = EDGE_CURVE('',#6240,#6265,#6273,.T.);
#6273 = LINE('',#6274,#6275);
#6274 = CARTESIAN_POINT('',(-0.8,0.14,-0.6));
#6275 = VECTOR('',#6276,1.);
#6276 = DIRECTION('',(1.,2.258754526011E-16,0.));
#6277 = PLANE('',#6278);
#6278 = AXIS2_PLACEMENT_3D('',#6279,#6280,#6281);
#6279 = CARTESIAN_POINT('',(-0.8,0.2,-0.6));
#6280 = DIRECTION('',(-0.,0.,1.));
#6281 = DIRECTION('',(1.,0.,0.));
#6282 = ADVANCED_FACE('',(#6283),#6333,.T.);
#6283 = FACE_BOUND('',#6284,.T.);
#6284 = EDGE_LOOP('',(#6285,#6295,#6303,#6311,#6319,#6325,#6326,#6327));
#6285 = ORIENTED_EDGE('',*,*,#6286,.F.);
#6286 = EDGE_CURVE('',#6287,#6289,#6291,.T.);
#6287 = VERTEX_POINT('',#6288);
#6288 = CARTESIAN_POINT('',(-0.71,0.14,0.6));
#6289 = VERTEX_POINT('',#6290);
#6290 = CARTESIAN_POINT('',(-0.71,0.2,0.6));
#6291 = LINE('',#6292,#6293);
#6292 = CARTESIAN_POINT('',(-0.71,0.2,0.6));
#6293 = VECTOR('',#6294,1.);
#6294 = DIRECTION('',(0.,1.,0.));
#6295 = ORIENTED_EDGE('',*,*,#6296,.F.);
#6296 = EDGE_CURVE('',#6297,#6287,#6299,.T.);
#6297 = VERTEX_POINT('',#6298);
#6298 = CARTESIAN_POINT('',(-0.59,0.14,0.6));
#6299 = LINE('',#6300,#6301);
#6300 = CARTESIAN_POINT('',(-0.8,0.14,0.6));
#6301 = VECTOR('',#6302,1.);
#6302 = DIRECTION('',(-1.,-2.258754526011E-16,0.));
#6303 = ORIENTED_EDGE('',*,*,#6304,.F.);
#6304 = EDGE_CURVE('',#6305,#6297,#6307,.T.);
#6305 = VERTEX_POINT('',#6306);
#6306 = CARTESIAN_POINT('',(-0.59,0.2,0.6));
#6307 = LINE('',#6308,#6309);
#6308 = CARTESIAN_POINT('',(-0.59,0.2,0.6));
#6309 = VECTOR('',#6310,1.);
#6310 = DIRECTION('',(0.,-1.,0.));
#6311 = ORIENTED_EDGE('',*,*,#6312,.T.);
#6312 = EDGE_CURVE('',#6305,#6313,#6315,.T.);
#6313 = VERTEX_POINT('',#6314);
#6314 = CARTESIAN_POINT('',(-0.4,0.2,0.6));
#6315 = LINE('',#6316,#6317);
#6316 = CARTESIAN_POINT('',(-0.8,0.2,0.6));
#6317 = VECTOR('',#6318,1.);
#6318 = DIRECTION('',(1.,0.,0.));
#6319 = ORIENTED_EDGE('',*,*,#6320,.T.);
#6320 = EDGE_CURVE('',#6313,#6106,#6321,.T.);
#6321 = LINE('',#6322,#6323);
#6322 = CARTESIAN_POINT('',(-0.4,0.2,0.6));
#6323 = VECTOR('',#6324,1.);
#6324 = DIRECTION('',(0.,-1.,0.));
#6325 = ORIENTED_EDGE('',*,*,#6105,.F.);
#6326 = ORIENTED_EDGE('',*,*,#5622,.F.);
#6327 = ORIENTED_EDGE('',*,*,#6328,.T.);
#6328 = EDGE_CURVE('',#5615,#6289,#6329,.T.);
#6329 = LINE('',#6330,#6331);
#6330 = CARTESIAN_POINT('',(-0.8,0.2,0.6));
#6331 = VECTOR('',#6332,1.);
#6332 = DIRECTION('',(1.,0.,0.));
#6333 = PLANE('',#6334);
#6334 = AXIS2_PLACEMENT_3D('',#6335,#6336,#6337);
#6335 = CARTESIAN_POINT('',(-0.8,0.2,0.6));
#6336 = DIRECTION('',(0.,0.,-1.));
#6337 = DIRECTION('',(-1.,0.,-0.));
#6338 = ADVANCED_FACE('',(#6339),#6357,.T.);
#6339 = FACE_BOUND('',#6340,.T.);
#6340 = EDGE_LOOP('',(#6341,#6342,#6350,#6356));
#6341 = ORIENTED_EDGE('',*,*,#6320,.F.);
#6342 = ORIENTED_EDGE('',*,*,#6343,.T.);
#6343 = EDGE_CURVE('',#6313,#6344,#6346,.T.);
#6344 = VERTEX_POINT('',#6345);
#6345 = CARTESIAN_POINT('',(-0.4,0.2,0.4));
#6346 = LINE('',#6347,#6348);
#6347 = CARTESIAN_POINT('',(-0.4,0.2,0.4));
#6348 = VECTOR('',#6349,1.);
#6349 = DIRECTION('',(-0.,-0.,-1.));
#6350 = ORIENTED_EDGE('',*,*,#6351,.T.);
#6351 = EDGE_CURVE('',#6344,#6114,#6352,.T.);
#6352 = LINE('',#6353,#6354);
#6353 = CARTESIAN_POINT('',(-0.4,0.2,0.4));
#6354 = VECTOR('',#6355,1.);
#6355 = DIRECTION('',(0.,-1.,0.));
#6356 = ORIENTED_EDGE('',*,*,#6113,.F.);
#6357 = PLANE('',#6358);
#6358 = AXIS2_PLACEMENT_3D('',#6359,#6360,#6361);
#6359 = CARTESIAN_POINT('',(-0.4,0.2,0.4));
#6360 = DIRECTION('',(-1.,0.,0.));
#6361 = DIRECTION('',(0.,0.,1.));
#6362 = ADVANCED_FACE('',(#6363),#6406,.T.);
#6363 = FACE_BOUND('',#6364,.T.);
#6364 = EDGE_LOOP('',(#6365,#6375,#6381,#6382,#6383,#6384,#6392,#6400));
#6365 = ORIENTED_EDGE('',*,*,#6366,.F.);
#6366 = EDGE_CURVE('',#6367,#6369,#6371,.T.);
#6367 = VERTEX_POINT('',#6368);
#6368 = CARTESIAN_POINT('',(-0.71,0.2,0.4));
#6369 = VERTEX_POINT('',#6370);
#6370 = CARTESIAN_POINT('',(-0.71,0.14,0.4));
#6371 = LINE('',#6372,#6373);
#6372 = CARTESIAN_POINT('',(-0.71,0.2,0.4));
#6373 = VECTOR('',#6374,1.);
#6374 = DIRECTION('',(0.,-1.,0.));
#6375 = ORIENTED_EDGE('',*,*,#6376,.T.);
#6376 = EDGE_CURVE('',#6367,#5607,#6377,.T.);
#6377 = LINE('',#6378,#6379);
#6378 = CARTESIAN_POINT('',(-0.8,0.2,0.4));
#6379 = VECTOR('',#6380,1.);
#6380 = DIRECTION('',(-1.,-0.,2.710505431214E-16));
#6381 = ORIENTED_EDGE('',*,*,#5606,.T.);
#6382 = ORIENTED_EDGE('',*,*,#6121,.F.);
#6383 = ORIENTED_EDGE('',*,*,#6351,.F.);
#6384 = ORIENTED_EDGE('',*,*,#6385,.T.);
#6385 = EDGE_CURVE('',#6344,#6386,#6388,.T.);
#6386 = VERTEX_POINT('',#6387);
#6387 = CARTESIAN_POINT('',(-0.59,0.2,0.4));
#6388 = LINE('',#6389,#6390);
#6389 = CARTESIAN_POINT('',(-0.8,0.2,0.4));
#6390 = VECTOR('',#6391,1.);
#6391 = DIRECTION('',(-1.,-0.,2.710505431214E-16));
#6392 = ORIENTED_EDGE('',*,*,#6393,.F.);
#6393 = EDGE_CURVE('',#6394,#6386,#6396,.T.);
#6394 = VERTEX_POINT('',#6395);
#6395 = CARTESIAN_POINT('',(-0.59,0.14,0.4));
#6396 = LINE('',#6397,#6398);
#6397 = CARTESIAN_POINT('',(-0.59,0.2,0.4));
#6398 = VECTOR('',#6399,1.);
#6399 = DIRECTION('',(0.,1.,0.));
#6400 = ORIENTED_EDGE('',*,*,#6401,.F.);
#6401 = EDGE_CURVE('',#6369,#6394,#6402,.T.);
#6402 = LINE('',#6403,#6404);
#6403 = CARTESIAN_POINT('',(-0.8,0.14,0.4));
#6404 = VECTOR('',#6405,1.);
#6405 = DIRECTION('',(1.,2.258754526011E-16,-2.710505431214E-16));
#6406 = PLANE('',#6407);
#6407 = AXIS2_PLACEMENT_3D('',#6408,#6409,#6410);
#6408 = CARTESIAN_POINT('',(-0.8,0.2,0.4));
#6409 = DIRECTION('',(2.710505431214E-16,0.,1.));
#6410 = DIRECTION('',(1.,0.,-2.710505431214E-16));
#6411 = ADVANCED_FACE('',(#6412),#6430,.T.);
#6412 = FACE_BOUND('',#6413,.T.);
#6413 = EDGE_LOOP('',(#6414,#6415,#6423,#6429));
#6414 = ORIENTED_EDGE('',*,*,#5525,.F.);
#6415 = ORIENTED_EDGE('',*,*,#6416,.T.);
#6416 = EDGE_CURVE('',#5526,#6417,#6419,.T.);
#6417 = VERTEX_POINT('',#6418);
#6418 = CARTESIAN_POINT('',(-0.1,0.2,-0.4));
#6419 = LINE('',#6420,#6421);
#6420 = CARTESIAN_POINT('',(-0.1,0.2,-0.8));
#6421 = VECTOR('',#6422,1.);
#6422 = DIRECTION('',(2.03287907341E-16,0.,1.));
#6423 = ORIENTED_EDGE('',*,*,#6424,.T.);
#6424 = EDGE_CURVE('',#6417,#5988,#6425,.T.);
#6425 = LINE('',#6426,#6427);
#6426 = CARTESIAN_POINT('',(-0.1,0.2,-0.4));
#6427 = VECTOR('',#6428,1.);
#6428 = DIRECTION('',(0.,-1.,0.));
#6429 = ORIENTED_EDGE('',*,*,#5987,.F.);
#6430 = PLANE('',#6431);
#6431 = AXIS2_PLACEMENT_3D('',#6432,#6433,#6434);
#6432 = CARTESIAN_POINT('',(-0.1,0.2,-0.8));
#6433 = DIRECTION('',(1.,0.,-2.03287907341E-16));
#6434 = DIRECTION('',(-2.03287907341E-16,0.,-1.));
#6435 = ADVANCED_FACE('',(#6436),#6454,.T.);
#6436 = FACE_BOUND('',#6437,.T.);
#6437 = EDGE_LOOP('',(#6438,#6439,#6447,#6453));
#6438 = ORIENTED_EDGE('',*,*,#6424,.F.);
#6439 = ORIENTED_EDGE('',*,*,#6440,.T.);
#6440 = EDGE_CURVE('',#6417,#6441,#6443,.T.);
#6441 = VERTEX_POINT('',#6442);
#6442 = CARTESIAN_POINT('',(0.1,0.2,-0.4));
#6443 = LINE('',#6444,#6445);
#6444 = CARTESIAN_POINT('',(-0.1,0.2,-0.4));
#6445 = VECTOR('',#6446,1.);
#6446 = DIRECTION('',(1.,0.,0.));
#6447 = ORIENTED_EDGE('',*,*,#6448,.T.);
#6448 = EDGE_CURVE('',#6441,#5996,#6449,.T.);
#6449 = LINE('',#6450,#6451);
#6450 = CARTESIAN_POINT('',(0.1,0.2,-0.4));
#6451 = VECTOR('',#6452,1.);
#6452 = DIRECTION('',(0.,-1.,0.));
#6453 = ORIENTED_EDGE('',*,*,#5995,.F.);
#6454 = PLANE('',#6455);
#6455 = AXIS2_PLACEMENT_3D('',#6456,#6457,#6458);
#6456 = CARTESIAN_POINT('',(-0.1,0.2,-0.4));
#6457 = DIRECTION('',(0.,0.,-1.));
#6458 = DIRECTION('',(-1.,0.,-0.));
#6459 = ADVANCED_FACE('',(#6460),#6471,.T.);
#6460 = FACE_BOUND('',#6461,.T.);
#6461 = EDGE_LOOP('',(#6462,#6463,#6469,#6470));
#6462 = ORIENTED_EDGE('',*,*,#6448,.F.);
#6463 = ORIENTED_EDGE('',*,*,#6464,.T.);
#6464 = EDGE_CURVE('',#6441,#5567,#6465,.T.);
#6465 = LINE('',#6466,#6467);
#6466 = CARTESIAN_POINT('',(0.1,0.2,-0.8));
#6467 = VECTOR('',#6468,1.);
#6468 = DIRECTION('',(-0.,-0.,-1.));
#6469 = ORIENTED_EDGE('',*,*,#5566,.T.);
#6470 = ORIENTED_EDGE('',*,*,#6003,.F.);
#6471 = PLANE('',#6472);
#6472 = AXIS2_PLACEMENT_3D('',#6473,#6474,#6475);
#6473 = CARTESIAN_POINT('',(0.1,0.2,-0.8));
#6474 = DIRECTION('',(-1.,0.,0.));
#6475 = DIRECTION('',(0.,0.,1.));
#6476 = ADVANCED_FACE('',(#6477),#6483,.T.);
#6477 = FACE_BOUND('',#6478,.T.);
#6478 = EDGE_LOOP('',(#6479,#6480,#6481,#6482));
#6479 = ORIENTED_EDGE('',*,*,#5574,.F.);
#6480 = ORIENTED_EDGE('',*,*,#6464,.F.);
#6481 = ORIENTED_EDGE('',*,*,#6440,.F.);
#6482 = ORIENTED_EDGE('',*,*,#6416,.F.);
#6483 = PLANE('',#6484);
#6484 = AXIS2_PLACEMENT_3D('',#6485,#6486,#6487);
#6485 = CARTESIAN_POINT('',(0.,0.2,0.));
#6486 = DIRECTION('',(0.,-1.,0.));
#6487 = DIRECTION('',(0.,-0.,-1.));
#6488 = ADVANCED_FACE('',(#6489),#6507,.T.);
#6489 = FACE_BOUND('',#6490,.T.);
#6490 = EDGE_LOOP('',(#6491,#6499,#6505,#6506));
#6491 = ORIENTED_EDGE('',*,*,#6492,.F.);
#6492 = EDGE_CURVE('',#6493,#6090,#6495,.T.);
#6493 = VERTEX_POINT('',#6494);
#6494 = CARTESIAN_POINT('',(-0.1,0.2,0.4));
#6495 = LINE('',#6496,#6497);
#6496 = CARTESIAN_POINT('',(-0.1,0.2,0.4));
#6497 = VECTOR('',#6498,1.);
#6498 = DIRECTION('',(0.,-1.,0.));
#6499 = ORIENTED_EDGE('',*,*,#6500,.T.);
#6500 = EDGE_CURVE('',#6493,#5852,#6501,.T.);
#6501 = LINE('',#6502,#6503);
#6502 = CARTESIAN_POINT('',(-1.E-01,0.2,0.8));
#6503 = VECTOR('',#6504,1.);
#6504 = DIRECTION('',(2.03287907341E-16,-0.,1.));
#6505 = ORIENTED_EDGE('',*,*,#5851,.T.);
#6506 = ORIENTED_EDGE('',*,*,#6097,.F.);
#6507 = PLANE('',#6508);
#6508 = AXIS2_PLACEMENT_3D('',#6509,#6510,#6511);
#6509 = CARTESIAN_POINT('',(-1.E-01,0.2,0.8));
#6510 = DIRECTION('',(1.,0.,-2.03287907341E-16));
#6511 = DIRECTION('',(-2.03287907341E-16,0.,-1.));
#6512 = ADVANCED_FACE('',(#6513),#6531,.T.);
#6513 = FACE_BOUND('',#6514,.T.);
#6514 = EDGE_LOOP('',(#6515,#6516,#6524,#6530));
#6515 = ORIENTED_EDGE('',*,*,#5869,.F.);
#6516 = ORIENTED_EDGE('',*,*,#6517,.T.);
#6517 = EDGE_CURVE('',#5862,#6518,#6520,.T.);
#6518 = VERTEX_POINT('',#6519);
#6519 = CARTESIAN_POINT('',(0.1,0.2,0.4));
#6520 = LINE('',#6521,#6522);
#6521 = CARTESIAN_POINT('',(0.1,0.2,0.8));
#6522 = VECTOR('',#6523,1.);
#6523 = DIRECTION('',(0.,0.,-1.));
#6524 = ORIENTED_EDGE('',*,*,#6525,.T.);
#6525 = EDGE_CURVE('',#6518,#6082,#6526,.T.);
#6526 = LINE('',#6527,#6528);
#6527 = CARTESIAN_POINT('',(0.1,0.2,0.4));
#6528 = VECTOR('',#6529,1.);
#6529 = DIRECTION('',(0.,-1.,0.));
#6530 = ORIENTED_EDGE('',*,*,#6081,.F.);
#6531 = PLANE('',#6532);
#6532 = AXIS2_PLACEMENT_3D('',#6533,#6534,#6535);
#6533 = CARTESIAN_POINT('',(0.1,0.2,0.8));
#6534 = DIRECTION('',(-1.,0.,-0.));
#6535 = DIRECTION('',(0.,0.,1.));
#6536 = ADVANCED_FACE('',(#6537),#6548,.T.);
#6537 = FACE_BOUND('',#6538,.T.);
#6538 = EDGE_LOOP('',(#6539,#6540,#6546,#6547));
#6539 = ORIENTED_EDGE('',*,*,#6525,.F.);
#6540 = ORIENTED_EDGE('',*,*,#6541,.T.);
#6541 = EDGE_CURVE('',#6518,#6493,#6542,.T.);
#6542 = LINE('',#6543,#6544);
#6543 = CARTESIAN_POINT('',(-0.1,0.2,0.4));
#6544 = VECTOR('',#6545,1.);
#6545 = DIRECTION('',(-1.,-0.,-0.));
#6546 = ORIENTED_EDGE('',*,*,#6492,.T.);
#6547 = ORIENTED_EDGE('',*,*,#6089,.F.);
#6548 = PLANE('',#6549);
#6549 = AXIS2_PLACEMENT_3D('',#6550,#6551,#6552);
#6550 = CARTESIAN_POINT('',(-0.1,0.2,0.4));
#6551 = DIRECTION('',(-0.,0.,1.));
#6552 = DIRECTION('',(1.,0.,0.));
#6553 = ADVANCED_FACE('',(#6554),#6560,.T.);
#6554 = FACE_BOUND('',#6555,.T.);
#6555 = EDGE_LOOP('',(#6556,#6557,#6558,#6559));
#6556 = ORIENTED_EDGE('',*,*,#6500,.F.);
#6557 = ORIENTED_EDGE('',*,*,#6541,.F.);
#6558 = ORIENTED_EDGE('',*,*,#6517,.F.);
#6559 = ORIENTED_EDGE('',*,*,#5861,.F.);
#6560 = PLANE('',#6561);
#6561 = AXIS2_PLACEMENT_3D('',#6562,#6563,#6564);
#6562 = CARTESIAN_POINT('',(0.,0.2,0.));
#6563 = DIRECTION('',(0.,-1.,0.));
#6564 = DIRECTION('',(0.,0.,-1.));
#6565 = ADVANCED_FACE('',(#6566),#6591,.T.);
#6566 = FACE_BOUND('',#6567,.T.);
#6567 = EDGE_LOOP('',(#6568,#6576,#6584,#6590));
#6568 = ORIENTED_EDGE('',*,*,#6569,.F.);
#6569 = EDGE_CURVE('',#6570,#6012,#6572,.T.);
#6570 = VERTEX_POINT('',#6571);
#6571 = CARTESIAN_POINT('',(0.4,0.2,-0.6));
#6572 = LINE('',#6573,#6574);
#6573 = CARTESIAN_POINT('',(0.4,0.2,-0.6));
#6574 = VECTOR('',#6575,1.);
#6575 = DIRECTION('',(0.,-1.,0.));
#6576 = ORIENTED_EDGE('',*,*,#6577,.T.);
#6577 = EDGE_CURVE('',#6570,#6578,#6580,.T.);
#6578 = VERTEX_POINT('',#6579);
#6579 = CARTESIAN_POINT('',(0.4,0.2,-0.4));
#6580 = LINE('',#6581,#6582);
#6581 = CARTESIAN_POINT('',(0.4,0.2,-0.6));
#6582 = VECTOR('',#6583,1.);
#6583 = DIRECTION('',(0.,0.,1.));
#6584 = ORIENTED_EDGE('',*,*,#6585,.T.);
#6585 = EDGE_CURVE('',#6578,#6020,#6586,.T.);
#6586 = LINE('',#6587,#6588);
#6587 = CARTESIAN_POINT('',(0.4,0.2,-0.4));
#6588 = VECTOR('',#6589,1.);
#6589 = DIRECTION('',(0.,-1.,0.));
#6590 = ORIENTED_EDGE('',*,*,#6019,.F.);
#6591 = PLANE('',#6592);
#6592 = AXIS2_PLACEMENT_3D('',#6593,#6594,#6595);
#6593 = CARTESIAN_POINT('',(0.4,0.2,-0.6));
#6594 = DIRECTION('',(1.,0.,-0.));
#6595 = DIRECTION('',(-0.,0.,-1.));
#6596 = ADVANCED_FACE('',(#6597),#6640,.T.);
#6597 = FACE_BOUND('',#6598,.T.);
#6598 = EDGE_LOOP('',(#6599,#6609,#6615,#6616,#6617,#6618,#6626,#6634));
#6599 = ORIENTED_EDGE('',*,*,#6600,.F.);
#6600 = EDGE_CURVE('',#6601,#6603,#6605,.T.);
#6601 = VERTEX_POINT('',#6602);
#6602 = CARTESIAN_POINT('',(0.71,0.2,-0.4));
#6603 = VERTEX_POINT('',#6604);
#6604 = CARTESIAN_POINT('',(0.71,0.14,-0.4));
#6605 = LINE('',#6606,#6607);
#6606 = CARTESIAN_POINT('',(0.71,0.2,-0.4));
#6607 = VECTOR('',#6608,1.);
#6608 = DIRECTION('',(0.,-1.,0.));
#6609 = ORIENTED_EDGE('',*,*,#6610,.T.);
#6610 = EDGE_CURVE('',#6601,#5320,#6611,.T.);
#6611 = LINE('',#6612,#6613);
#6612 = CARTESIAN_POINT('',(0.4,0.2,-0.4));
#6613 = VECTOR('',#6614,1.);
#6614 = DIRECTION('',(1.,0.,0.));
#6615 = ORIENTED_EDGE('',*,*,#5319,.T.);
#6616 = ORIENTED_EDGE('',*,*,#6027,.F.);
#6617 = ORIENTED_EDGE('',*,*,#6585,.F.);
#6618 = ORIENTED_EDGE('',*,*,#6619,.T.);
#6619 = EDGE_CURVE('',#6578,#6620,#6622,.T.);
#6620 = VERTEX_POINT('',#6621);
#6621 = CARTESIAN_POINT('',(0.59,0.2,-0.4));
#6622 = LINE('',#6623,#6624);
#6623 = CARTESIAN_POINT('',(0.4,0.2,-0.4));
#6624 = VECTOR('',#6625,1.);
#6625 = DIRECTION('',(1.,0.,0.));
#6626 = ORIENTED_EDGE('',*,*,#6627,.F.);
#6627 = EDGE_CURVE('',#6628,#6620,#6630,.T.);
#6628 = VERTEX_POINT('',#6629);
#6629 = CARTESIAN_POINT('',(0.59,0.14,-0.4));
#6630 = LINE('',#6631,#6632);
#6631 = CARTESIAN_POINT('',(0.59,0.2,-0.4));
#6632 = VECTOR('',#6633,1.);
#6633 = DIRECTION('',(0.,1.,0.));
#6634 = ORIENTED_EDGE('',*,*,#6635,.F.);
#6635 = EDGE_CURVE('',#6603,#6628,#6636,.T.);
#6636 = LINE('',#6637,#6638);
#6637 = CARTESIAN_POINT('',(0.4,0.14,-0.4));
#6638 = VECTOR('',#6639,1.);
#6639 = DIRECTION('',(-1.,2.258754526011E-16,0.));
#6640 = PLANE('',#6641);
#6641 = AXIS2_PLACEMENT_3D('',#6642,#6643,#6644);
#6642 = CARTESIAN_POINT('',(0.4,0.2,-0.4));
#6643 = DIRECTION('',(0.,0.,-1.));
#6644 = DIRECTION('',(-1.,0.,-0.));
#6645 = ADVANCED_FACE('',(#6646),#6689,.T.);
#6646 = FACE_BOUND('',#6647,.T.);
#6647 = EDGE_LOOP('',(#6648,#6658,#6666,#6674,#6680,#6681,#6682,#6683));
#6648 = ORIENTED_EDGE('',*,*,#6649,.F.);
#6649 = EDGE_CURVE('',#6650,#6652,#6654,.T.);
#6650 = VERTEX_POINT('',#6651);
#6651 = CARTESIAN_POINT('',(0.71,0.14,-0.6));
#6652 = VERTEX_POINT('',#6653);
#6653 = CARTESIAN_POINT('',(0.71,0.2,-0.6));
#6654 = LINE('',#6655,#6656);
#6655 = CARTESIAN_POINT('',(0.71,0.2,-0.6));
#6656 = VECTOR('',#6657,1.);
#6657 = DIRECTION('',(0.,1.,-0.));
#6658 = ORIENTED_EDGE('',*,*,#6659,.F.);
#6659 = EDGE_CURVE('',#6660,#6650,#6662,.T.);
#6660 = VERTEX_POINT('',#6661);
#6661 = CARTESIAN_POINT('',(0.59,0.14,-0.6));
#6662 = LINE('',#6663,#6664);
#6663 = CARTESIAN_POINT('',(0.4,0.14,-0.6));
#6664 = VECTOR('',#6665,1.);
#6665 = DIRECTION('',(1.,-2.258754526011E-16,0.));
#6666 = ORIENTED_EDGE('',*,*,#6667,.F.);
#6667 = EDGE_CURVE('',#6668,#6660,#6670,.T.);
#6668 = VERTEX_POINT('',#6669);
#6669 = CARTESIAN_POINT('',(0.59,0.2,-0.6));
#6670 = LINE('',#6671,#6672);
#6671 = CARTESIAN_POINT('',(0.59,0.2,-0.6));
#6672 = VECTOR('',#6673,1.);
#6673 = DIRECTION('',(0.,-1.,0.));
#6674 = ORIENTED_EDGE('',*,*,#6675,.T.);
#6675 = EDGE_CURVE('',#6668,#6570,#6676,.T.);
#6676 = LINE('',#6677,#6678);
#6677 = CARTESIAN_POINT('',(0.4,0.2,-0.6));
#6678 = VECTOR('',#6679,1.);
#6679 = DIRECTION('',(-1.,-0.,-0.));
#6680 = ORIENTED_EDGE('',*,*,#6569,.T.);
#6681 = ORIENTED_EDGE('',*,*,#6011,.F.);
#6682 = ORIENTED_EDGE('',*,*,#5335,.F.);
#6683 = ORIENTED_EDGE('',*,*,#6684,.T.);
#6684 = EDGE_CURVE('',#5328,#6652,#6685,.T.);
#6685 = LINE('',#6686,#6687);
#6686 = CARTESIAN_POINT('',(0.4,0.2,-0.6));
#6687 = VECTOR('',#6688,1.);
#6688 = DIRECTION('',(-1.,-0.,-0.));
#6689 = PLANE('',#6690);
#6690 = AXIS2_PLACEMENT_3D('',#6691,#6692,#6693);
#6691 = CARTESIAN_POINT('',(0.4,0.2,-0.6));
#6692 = DIRECTION('',(-0.,0.,1.));
#6693 = DIRECTION('',(1.,0.,0.));
#6694 = ADVANCED_FACE('',(#6695),#6720,.T.);
#6695 = FACE_BOUND('',#6696,.T.);
#6696 = EDGE_LOOP('',(#6697,#6705,#6713,#6719));
#6697 = ORIENTED_EDGE('',*,*,#6698,.F.);
#6698 = EDGE_CURVE('',#6699,#6035,#6701,.T.);
#6699 = VERTEX_POINT('',#6700);
#6700 = CARTESIAN_POINT('',(0.4,0.2,-1.E-01));
#6701 = LINE('',#6702,#6703);
#6702 = CARTESIAN_POINT('',(0.4,0.2,-1.E-01));
#6703 = VECTOR('',#6704,1.);
#6704 = DIRECTION('',(0.,-1.,0.));
#6705 = ORIENTED_EDGE('',*,*,#6706,.T.);
#6706 = EDGE_CURVE('',#6699,#6707,#6709,.T.);
#6707 = VERTEX_POINT('',#6708);
#6708 = CARTESIAN_POINT('',(0.4,0.2,1.E-01));
#6709 = LINE('',#6710,#6711);
#6710 = CARTESIAN_POINT('',(0.4,0.2,-1.E-01));
#6711 = VECTOR('',#6712,1.);
#6712 = DIRECTION('',(0.,0.,1.));
#6713 = ORIENTED_EDGE('',*,*,#6714,.T.);
#6714 = EDGE_CURVE('',#6707,#6043,#6715,.T.);
#6715 = LINE('',#6716,#6717);
#6716 = CARTESIAN_POINT('',(0.4,0.2,1.E-01));
#6717 = VECTOR('',#6718,1.);
#6718 = DIRECTION('',(0.,-1.,0.));
#6719 = ORIENTED_EDGE('',*,*,#6042,.F.);
#6720 = PLANE('',#6721);
#6721 = AXIS2_PLACEMENT_3D('',#6722,#6723,#6724);
#6722 = CARTESIAN_POINT('',(0.4,0.2,-1.E-01));
#6723 = DIRECTION('',(1.,0.,-0.));
#6724 = DIRECTION('',(-0.,0.,-1.));
#6725 = ADVANCED_FACE('',(#6726),#6769,.T.);
#6726 = FACE_BOUND('',#6727,.T.);
#6727 = EDGE_LOOP('',(#6728,#6738,#6744,#6745,#6746,#6747,#6755,#6763));
#6728 = ORIENTED_EDGE('',*,*,#6729,.F.);
#6729 = EDGE_CURVE('',#6730,#6732,#6734,.T.);
#6730 = VERTEX_POINT('',#6731);
#6731 = CARTESIAN_POINT('',(0.71,0.2,0.1));
#6732 = VERTEX_POINT('',#6733);
#6733 = CARTESIAN_POINT('',(0.71,0.14,0.1));
#6734 = LINE('',#6735,#6736);
#6735 = CARTESIAN_POINT('',(0.71,0.2,0.1));
#6736 = VECTOR('',#6737,1.);
#6737 = DIRECTION('',(0.,-1.,0.));
#6738 = ORIENTED_EDGE('',*,*,#6739,.T.);
#6739 = EDGE_CURVE('',#6730,#5288,#6740,.T.);
#6740 = LINE('',#6741,#6742);
#6741 = CARTESIAN_POINT('',(0.4,0.2,1.E-01));
#6742 = VECTOR('',#6743,1.);
#6743 = DIRECTION('',(1.,0.,1.355252715607E-16));
#6744 = ORIENTED_EDGE('',*,*,#5287,.T.);
#6745 = ORIENTED_EDGE('',*,*,#6050,.F.);
#6746 = ORIENTED_EDGE('',*,*,#6714,.F.);
#6747 = ORIENTED_EDGE('',*,*,#6748,.T.);
#6748 = EDGE_CURVE('',#6707,#6749,#6751,.T.);
#6749 = VERTEX_POINT('',#6750);
#6750 = CARTESIAN_POINT('',(0.59,0.2,0.1));
#6751 = LINE('',#6752,#6753);
#6752 = CARTESIAN_POINT('',(0.4,0.2,1.E-01));
#6753 = VECTOR('',#6754,1.);
#6754 = DIRECTION('',(1.,0.,1.355252715607E-16));
#6755 = ORIENTED_EDGE('',*,*,#6756,.F.);
#6756 = EDGE_CURVE('',#6757,#6749,#6759,.T.);
#6757 = VERTEX_POINT('',#6758);
#6758 = CARTESIAN_POINT('',(0.59,0.14,0.1));
#6759 = LINE('',#6760,#6761);
#6760 = CARTESIAN_POINT('',(0.59,0.2,0.1));
#6761 = VECTOR('',#6762,1.);
#6762 = DIRECTION('',(0.,1.,0.));
#6763 = ORIENTED_EDGE('',*,*,#6764,.F.);
#6764 = EDGE_CURVE('',#6732,#6757,#6765,.T.);
#6765 = LINE('',#6766,#6767);
#6766 = CARTESIAN_POINT('',(0.4,0.14,1.E-01));
#6767 = VECTOR('',#6768,1.);
#6768 = DIRECTION('',(-1.,2.258754526011E-16,-1.355252715607E-16));
#6769 = PLANE('',#6770);
#6770 = AXIS2_PLACEMENT_3D('',#6771,#6772,#6773);
#6771 = CARTESIAN_POINT('',(0.4,0.2,1.E-01));
#6772 = DIRECTION('',(1.355252715607E-16,0.,-1.));
#6773 = DIRECTION('',(-1.,0.,-1.355252715607E-16));
#6774 = ADVANCED_FACE('',(#6775),#6818,.T.);
#6775 = FACE_BOUND('',#6776,.T.);
#6776 = EDGE_LOOP('',(#6777,#6787,#6795,#6803,#6809,#6810,#6811,#6812));
#6777 = ORIENTED_EDGE('',*,*,#6778,.F.);
#6778 = EDGE_CURVE('',#6779,#6781,#6783,.T.);
#6779 = VERTEX_POINT('',#6780);
#6780 = CARTESIAN_POINT('',(0.71,0.14,-0.1));
#6781 = VERTEX_POINT('',#6782);
#6782 = CARTESIAN_POINT('',(0.71,0.2,-0.1));
#6783 = LINE('',#6784,#6785);
#6784 = CARTESIAN_POINT('',(0.71,0.2,-0.1));
#6785 = VECTOR('',#6786,1.);
#6786 = DIRECTION('',(0.,1.,0.));
#6787 = ORIENTED_EDGE('',*,*,#6788,.F.);
#6788 = EDGE_CURVE('',#6789,#6779,#6791,.T.);
#6789 = VERTEX_POINT('',#6790);
#6790 = CARTESIAN_POINT('',(0.59,0.14,-1.E-01));
#6791 = LINE('',#6792,#6793);
#6792 = CARTESIAN_POINT('',(0.4,0.14,-1.E-01));
#6793 = VECTOR('',#6794,1.);
#6794 = DIRECTION('',(1.,-2.258754526011E-16,-2.710505431214E-16));
#6795 = ORIENTED_EDGE('',*,*,#6796,.F.);
#6796 = EDGE_CURVE('',#6797,#6789,#6799,.T.);
#6797 = VERTEX_POINT('',#6798);
#6798 = CARTESIAN_POINT('',(0.59,0.2,-1.E-01));
#6799 = LINE('',#6800,#6801);
#6800 = CARTESIAN_POINT('',(0.59,0.2,-1.E-01));
#6801 = VECTOR('',#6802,1.);
#6802 = DIRECTION('',(0.,-1.,0.));
#6803 = ORIENTED_EDGE('',*,*,#6804,.T.);
#6804 = EDGE_CURVE('',#6797,#6699,#6805,.T.);
#6805 = LINE('',#6806,#6807);
#6806 = CARTESIAN_POINT('',(0.4,0.2,-1.E-01));
#6807 = VECTOR('',#6808,1.);
#6808 = DIRECTION('',(-1.,-0.,2.710505431214E-16));
#6809 = ORIENTED_EDGE('',*,*,#6698,.T.);
#6810 = ORIENTED_EDGE('',*,*,#6034,.F.);
#6811 = ORIENTED_EDGE('',*,*,#5303,.F.);
#6812 = ORIENTED_EDGE('',*,*,#6813,.T.);
#6813 = EDGE_CURVE('',#5296,#6781,#6814,.T.);
#6814 = LINE('',#6815,#6816);
#6815 = CARTESIAN_POINT('',(0.4,0.2,-1.E-01));
#6816 = VECTOR('',#6817,1.);
#6817 = DIRECTION('',(-1.,-0.,2.710505431214E-16));
#6818 = PLANE('',#6819);
#6819 = AXIS2_PLACEMENT_3D('',#6820,#6821,#6822);
#6820 = CARTESIAN_POINT('',(0.4,0.2,-1.E-01));
#6821 = DIRECTION('',(2.710505431214E-16,0.,1.));
#6822 = DIRECTION('',(1.,0.,-2.710505431214E-16));
#6823 = ADVANCED_FACE('',(#6824),#6849,.T.);
#6824 = FACE_BOUND('',#6825,.T.);
#6825 = EDGE_LOOP('',(#6826,#6834,#6842,#6848));
#6826 = ORIENTED_EDGE('',*,*,#6827,.F.);
#6827 = EDGE_CURVE('',#6828,#6058,#6830,.T.);
#6828 = VERTEX_POINT('',#6829);
#6829 = CARTESIAN_POINT('',(0.4,0.2,0.4));
#6830 = LINE('',#6831,#6832);
#6831 = CARTESIAN_POINT('',(0.4,0.2,0.4));
#6832 = VECTOR('',#6833,1.);
#6833 = DIRECTION('',(0.,-1.,0.));
#6834 = ORIENTED_EDGE('',*,*,#6835,.T.);
#6835 = EDGE_CURVE('',#6828,#6836,#6838,.T.);
#6836 = VERTEX_POINT('',#6837);
#6837 = CARTESIAN_POINT('',(0.4,0.2,0.6));
#6838 = LINE('',#6839,#6840);
#6839 = CARTESIAN_POINT('',(0.4,0.2,0.4));
#6840 = VECTOR('',#6841,1.);
#6841 = DIRECTION('',(0.,0.,1.));
#6842 = ORIENTED_EDGE('',*,*,#6843,.T.);
#6843 = EDGE_CURVE('',#6836,#6066,#6844,.T.);
#6844 = LINE('',#6845,#6846);
#6845 = CARTESIAN_POINT('',(0.4,0.2,0.6));
#6846 = VECTOR('',#6847,1.);
#6847 = DIRECTION('',(0.,-1.,0.));
#6848 = ORIENTED_EDGE('',*,*,#6065,.F.);
#6849 = PLANE('',#6850);
#6850 = AXIS2_PLACEMENT_3D('',#6851,#6852,#6853);
#6851 = CARTESIAN_POINT('',(0.4,0.2,0.4));
#6852 = DIRECTION('',(1.,0.,-0.));
#6853 = DIRECTION('',(-0.,0.,-1.));
#6854 = ADVANCED_FACE('',(#6855),#6898,.T.);
#6855 = FACE_BOUND('',#6856,.T.);
#6856 = EDGE_LOOP('',(#6857,#6867,#6873,#6874,#6875,#6876,#6884,#6892));
#6857 = ORIENTED_EDGE('',*,*,#6858,.F.);
#6858 = EDGE_CURVE('',#6859,#6861,#6863,.T.);
#6859 = VERTEX_POINT('',#6860);
#6860 = CARTESIAN_POINT('',(0.71,0.2,0.6));
#6861 = VERTEX_POINT('',#6862);
#6862 = CARTESIAN_POINT('',(0.71,0.14,0.6));
#6863 = LINE('',#6864,#6865);
#6864 = CARTESIAN_POINT('',(0.71,0.2,0.6));
#6865 = VECTOR('',#6866,1.);
#6866 = DIRECTION('',(0.,-1.,0.));
#6867 = ORIENTED_EDGE('',*,*,#6868,.T.);
#6868 = EDGE_CURVE('',#6859,#5254,#6869,.T.);
#6869 = LINE('',#6870,#6871);
#6870 = CARTESIAN_POINT('',(0.4,0.2,0.6));
#6871 = VECTOR('',#6872,1.);
#6872 = DIRECTION('',(1.,0.,0.));
#6873 = ORIENTED_EDGE('',*,*,#5253,.T.);
#6874 = ORIENTED_EDGE('',*,*,#6073,.F.);
#6875 = ORIENTED_EDGE('',*,*,#6843,.F.);
#6876 = ORIENTED_EDGE('',*,*,#6877,.T.);
#6877 = EDGE_CURVE('',#6836,#6878,#6880,.T.);
#6878 = VERTEX_POINT('',#6879);
#6879 = CARTESIAN_POINT('',(0.59,0.2,0.6));
#6880 = LINE('',#6881,#6882);
#6881 = CARTESIAN_POINT('',(0.4,0.2,0.6));
#6882 = VECTOR('',#6883,1.);
#6883 = DIRECTION('',(1.,0.,0.));
#6884 = ORIENTED_EDGE('',*,*,#6885,.F.);
#6885 = EDGE_CURVE('',#6886,#6878,#6888,.T.);
#6886 = VERTEX_POINT('',#6887);
#6887 = CARTESIAN_POINT('',(0.59,0.14,0.6));
#6888 = LINE('',#6889,#6890);
#6889 = CARTESIAN_POINT('',(0.59,0.2,0.6));
#6890 = VECTOR('',#6891,1.);
#6891 = DIRECTION('',(0.,1.,0.));
#6892 = ORIENTED_EDGE('',*,*,#6893,.F.);
#6893 = EDGE_CURVE('',#6861,#6886,#6894,.T.);
#6894 = LINE('',#6895,#6896);
#6895 = CARTESIAN_POINT('',(0.4,0.14,0.6));
#6896 = VECTOR('',#6897,1.);
#6897 = DIRECTION('',(-1.,2.258754526011E-16,0.));
#6898 = PLANE('',#6899);
#6899 = AXIS2_PLACEMENT_3D('',#6900,#6901,#6902);
#6900 = CARTESIAN_POINT('',(0.4,0.2,0.6));
#6901 = DIRECTION('',(0.,0.,-1.));
#6902 = DIRECTION('',(-1.,0.,-0.));
#6903 = ADVANCED_FACE('',(#6904),#6947,.T.);
#6904 = FACE_BOUND('',#6905,.T.);
#6905 = EDGE_LOOP('',(#6906,#6916,#6924,#6932,#6938,#6939,#6940,#6941));
#6906 = ORIENTED_EDGE('',*,*,#6907,.F.);
#6907 = EDGE_CURVE('',#6908,#6910,#6912,.T.);
#6908 = VERTEX_POINT('',#6909);
#6909 = CARTESIAN_POINT('',(0.71,0.14,0.4));
#6910 = VERTEX_POINT('',#6911);
#6911 = CARTESIAN_POINT('',(0.71,0.2,0.4));
#6912 = LINE('',#6913,#6914);
#6913 = CARTESIAN_POINT('',(0.71,0.2,0.4));
#6914 = VECTOR('',#6915,1.);
#6915 = DIRECTION('',(0.,1.,0.));
#6916 = ORIENTED_EDGE('',*,*,#6917,.F.);
#6917 = EDGE_CURVE('',#6918,#6908,#6920,.T.);
#6918 = VERTEX_POINT('',#6919);
#6919 = CARTESIAN_POINT('',(0.59,0.14,0.4));
#6920 = LINE('',#6921,#6922);
#6921 = CARTESIAN_POINT('',(0.4,0.14,0.4));
#6922 = VECTOR('',#6923,1.);
#6923 = DIRECTION('',(1.,-2.258754526011E-16,-2.710505431214E-16));
#6924 = ORIENTED_EDGE('',*,*,#6925,.F.);
#6925 = EDGE_CURVE('',#6926,#6918,#6928,.T.);
#6926 = VERTEX_POINT('',#6927);
#6927 = CARTESIAN_POINT('',(0.59,0.2,0.4));
#6928 = LINE('',#6929,#6930);
#6929 = CARTESIAN_POINT('',(0.59,0.2,0.4));
#6930 = VECTOR('',#6931,1.);
#6931 = DIRECTION('',(0.,-1.,0.));
#6932 = ORIENTED_EDGE('',*,*,#6933,.T.);
#6933 = EDGE_CURVE('',#6926,#6828,#6934,.T.);
#6934 = LINE('',#6935,#6936);
#6935 = CARTESIAN_POINT('',(0.4,0.2,0.4));
#6936 = VECTOR('',#6937,1.);
#6937 = DIRECTION('',(-1.,-0.,2.710505431214E-16));
#6938 = ORIENTED_EDGE('',*,*,#6827,.T.);
#6939 = ORIENTED_EDGE('',*,*,#6057,.F.);
#6940 = ORIENTED_EDGE('',*,*,#5271,.F.);
#6941 = ORIENTED_EDGE('',*,*,#6942,.T.);
#6942 = EDGE_CURVE('',#5264,#6910,#6943,.T.);
#6943 = LINE('',#6944,#6945);
#6944 = CARTESIAN_POINT('',(0.4,0.2,0.4));
#6945 = VECTOR('',#6946,1.);
#6946 = DIRECTION('',(-1.,-0.,2.710505431214E-16));
#6947 = PLANE('',#6948);
#6948 = AXIS2_PLACEMENT_3D('',#6949,#6950,#6951);
#6949 = CARTESIAN_POINT('',(0.4,0.2,0.4));
#6950 = DIRECTION('',(2.710505431214E-16,0.,1.));
#6951 = DIRECTION('',(1.,0.,-2.710505431214E-16));
#6952 = ADVANCED_FACE('',(#6953),#7023,.F.);
#6953 = FACE_BOUND('',#6954,.T.);
#6954 = EDGE_LOOP('',(#6955,#6956,#6962,#6963,#6964,#6965,#6971,#6972,
    #6973,#6974,#6980,#6981,#6987,#6988,#6989,#6990,#6996,#6997,#6998,
    #6999,#7005,#7006,#7007,#7008,#7014,#7015,#7021,#7022));
#6955 = ORIENTED_EDGE('',*,*,#6933,.F.);
#6956 = ORIENTED_EDGE('',*,*,#6957,.F.);
#6957 = EDGE_CURVE('',#6749,#6926,#6958,.T.);
#6958 = LINE('',#6959,#6960);
#6959 = CARTESIAN_POINT('',(0.59,0.2,-0.8));
#6960 = VECTOR('',#6961,1.);
#6961 = DIRECTION('',(-0.,-0.,1.));
#6962 = ORIENTED_EDGE('',*,*,#6748,.F.);
#6963 = ORIENTED_EDGE('',*,*,#6706,.F.);
#6964 = ORIENTED_EDGE('',*,*,#6804,.F.);
#6965 = ORIENTED_EDGE('',*,*,#6966,.F.);
#6966 = EDGE_CURVE('',#6620,#6797,#6967,.T.);
#6967 = LINE('',#6968,#6969);
#6968 = CARTESIAN_POINT('',(0.59,0.2,-0.8));
#6969 = VECTOR('',#6970,1.);
#6970 = DIRECTION('',(-0.,-0.,1.));
#6971 = ORIENTED_EDGE('',*,*,#6619,.F.);
#6972 = ORIENTED_EDGE('',*,*,#6577,.F.);
#6973 = ORIENTED_EDGE('',*,*,#6675,.F.);
#6974 = ORIENTED_EDGE('',*,*,#6975,.F.);
#6975 = EDGE_CURVE('',#5502,#6668,#6976,.T.);
#6976 = LINE('',#6977,#6978);
#6977 = CARTESIAN_POINT('',(0.59,0.2,-0.8));
#6978 = VECTOR('',#6979,1.);
#6979 = DIRECTION('',(-0.,-0.,1.));
#6980 = ORIENTED_EDGE('',*,*,#5501,.F.);
#6981 = ORIENTED_EDGE('',*,*,#6982,.T.);
#6982 = EDGE_CURVE('',#5494,#6652,#6983,.T.);
#6983 = LINE('',#6984,#6985);
#6984 = CARTESIAN_POINT('',(0.71,0.2,-0.8));
#6985 = VECTOR('',#6986,1.);
#6986 = DIRECTION('',(-0.,-0.,1.));
#6987 = ORIENTED_EDGE('',*,*,#6684,.F.);
#6988 = ORIENTED_EDGE('',*,*,#5327,.F.);
#6989 = ORIENTED_EDGE('',*,*,#6610,.F.);
#6990 = ORIENTED_EDGE('',*,*,#6991,.T.);
#6991 = EDGE_CURVE('',#6601,#6781,#6992,.T.);
#6992 = LINE('',#6993,#6994);
#6993 = CARTESIAN_POINT('',(0.71,0.2,-0.8));
#6994 = VECTOR('',#6995,1.);
#6995 = DIRECTION('',(-0.,-0.,1.));
#6996 = ORIENTED_EDGE('',*,*,#6813,.F.);
#6997 = ORIENTED_EDGE('',*,*,#5295,.F.);
#6998 = ORIENTED_EDGE('',*,*,#6739,.F.);
#6999 = ORIENTED_EDGE('',*,*,#7000,.T.);
#7000 = EDGE_CURVE('',#6730,#6910,#7001,.T.);
#7001 = LINE('',#7002,#7003);
#7002 = CARTESIAN_POINT('',(0.71,0.2,-0.8));
#7003 = VECTOR('',#7004,1.);
#7004 = DIRECTION('',(-0.,-0.,1.));
#7005 = ORIENTED_EDGE('',*,*,#6942,.F.);
#7006 = ORIENTED_EDGE('',*,*,#5263,.F.);
#7007 = ORIENTED_EDGE('',*,*,#6868,.F.);
#7008 = ORIENTED_EDGE('',*,*,#7009,.T.);
#7009 = EDGE_CURVE('',#6859,#5828,#7010,.T.);
#7010 = LINE('',#7011,#7012);
#7011 = CARTESIAN_POINT('',(0.71,0.2,-0.8));
#7012 = VECTOR('',#7013,1.);
#7013 = DIRECTION('',(-0.,-0.,1.));
#7014 = ORIENTED_EDGE('',*,*,#5827,.T.);
#7015 = ORIENTED_EDGE('',*,*,#7016,.F.);
#7016 = EDGE_CURVE('',#6878,#5818,#7017,.T.);
#7017 = LINE('',#7018,#7019);
#7018 = CARTESIAN_POINT('',(0.59,0.2,-0.8));
#7019 = VECTOR('',#7020,1.);
#7020 = DIRECTION('',(-0.,-0.,1.));
#7021 = ORIENTED_EDGE('',*,*,#6877,.F.);
#7022 = ORIENTED_EDGE('',*,*,#6835,.F.);
#7023 = PLANE('',#7024);
#7024 = AXIS2_PLACEMENT_3D('',#7025,#7026,#7027);
#7025 = CARTESIAN_POINT('',(0.,0.2,0.));
#7026 = DIRECTION('',(0.,1.,0.));
#7027 = DIRECTION('',(0.,-0.,1.));
#7028 = ADVANCED_FACE('',(#7029),#7079,.T.);
#7029 = FACE_BOUND('',#7030,.T.);
#7030 = EDGE_LOOP('',(#7031,#7041,#7049,#7057,#7065,#7071,#7072,#7073));
#7031 = ORIENTED_EDGE('',*,*,#7032,.F.);
#7032 = EDGE_CURVE('',#7033,#7035,#7037,.T.);
#7033 = VERTEX_POINT('',#7034);
#7034 = CARTESIAN_POINT('',(-0.71,0.14,1.E-01));
#7035 = VERTEX_POINT('',#7036);
#7036 = CARTESIAN_POINT('',(-0.71,0.2,0.1));
#7037 = LINE('',#7038,#7039);
#7038 = CARTESIAN_POINT('',(-0.71,0.2,1.E-01));
#7039 = VECTOR('',#7040,1.);
#7040 = DIRECTION('',(0.,1.,0.));
#7041 = ORIENTED_EDGE('',*,*,#7042,.F.);
#7042 = EDGE_CURVE('',#7043,#7033,#7045,.T.);
#7043 = VERTEX_POINT('',#7044);
#7044 = CARTESIAN_POINT('',(-0.59,0.14,0.1));
#7045 = LINE('',#7046,#7047);
#7046 = CARTESIAN_POINT('',(-0.8,0.14,1.E-01));
#7047 = VECTOR('',#7048,1.);
#7048 = DIRECTION('',(-1.,-2.258754526011E-16,-2.371692252312E-16));
#7049 = ORIENTED_EDGE('',*,*,#7050,.F.);
#7050 = EDGE_CURVE('',#7051,#7043,#7053,.T.);
#7051 = VERTEX_POINT('',#7052);
#7052 = CARTESIAN_POINT('',(-0.59,0.2,0.1));
#7053 = LINE('',#7054,#7055);
#7054 = CARTESIAN_POINT('',(-0.59,0.2,0.1));
#7055 = VECTOR('',#7056,1.);
#7056 = DIRECTION('',(0.,-1.,0.));
#7057 = ORIENTED_EDGE('',*,*,#7058,.T.);
#7058 = EDGE_CURVE('',#7051,#7059,#7061,.T.);
#7059 = VERTEX_POINT('',#7060);
#7060 = CARTESIAN_POINT('',(-0.4,0.2,0.1));
#7061 = LINE('',#7062,#7063);
#7062 = CARTESIAN_POINT('',(-0.8,0.2,1.E-01));
#7063 = VECTOR('',#7064,1.);
#7064 = DIRECTION('',(1.,0.,2.371692252312E-16));
#7065 = ORIENTED_EDGE('',*,*,#7066,.T.);
#7066 = EDGE_CURVE('',#7059,#5941,#7067,.T.);
#7067 = LINE('',#7068,#7069);
#7068 = CARTESIAN_POINT('',(-0.4,0.2,0.1));
#7069 = VECTOR('',#7070,1.);
#7070 = DIRECTION('',(0.,-1.,0.));
#7071 = ORIENTED_EDGE('',*,*,#5940,.F.);
#7072 = ORIENTED_EDGE('',*,*,#5588,.F.);
#7073 = ORIENTED_EDGE('',*,*,#7074,.T.);
#7074 = EDGE_CURVE('',#5589,#7035,#7075,.T.);
#7075 = LINE('',#7076,#7077);
#7076 = CARTESIAN_POINT('',(-0.8,0.2,1.E-01));
#7077 = VECTOR('',#7078,1.);
#7078 = DIRECTION('',(1.,0.,2.371692252312E-16));
#7079 = PLANE('',#7080);
#7080 = AXIS2_PLACEMENT_3D('',#7081,#7082,#7083);
#7081 = CARTESIAN_POINT('',(-0.8,0.2,1.E-01));
#7082 = DIRECTION('',(2.371692252312E-16,0.,-1.));
#7083 = DIRECTION('',(-1.,0.,-2.371692252312E-16));
#7084 = ADVANCED_FACE('',(#7085),#7103,.T.);
#7085 = FACE_BOUND('',#7086,.T.);
#7086 = EDGE_LOOP('',(#7087,#7088,#7096,#7102));
#7087 = ORIENTED_EDGE('',*,*,#7066,.F.);
#7088 = ORIENTED_EDGE('',*,*,#7089,.T.);
#7089 = EDGE_CURVE('',#7059,#7090,#7092,.T.);
#7090 = VERTEX_POINT('',#7091);
#7091 = CARTESIAN_POINT('',(-0.4,0.2,-0.1));
#7092 = LINE('',#7093,#7094);
#7093 = CARTESIAN_POINT('',(-0.4,0.2,-0.1));
#7094 = VECTOR('',#7095,1.);
#7095 = DIRECTION('',(-0.,-0.,-1.));
#7096 = ORIENTED_EDGE('',*,*,#7097,.T.);
#7097 = EDGE_CURVE('',#7090,#5949,#7098,.T.);
#7098 = LINE('',#7099,#7100);
#7099 = CARTESIAN_POINT('',(-0.4,0.2,-0.1));
#7100 = VECTOR('',#7101,1.);
#7101 = DIRECTION('',(0.,-1.,0.));
#7102 = ORIENTED_EDGE('',*,*,#5948,.F.);
#7103 = PLANE('',#7104);
#7104 = AXIS2_PLACEMENT_3D('',#7105,#7106,#7107);
#7105 = CARTESIAN_POINT('',(-0.4,0.2,-0.1));
#7106 = DIRECTION('',(-1.,0.,0.));
#7107 = DIRECTION('',(0.,0.,1.));
#7108 = ADVANCED_FACE('',(#7109),#7152,.T.);
#7109 = FACE_BOUND('',#7110,.T.);
#7110 = EDGE_LOOP('',(#7111,#7121,#7127,#7128,#7129,#7130,#7138,#7146));
#7111 = ORIENTED_EDGE('',*,*,#7112,.F.);
#7112 = EDGE_CURVE('',#7113,#7115,#7117,.T.);
#7113 = VERTEX_POINT('',#7114);
#7114 = CARTESIAN_POINT('',(-0.71,0.2,-0.1));
#7115 = VERTEX_POINT('',#7116);
#7116 = CARTESIAN_POINT('',(-0.71,0.14,-1.E-01));
#7117 = LINE('',#7118,#7119);
#7118 = CARTESIAN_POINT('',(-0.71,0.2,-1.E-01));
#7119 = VECTOR('',#7120,1.);
#7120 = DIRECTION('',(0.,-1.,0.));
#7121 = ORIENTED_EDGE('',*,*,#7122,.T.);
#7122 = EDGE_CURVE('',#7113,#5694,#7123,.T.);
#7123 = LINE('',#7124,#7125);
#7124 = CARTESIAN_POINT('',(-0.8,0.2,-1.E-01));
#7125 = VECTOR('',#7126,1.);
#7126 = DIRECTION('',(-1.,-0.,2.710505431214E-16));
#7127 = ORIENTED_EDGE('',*,*,#5693,.T.);
#7128 = ORIENTED_EDGE('',*,*,#5956,.F.);
#7129 = ORIENTED_EDGE('',*,*,#7097,.F.);
#7130 = ORIENTED_EDGE('',*,*,#7131,.T.);
#7131 = EDGE_CURVE('',#7090,#7132,#7134,.T.);
#7132 = VERTEX_POINT('',#7133);
#7133 = CARTESIAN_POINT('',(-0.59,0.2,-0.1));
#7134 = LINE('',#7135,#7136);
#7135 = CARTESIAN_POINT('',(-0.8,0.2,-1.E-01));
#7136 = VECTOR('',#7137,1.);
#7137 = DIRECTION('',(-1.,-0.,2.710505431214E-16));
#7138 = ORIENTED_EDGE('',*,*,#7139,.F.);
#7139 = EDGE_CURVE('',#7140,#7132,#7142,.T.);
#7140 = VERTEX_POINT('',#7141);
#7141 = CARTESIAN_POINT('',(-0.59,0.14,-1.E-01));
#7142 = LINE('',#7143,#7144);
#7143 = CARTESIAN_POINT('',(-0.59,0.2,-1.E-01));
#7144 = VECTOR('',#7145,1.);
#7145 = DIRECTION('',(0.,1.,0.));
#7146 = ORIENTED_EDGE('',*,*,#7147,.F.);
#7147 = EDGE_CURVE('',#7115,#7140,#7148,.T.);
#7148 = LINE('',#7149,#7150);
#7149 = CARTESIAN_POINT('',(-0.8,0.14,-1.E-01));
#7150 = VECTOR('',#7151,1.);
#7151 = DIRECTION('',(1.,2.258754526011E-16,-2.710505431214E-16));
#7152 = PLANE('',#7153);
#7153 = AXIS2_PLACEMENT_3D('',#7154,#7155,#7156);
#7154 = CARTESIAN_POINT('',(-0.8,0.2,-1.E-01));
#7155 = DIRECTION('',(2.710505431214E-16,0.,1.));
#7156 = DIRECTION('',(1.,0.,-2.710505431214E-16));
#7157 = ADVANCED_FACE('',(#7158),#7228,.F.);
#7158 = FACE_BOUND('',#7159,.T.);
#7159 = EDGE_LOOP('',(#7160,#7161,#7167,#7168,#7169,#7170,#7176,#7177,
    #7183,#7184,#7185,#7186,#7192,#7193,#7194,#7195,#7201,#7202,#7203,
    #7204,#7210,#7211,#7217,#7218,#7219,#7220,#7226,#7227));
#7160 = ORIENTED_EDGE('',*,*,#7058,.F.);
#7161 = ORIENTED_EDGE('',*,*,#7162,.T.);
#7162 = EDGE_CURVE('',#7051,#6386,#7163,.T.);
#7163 = LINE('',#7164,#7165);
#7164 = CARTESIAN_POINT('',(-0.59,0.2,-0.8));
#7165 = VECTOR('',#7166,1.);
#7166 = DIRECTION('',(-0.,-0.,1.));
#7167 = ORIENTED_EDGE('',*,*,#6385,.F.);
#7168 = ORIENTED_EDGE('',*,*,#6343,.F.);
#7169 = ORIENTED_EDGE('',*,*,#6312,.F.);
#7170 = ORIENTED_EDGE('',*,*,#7171,.T.);
#7171 = EDGE_CURVE('',#6305,#5734,#7172,.T.);
#7172 = LINE('',#7173,#7174);
#7173 = CARTESIAN_POINT('',(-0.59,0.2,-0.8));
#7174 = VECTOR('',#7175,1.);
#7175 = DIRECTION('',(-0.,-0.,1.));
#7176 = ORIENTED_EDGE('',*,*,#5733,.T.);
#7177 = ORIENTED_EDGE('',*,*,#7178,.F.);
#7178 = EDGE_CURVE('',#6289,#5726,#7179,.T.);
#7179 = LINE('',#7180,#7181);
#7180 = CARTESIAN_POINT('',(-0.71,0.2,-0.8));
#7181 = VECTOR('',#7182,1.);
#7182 = DIRECTION('',(-0.,-0.,1.));
#7183 = ORIENTED_EDGE('',*,*,#6328,.F.);
#7184 = ORIENTED_EDGE('',*,*,#5614,.F.);
#7185 = ORIENTED_EDGE('',*,*,#6376,.F.);
#7186 = ORIENTED_EDGE('',*,*,#7187,.F.);
#7187 = EDGE_CURVE('',#7035,#6367,#7188,.T.);
#7188 = LINE('',#7189,#7190);
#7189 = CARTESIAN_POINT('',(-0.71,0.2,-0.8));
#7190 = VECTOR('',#7191,1.);
#7191 = DIRECTION('',(-0.,-0.,1.));
#7192 = ORIENTED_EDGE('',*,*,#7074,.F.);
#7193 = ORIENTED_EDGE('',*,*,#5701,.F.);
#7194 = ORIENTED_EDGE('',*,*,#7122,.F.);
#7195 = ORIENTED_EDGE('',*,*,#7196,.F.);
#7196 = EDGE_CURVE('',#6160,#7113,#7197,.T.);
#7197 = LINE('',#7198,#7199);
#7198 = CARTESIAN_POINT('',(-0.71,0.2,-0.8));
#7199 = VECTOR('',#7200,1.);
#7200 = DIRECTION('',(-0.,-0.,1.));
#7201 = ORIENTED_EDGE('',*,*,#6199,.F.);
#7202 = ORIENTED_EDGE('',*,*,#5669,.F.);
#7203 = ORIENTED_EDGE('',*,*,#6247,.F.);
#7204 = ORIENTED_EDGE('',*,*,#7205,.F.);
#7205 = EDGE_CURVE('',#5392,#6238,#7206,.T.);
#7206 = LINE('',#7207,#7208);
#7207 = CARTESIAN_POINT('',(-0.71,0.2,-0.8));
#7208 = VECTOR('',#7209,1.);
#7209 = DIRECTION('',(-0.,-0.,1.));
#7210 = ORIENTED_EDGE('',*,*,#5389,.F.);
#7211 = ORIENTED_EDGE('',*,*,#7212,.T.);
#7212 = EDGE_CURVE('',#5390,#6257,#7213,.T.);
#7213 = LINE('',#7214,#7215);
#7214 = CARTESIAN_POINT('',(-0.59,0.2,-0.8));
#7215 = VECTOR('',#7216,1.);
#7216 = DIRECTION('',(-0.,-0.,1.));
#7217 = ORIENTED_EDGE('',*,*,#6256,.F.);
#7218 = ORIENTED_EDGE('',*,*,#6214,.F.);
#7219 = ORIENTED_EDGE('',*,*,#6183,.F.);
#7220 = ORIENTED_EDGE('',*,*,#7221,.T.);
#7221 = EDGE_CURVE('',#6176,#7132,#7222,.T.);
#7222 = LINE('',#7223,#7224);
#7223 = CARTESIAN_POINT('',(-0.59,0.2,-0.8));
#7224 = VECTOR('',#7225,1.);
#7225 = DIRECTION('',(-0.,-0.,1.));
#7226 = ORIENTED_EDGE('',*,*,#7131,.F.);
#7227 = ORIENTED_EDGE('',*,*,#7089,.F.);
#7228 = PLANE('',#7229);
#7229 = AXIS2_PLACEMENT_3D('',#7230,#7231,#7232);
#7230 = CARTESIAN_POINT('',(0.,0.2,0.));
#7231 = DIRECTION('',(0.,1.,-0.));
#7232 = DIRECTION('',(0.,0.,1.));
#7233 = ADVANCED_FACE('',(#7234),#7250,.F.);
#7234 = FACE_BOUND('',#7235,.T.);
#7235 = EDGE_LOOP('',(#7236,#7237,#7243,#7244));
#7236 = ORIENTED_EDGE('',*,*,#6167,.T.);
#7237 = ORIENTED_EDGE('',*,*,#7238,.T.);
#7238 = EDGE_CURVE('',#6158,#7115,#7239,.T.);
#7239 = LINE('',#7240,#7241);
#7240 = CARTESIAN_POINT('',(-0.71,0.14,-0.8));
#7241 = VECTOR('',#7242,1.);
#7242 = DIRECTION('',(-0.,-0.,1.));
#7243 = ORIENTED_EDGE('',*,*,#7147,.T.);
#7244 = ORIENTED_EDGE('',*,*,#7245,.F.);
#7245 = EDGE_CURVE('',#6168,#7140,#7246,.T.);
#7246 = LINE('',#7247,#7248);
#7247 = CARTESIAN_POINT('',(-0.59,0.14,-0.8));
#7248 = VECTOR('',#7249,1.);
#7249 = DIRECTION('',(-0.,-0.,1.));
#7250 = PLANE('',#7251);
#7251 = AXIS2_PLACEMENT_3D('',#7252,#7253,#7254);
#7252 = CARTESIAN_POINT('',(-0.71,0.14,-0.8));
#7253 = DIRECTION('',(2.258754526011E-16,-1.,0.));
#7254 = DIRECTION('',(1.,2.258754526011E-16,0.));
#7255 = ADVANCED_FACE('',(#7256),#7262,.F.);
#7256 = FACE_BOUND('',#7257,.T.);
#7257 = EDGE_LOOP('',(#7258,#7259,#7260,#7261));
#7258 = ORIENTED_EDGE('',*,*,#6175,.T.);
#7259 = ORIENTED_EDGE('',*,*,#7245,.T.);
#7260 = ORIENTED_EDGE('',*,*,#7139,.T.);
#7261 = ORIENTED_EDGE('',*,*,#7221,.F.);
#7262 = PLANE('',#7263);
#7263 = AXIS2_PLACEMENT_3D('',#7264,#7265,#7266);
#7264 = CARTESIAN_POINT('',(-0.59,0.2,-0.8));
#7265 = DIRECTION('',(1.,0.,0.));
#7266 = DIRECTION('',(0.,0.,-1.));
#7267 = ADVANCED_FACE('',(#7268),#7274,.F.);
#7268 = FACE_BOUND('',#7269,.T.);
#7269 = EDGE_LOOP('',(#7270,#7271,#7272,#7273));
#7270 = ORIENTED_EDGE('',*,*,#6157,.T.);
#7271 = ORIENTED_EDGE('',*,*,#7196,.T.);
#7272 = ORIENTED_EDGE('',*,*,#7112,.T.);
#7273 = ORIENTED_EDGE('',*,*,#7238,.F.);
#7274 = PLANE('',#7275);
#7275 = AXIS2_PLACEMENT_3D('',#7276,#7277,#7278);
#7276 = CARTESIAN_POINT('',(-0.71,0.2,-0.8));
#7277 = DIRECTION('',(-1.,0.,-0.));
#7278 = DIRECTION('',(0.,0.,1.));
#7279 = ADVANCED_FACE('',(#7280),#7296,.F.);
#7280 = FACE_BOUND('',#7281,.T.);
#7281 = EDGE_LOOP('',(#7282,#7283,#7289,#7290));
#7282 = ORIENTED_EDGE('',*,*,#6401,.T.);
#7283 = ORIENTED_EDGE('',*,*,#7284,.F.);
#7284 = EDGE_CURVE('',#7043,#6394,#7285,.T.);
#7285 = LINE('',#7286,#7287);
#7286 = CARTESIAN_POINT('',(-0.59,0.14,-0.8));
#7287 = VECTOR('',#7288,1.);
#7288 = DIRECTION('',(-0.,-0.,1.));
#7289 = ORIENTED_EDGE('',*,*,#7042,.T.);
#7290 = ORIENTED_EDGE('',*,*,#7291,.T.);
#7291 = EDGE_CURVE('',#7033,#6369,#7292,.T.);
#7292 = LINE('',#7293,#7294);
#7293 = CARTESIAN_POINT('',(-0.71,0.14,-0.8));
#7294 = VECTOR('',#7295,1.);
#7295 = DIRECTION('',(-0.,-0.,1.));
#7296 = PLANE('',#7297);
#7297 = AXIS2_PLACEMENT_3D('',#7298,#7299,#7300);
#7298 = CARTESIAN_POINT('',(-0.71,0.14,-0.8));
#7299 = DIRECTION('',(2.258754526011E-16,-1.,0.));
#7300 = DIRECTION('',(1.,2.258754526011E-16,0.));
#7301 = ADVANCED_FACE('',(#7302),#7308,.F.);
#7302 = FACE_BOUND('',#7303,.T.);
#7303 = EDGE_LOOP('',(#7304,#7305,#7306,#7307));
#7304 = ORIENTED_EDGE('',*,*,#6393,.T.);
#7305 = ORIENTED_EDGE('',*,*,#7162,.F.);
#7306 = ORIENTED_EDGE('',*,*,#7050,.T.);
#7307 = ORIENTED_EDGE('',*,*,#7284,.T.);
#7308 = PLANE('',#7309);
#7309 = AXIS2_PLACEMENT_3D('',#7310,#7311,#7312);
#7310 = CARTESIAN_POINT('',(-0.59,0.2,-0.8));
#7311 = DIRECTION('',(1.,0.,0.));
#7312 = DIRECTION('',(0.,0.,-1.));
#7313 = ADVANCED_FACE('',(#7314),#7320,.F.);
#7314 = FACE_BOUND('',#7315,.T.);
#7315 = EDGE_LOOP('',(#7316,#7317,#7318,#7319));
#7316 = ORIENTED_EDGE('',*,*,#6366,.T.);
#7317 = ORIENTED_EDGE('',*,*,#7291,.F.);
#7318 = ORIENTED_EDGE('',*,*,#7032,.T.);
#7319 = ORIENTED_EDGE('',*,*,#7187,.T.);
#7320 = PLANE('',#7321);
#7321 = AXIS2_PLACEMENT_3D('',#7322,#7323,#7324);
#7322 = CARTESIAN_POINT('',(-0.71,0.2,-0.8));
#7323 = DIRECTION('',(-1.,0.,-0.));
#7324 = DIRECTION('',(0.,0.,1.));
#7325 = ADVANCED_FACE('',(#7326),#7337,.F.);
#7326 = FACE_BOUND('',#7327,.T.);
#7327 = EDGE_LOOP('',(#7328,#7329,#7330,#7331));
#7328 = ORIENTED_EDGE('',*,*,#6756,.T.);
#7329 = ORIENTED_EDGE('',*,*,#6957,.T.);
#7330 = ORIENTED_EDGE('',*,*,#6925,.T.);
#7331 = ORIENTED_EDGE('',*,*,#7332,.F.);
#7332 = EDGE_CURVE('',#6757,#6918,#7333,.T.);
#7333 = LINE('',#7334,#7335);
#7334 = CARTESIAN_POINT('',(0.59,0.14,-0.8));
#7335 = VECTOR('',#7336,1.);
#7336 = DIRECTION('',(-0.,-0.,1.));
#7337 = PLANE('',#7338);
#7338 = AXIS2_PLACEMENT_3D('',#7339,#7340,#7341);
#7339 = CARTESIAN_POINT('',(0.59,0.2,-0.8));
#7340 = DIRECTION('',(-1.,0.,-0.));
#7341 = DIRECTION('',(0.,0.,1.));
#7342 = ADVANCED_FACE('',(#7343),#7354,.F.);
#7343 = FACE_BOUND('',#7344,.T.);
#7344 = EDGE_LOOP('',(#7345,#7346,#7347,#7348));
#7345 = ORIENTED_EDGE('',*,*,#6764,.T.);
#7346 = ORIENTED_EDGE('',*,*,#7332,.T.);
#7347 = ORIENTED_EDGE('',*,*,#6917,.T.);
#7348 = ORIENTED_EDGE('',*,*,#7349,.F.);
#7349 = EDGE_CURVE('',#6732,#6908,#7350,.T.);
#7350 = LINE('',#7351,#7352);
#7351 = CARTESIAN_POINT('',(0.71,0.14,-0.8));
#7352 = VECTOR('',#7353,1.);
#7353 = DIRECTION('',(-0.,-0.,1.));
#7354 = PLANE('',#7355);
#7355 = AXIS2_PLACEMENT_3D('',#7356,#7357,#7358);
#7356 = CARTESIAN_POINT('',(0.71,0.14,-0.8));
#7357 = DIRECTION('',(-2.258754526011E-16,-1.,0.));
#7358 = DIRECTION('',(1.,-2.258754526011E-16,0.));
#7359 = ADVANCED_FACE('',(#7360),#7366,.F.);
#7360 = FACE_BOUND('',#7361,.T.);
#7361 = EDGE_LOOP('',(#7362,#7363,#7364,#7365));
#7362 = ORIENTED_EDGE('',*,*,#6729,.T.);
#7363 = ORIENTED_EDGE('',*,*,#7349,.T.);
#7364 = ORIENTED_EDGE('',*,*,#6907,.T.);
#7365 = ORIENTED_EDGE('',*,*,#7000,.F.);
#7366 = PLANE('',#7367);
#7367 = AXIS2_PLACEMENT_3D('',#7368,#7369,#7370);
#7368 = CARTESIAN_POINT('',(0.71,0.2,-0.8));
#7369 = DIRECTION('',(1.,0.,0.));
#7370 = DIRECTION('',(0.,0.,-1.));
#7371 = ADVANCED_FACE('',(#7372),#7383,.F.);
#7372 = FACE_BOUND('',#7373,.T.);
#7373 = EDGE_LOOP('',(#7374,#7375,#7376,#7377));
#7374 = ORIENTED_EDGE('',*,*,#6885,.T.);
#7375 = ORIENTED_EDGE('',*,*,#7016,.T.);
#7376 = ORIENTED_EDGE('',*,*,#5817,.T.);
#7377 = ORIENTED_EDGE('',*,*,#7378,.F.);
#7378 = EDGE_CURVE('',#6886,#5820,#7379,.T.);
#7379 = LINE('',#7380,#7381);
#7380 = CARTESIAN_POINT('',(0.59,0.14,-0.8));
#7381 = VECTOR('',#7382,1.);
#7382 = DIRECTION('',(-0.,-0.,1.));
#7383 = PLANE('',#7384);
#7384 = AXIS2_PLACEMENT_3D('',#7385,#7386,#7387);
#7385 = CARTESIAN_POINT('',(0.59,0.2,-0.8));
#7386 = DIRECTION('',(-1.,0.,-0.));
#7387 = DIRECTION('',(0.,0.,1.));
#7388 = ADVANCED_FACE('',(#7389),#7400,.F.);
#7389 = FACE_BOUND('',#7390,.T.);
#7390 = EDGE_LOOP('',(#7391,#7392,#7393,#7394));
#7391 = ORIENTED_EDGE('',*,*,#6893,.T.);
#7392 = ORIENTED_EDGE('',*,*,#7378,.T.);
#7393 = ORIENTED_EDGE('',*,*,#5843,.T.);
#7394 = ORIENTED_EDGE('',*,*,#7395,.F.);
#7395 = EDGE_CURVE('',#6861,#5836,#7396,.T.);
#7396 = LINE('',#7397,#7398);
#7397 = CARTESIAN_POINT('',(0.71,0.14,-0.8));
#7398 = VECTOR('',#7399,1.);
#7399 = DIRECTION('',(-0.,-0.,1.));
#7400 = PLANE('',#7401);
#7401 = AXIS2_PLACEMENT_3D('',#7402,#7403,#7404);
#7402 = CARTESIAN_POINT('',(0.71,0.14,-0.8));
#7403 = DIRECTION('',(-2.258754526011E-16,-1.,0.));
#7404 = DIRECTION('',(1.,-2.258754526011E-16,0.));
#7405 = ADVANCED_FACE('',(#7406),#7412,.F.);
#7406 = FACE_BOUND('',#7407,.T.);
#7407 = EDGE_LOOP('',(#7408,#7409,#7410,#7411));
#7408 = ORIENTED_EDGE('',*,*,#6858,.T.);
#7409 = ORIENTED_EDGE('',*,*,#7395,.T.);
#7410 = ORIENTED_EDGE('',*,*,#5835,.T.);
#7411 = ORIENTED_EDGE('',*,*,#7009,.F.);
#7412 = PLANE('',#7413);
#7413 = AXIS2_PLACEMENT_3D('',#7414,#7415,#7416);
#7414 = CARTESIAN_POINT('',(0.71,0.2,-0.8));
#7415 = DIRECTION('',(1.,0.,0.));
#7416 = DIRECTION('',(0.,0.,-1.));
#7417 = ADVANCED_FACE('',(#7418),#7429,.F.);
#7418 = FACE_BOUND('',#7419,.T.);
#7419 = EDGE_LOOP('',(#7420,#7421,#7422,#7423));
#7420 = ORIENTED_EDGE('',*,*,#6627,.T.);
#7421 = ORIENTED_EDGE('',*,*,#6966,.T.);
#7422 = ORIENTED_EDGE('',*,*,#6796,.T.);
#7423 = ORIENTED_EDGE('',*,*,#7424,.F.);
#7424 = EDGE_CURVE('',#6628,#6789,#7425,.T.);
#7425 = LINE('',#7426,#7427);
#7426 = CARTESIAN_POINT('',(0.59,0.14,-0.8));
#7427 = VECTOR('',#7428,1.);
#7428 = DIRECTION('',(-0.,-0.,1.));
#7429 = PLANE('',#7430);
#7430 = AXIS2_PLACEMENT_3D('',#7431,#7432,#7433);
#7431 = CARTESIAN_POINT('',(0.59,0.2,-0.8));
#7432 = DIRECTION('',(-1.,0.,-0.));
#7433 = DIRECTION('',(0.,0.,1.));
#7434 = ADVANCED_FACE('',(#7435),#7446,.F.);
#7435 = FACE_BOUND('',#7436,.T.);
#7436 = EDGE_LOOP('',(#7437,#7438,#7439,#7440));
#7437 = ORIENTED_EDGE('',*,*,#6635,.T.);
#7438 = ORIENTED_EDGE('',*,*,#7424,.T.);
#7439 = ORIENTED_EDGE('',*,*,#6788,.T.);
#7440 = ORIENTED_EDGE('',*,*,#7441,.F.);
#7441 = EDGE_CURVE('',#6603,#6779,#7442,.T.);
#7442 = LINE('',#7443,#7444);
#7443 = CARTESIAN_POINT('',(0.71,0.14,-0.8));
#7444 = VECTOR('',#7445,1.);
#7445 = DIRECTION('',(-0.,-0.,1.));
#7446 = PLANE('',#7447);
#7447 = AXIS2_PLACEMENT_3D('',#7448,#7449,#7450);
#7448 = CARTESIAN_POINT('',(0.71,0.14,-0.8));
#7449 = DIRECTION('',(-2.258754526011E-16,-1.,0.));
#7450 = DIRECTION('',(1.,-2.258754526011E-16,0.));
#7451 = ADVANCED_FACE('',(#7452),#7458,.F.);
#7452 = FACE_BOUND('',#7453,.T.);
#7453 = EDGE_LOOP('',(#7454,#7455,#7456,#7457));
#7454 = ORIENTED_EDGE('',*,*,#6600,.T.);
#7455 = ORIENTED_EDGE('',*,*,#7441,.T.);
#7456 = ORIENTED_EDGE('',*,*,#6778,.T.);
#7457 = ORIENTED_EDGE('',*,*,#6991,.F.);
#7458 = PLANE('',#7459);
#7459 = AXIS2_PLACEMENT_3D('',#7460,#7461,#7462);
#7460 = CARTESIAN_POINT('',(0.71,0.2,-0.8));
#7461 = DIRECTION('',(1.,0.,0.));
#7462 = DIRECTION('',(0.,0.,-1.));
#7463 = ADVANCED_FACE('',(#7464),#7475,.F.);
#7464 = FACE_BOUND('',#7465,.T.);
#7465 = EDGE_LOOP('',(#7466,#7467,#7468,#7469));
#7466 = ORIENTED_EDGE('',*,*,#6649,.T.);
#7467 = ORIENTED_EDGE('',*,*,#6982,.F.);
#7468 = ORIENTED_EDGE('',*,*,#5491,.F.);
#7469 = ORIENTED_EDGE('',*,*,#7470,.T.);
#7470 = EDGE_CURVE('',#5492,#6650,#7471,.T.);
#7471 = LINE('',#7472,#7473);
#7472 = CARTESIAN_POINT('',(0.71,0.14,-0.8));
#7473 = VECTOR('',#7474,1.);
#7474 = DIRECTION('',(-0.,-0.,1.));
#7475 = PLANE('',#7476);
#7476 = AXIS2_PLACEMENT_3D('',#7477,#7478,#7479);
#7477 = CARTESIAN_POINT('',(0.71,0.2,-0.8));
#7478 = DIRECTION('',(1.,0.,0.));
#7479 = DIRECTION('',(0.,0.,-1.));
#7480 = ADVANCED_FACE('',(#7481),#7492,.F.);
#7481 = FACE_BOUND('',#7482,.T.);
#7482 = EDGE_LOOP('',(#7483,#7484,#7485,#7486));
#7483 = ORIENTED_EDGE('',*,*,#6659,.T.);
#7484 = ORIENTED_EDGE('',*,*,#7470,.F.);
#7485 = ORIENTED_EDGE('',*,*,#5517,.F.);
#7486 = ORIENTED_EDGE('',*,*,#7487,.T.);
#7487 = EDGE_CURVE('',#5510,#6660,#7488,.T.);
#7488 = LINE('',#7489,#7490);
#7489 = CARTESIAN_POINT('',(0.59,0.14,-0.8));
#7490 = VECTOR('',#7491,1.);
#7491 = DIRECTION('',(-0.,-0.,1.));
#7492 = PLANE('',#7493);
#7493 = AXIS2_PLACEMENT_3D('',#7494,#7495,#7496);
#7494 = CARTESIAN_POINT('',(0.71,0.14,-0.8));
#7495 = DIRECTION('',(-2.258754526011E-16,-1.,0.));
#7496 = DIRECTION('',(1.,-2.258754526011E-16,0.));
#7497 = ADVANCED_FACE('',(#7498),#7504,.F.);
#7498 = FACE_BOUND('',#7499,.T.);
#7499 = EDGE_LOOP('',(#7500,#7501,#7502,#7503));
#7500 = ORIENTED_EDGE('',*,*,#6667,.T.);
#7501 = ORIENTED_EDGE('',*,*,#7487,.F.);
#7502 = ORIENTED_EDGE('',*,*,#5509,.F.);
#7503 = ORIENTED_EDGE('',*,*,#6975,.T.);
#7504 = PLANE('',#7505);
#7505 = AXIS2_PLACEMENT_3D('',#7506,#7507,#7508);
#7506 = CARTESIAN_POINT('',(0.59,0.2,-0.8));
#7507 = DIRECTION('',(-1.,0.,-0.));
#7508 = DIRECTION('',(0.,0.,1.));
#7509 = ADVANCED_FACE('',(#7510),#7526,.F.);
#7510 = FACE_BOUND('',#7511,.T.);
#7511 = EDGE_LOOP('',(#7512,#7513,#7519,#7520));
#7512 = ORIENTED_EDGE('',*,*,#6296,.T.);
#7513 = ORIENTED_EDGE('',*,*,#7514,.T.);
#7514 = EDGE_CURVE('',#6287,#5716,#7515,.T.);
#7515 = LINE('',#7516,#7517);
#7516 = CARTESIAN_POINT('',(-0.71,0.14,-0.8));
#7517 = VECTOR('',#7518,1.);
#7518 = DIRECTION('',(-0.,-0.,1.));
#7519 = ORIENTED_EDGE('',*,*,#5715,.T.);
#7520 = ORIENTED_EDGE('',*,*,#7521,.F.);
#7521 = EDGE_CURVE('',#6297,#5718,#7522,.T.);
#7522 = LINE('',#7523,#7524);
#7523 = CARTESIAN_POINT('',(-0.59,0.14,-0.8));
#7524 = VECTOR('',#7525,1.);
#7525 = DIRECTION('',(-0.,-0.,1.));
#7526 = PLANE('',#7527);
#7527 = AXIS2_PLACEMENT_3D('',#7528,#7529,#7530);
#7528 = CARTESIAN_POINT('',(-0.71,0.14,-0.8));
#7529 = DIRECTION('',(2.258754526011E-16,-1.,0.));
#7530 = DIRECTION('',(1.,2.258754526011E-16,0.));
#7531 = ADVANCED_FACE('',(#7532),#7538,.F.);
#7532 = FACE_BOUND('',#7533,.T.);
#7533 = EDGE_LOOP('',(#7534,#7535,#7536,#7537));
#7534 = ORIENTED_EDGE('',*,*,#6304,.T.);
#7535 = ORIENTED_EDGE('',*,*,#7521,.T.);
#7536 = ORIENTED_EDGE('',*,*,#5741,.T.);
#7537 = ORIENTED_EDGE('',*,*,#7171,.F.);
#7538 = PLANE('',#7539);
#7539 = AXIS2_PLACEMENT_3D('',#7540,#7541,#7542);
#7540 = CARTESIAN_POINT('',(-0.59,0.2,-0.8));
#7541 = DIRECTION('',(1.,0.,0.));
#7542 = DIRECTION('',(0.,0.,-1.));
#7543 = ADVANCED_FACE('',(#7544),#7550,.F.);
#7544 = FACE_BOUND('',#7545,.T.);
#7545 = EDGE_LOOP('',(#7546,#7547,#7548,#7549));
#7546 = ORIENTED_EDGE('',*,*,#6286,.T.);
#7547 = ORIENTED_EDGE('',*,*,#7178,.T.);
#7548 = ORIENTED_EDGE('',*,*,#5725,.T.);
#7549 = ORIENTED_EDGE('',*,*,#7514,.F.);
#7550 = PLANE('',#7551);
#7551 = AXIS2_PLACEMENT_3D('',#7552,#7553,#7554);
#7552 = CARTESIAN_POINT('',(-0.71,0.2,-0.8));
#7553 = DIRECTION('',(-1.,0.,-0.));
#7554 = DIRECTION('',(0.,0.,1.));
#7555 = ADVANCED_FACE('',(#7556),#7567,.F.);
#7556 = FACE_BOUND('',#7557,.T.);
#7557 = EDGE_LOOP('',(#7558,#7559,#7565,#7566));
#7558 = ORIENTED_EDGE('',*,*,#6237,.T.);
#7559 = ORIENTED_EDGE('',*,*,#7560,.F.);
#7560 = EDGE_CURVE('',#5400,#6240,#7561,.T.);
#7561 = LINE('',#7562,#7563);
#7562 = CARTESIAN_POINT('',(-0.71,0.14,-0.8));
#7563 = VECTOR('',#7564,1.);
#7564 = DIRECTION('',(-0.,-0.,1.));
#7565 = ORIENTED_EDGE('',*,*,#5399,.F.);
#7566 = ORIENTED_EDGE('',*,*,#7205,.T.);
#7567 = PLANE('',#7568);
#7568 = AXIS2_PLACEMENT_3D('',#7569,#7570,#7571);
#7569 = CARTESIAN_POINT('',(-0.71,0.2,-0.8));
#7570 = DIRECTION('',(-1.,0.,-0.));
#7571 = DIRECTION('',(0.,0.,1.));
#7572 = ADVANCED_FACE('',(#7573),#7584,.F.);
#7573 = FACE_BOUND('',#7574,.T.);
#7574 = EDGE_LOOP('',(#7575,#7576,#7577,#7578));
#7575 = ORIENTED_EDGE('',*,*,#6264,.T.);
#7576 = ORIENTED_EDGE('',*,*,#7212,.F.);
#7577 = ORIENTED_EDGE('',*,*,#5415,.F.);
#7578 = ORIENTED_EDGE('',*,*,#7579,.T.);
#7579 = EDGE_CURVE('',#5408,#6265,#7580,.T.);
#7580 = LINE('',#7581,#7582);
#7581 = CARTESIAN_POINT('',(-0.59,0.14,-0.8));
#7582 = VECTOR('',#7583,1.);
#7583 = DIRECTION('',(-0.,-0.,1.));
#7584 = PLANE('',#7585);
#7585 = AXIS2_PLACEMENT_3D('',#7586,#7587,#7588);
#7586 = CARTESIAN_POINT('',(-0.59,0.2,-0.8));
#7587 = DIRECTION('',(1.,0.,0.));
#7588 = DIRECTION('',(0.,0.,-1.));
#7589 = ADVANCED_FACE('',(#7590),#7596,.F.);
#7590 = FACE_BOUND('',#7591,.T.);
#7591 = EDGE_LOOP('',(#7592,#7593,#7594,#7595));
#7592 = ORIENTED_EDGE('',*,*,#6272,.T.);
#7593 = ORIENTED_EDGE('',*,*,#7579,.F.);
#7594 = ORIENTED_EDGE('',*,*,#5407,.F.);
#7595 = ORIENTED_EDGE('',*,*,#7560,.T.);
#7596 = PLANE('',#7597);
#7597 = AXIS2_PLACEMENT_3D('',#7598,#7599,#7600);
#7598 = CARTESIAN_POINT('',(-0.71,0.14,-0.8));
#7599 = DIRECTION('',(2.258754526011E-16,-1.,0.));
#7600 = DIRECTION('',(1.,2.258754526011E-16,0.));
#7601 = ADVANCED_FACE('',(#7602),#7618,.F.);
#7602 = FACE_BOUND('',#7603,.T.);
#7603 = EDGE_LOOP('',(#7604,#7605,#7611,#7612));
#7604 = ORIENTED_EDGE('',*,*,#5793,.T.);
#7605 = ORIENTED_EDGE('',*,*,#7606,.F.);
#7606 = EDGE_CURVE('',#5468,#5784,#7607,.T.);
#7607 = LINE('',#7608,#7609);
#7608 = CARTESIAN_POINT('',(0.265,0.2,-0.8));
#7609 = VECTOR('',#7610,1.);
#7610 = DIRECTION('',(-0.,-0.,1.));
#7611 = ORIENTED_EDGE('',*,*,#5467,.F.);
#7612 = ORIENTED_EDGE('',*,*,#7613,.T.);
#7613 = EDGE_CURVE('',#5460,#5794,#7614,.T.);
#7614 = LINE('',#7615,#7616);
#7615 = CARTESIAN_POINT('',(0.385,0.2,-0.8));
#7616 = VECTOR('',#7617,1.);
#7617 = DIRECTION('',(-0.,-0.,1.));
#7618 = PLANE('',#7619);
#7619 = AXIS2_PLACEMENT_3D('',#7620,#7621,#7622);
#7620 = CARTESIAN_POINT('',(0.385,0.2,-0.8));
#7621 = DIRECTION('',(2.258754526011E-16,1.,0.));
#7622 = DIRECTION('',(-1.,2.258754526011E-16,0.));
#7623 = ADVANCED_FACE('',(#7624),#7635,.F.);
#7624 = FACE_BOUND('',#7625,.T.);
#7625 = EDGE_LOOP('',(#7626,#7627,#7628,#7629));
#7626 = ORIENTED_EDGE('',*,*,#5801,.T.);
#7627 = ORIENTED_EDGE('',*,*,#7613,.F.);
#7628 = ORIENTED_EDGE('',*,*,#5457,.F.);
#7629 = ORIENTED_EDGE('',*,*,#7630,.T.);
#7630 = EDGE_CURVE('',#5458,#5802,#7631,.T.);
#7631 = LINE('',#7632,#7633);
#7632 = CARTESIAN_POINT('',(0.385,0.14,-0.8));
#7633 = VECTOR('',#7634,1.);
#7634 = DIRECTION('',(-0.,-0.,1.));
#7635 = PLANE('',#7636);
#7636 = AXIS2_PLACEMENT_3D('',#7637,#7638,#7639);
#7637 = CARTESIAN_POINT('',(0.385,0.2,-0.8));
#7638 = DIRECTION('',(1.,-9.035018104046E-16,0.));
#7639 = DIRECTION('',(9.035018104046E-16,1.,0.));
#7640 = ADVANCED_FACE('',(#7641),#7652,.F.);
#7641 = FACE_BOUND('',#7642,.T.);
#7642 = EDGE_LOOP('',(#7643,#7644,#7645,#7646));
#7643 = ORIENTED_EDGE('',*,*,#5809,.T.);
#7644 = ORIENTED_EDGE('',*,*,#7630,.F.);
#7645 = ORIENTED_EDGE('',*,*,#5483,.F.);
#7646 = ORIENTED_EDGE('',*,*,#7647,.T.);
#7647 = EDGE_CURVE('',#5476,#5786,#7648,.T.);
#7648 = LINE('',#7649,#7650);
#7649 = CARTESIAN_POINT('',(0.265,0.14,-0.8));
#7650 = VECTOR('',#7651,1.);
#7651 = DIRECTION('',(-0.,-0.,1.));
#7652 = PLANE('',#7653);
#7653 = AXIS2_PLACEMENT_3D('',#7654,#7655,#7656);
#7654 = CARTESIAN_POINT('',(0.385,0.14,-0.8));
#7655 = DIRECTION('',(-2.258754526011E-16,-1.,0.));
#7656 = DIRECTION('',(1.,-2.258754526011E-16,0.));
#7657 = ADVANCED_FACE('',(#7658),#7664,.F.);
#7658 = FACE_BOUND('',#7659,.T.);
#7659 = EDGE_LOOP('',(#7660,#7661,#7662,#7663));
#7660 = ORIENTED_EDGE('',*,*,#5783,.T.);
#7661 = ORIENTED_EDGE('',*,*,#7647,.F.);
#7662 = ORIENTED_EDGE('',*,*,#5475,.F.);
#7663 = ORIENTED_EDGE('',*,*,#7606,.T.);
#7664 = PLANE('',#7665);
#7665 = AXIS2_PLACEMENT_3D('',#7666,#7667,#7668);
#7666 = CARTESIAN_POINT('',(0.265,0.2,-0.8));
#7667 = DIRECTION('',(-1.,1.807003620809E-15,0.));
#7668 = DIRECTION('',(-1.807003620809E-15,-1.,0.));
#7669 = ADVANCED_FACE('',(#7670),#7686,.F.);
#7670 = FACE_BOUND('',#7671,.T.);
#7671 = EDGE_LOOP('',(#7672,#7673,#7679,#7680));
#7672 = ORIENTED_EDGE('',*,*,#5759,.T.);
#7673 = ORIENTED_EDGE('',*,*,#7674,.F.);
#7674 = EDGE_CURVE('',#5434,#5750,#7675,.T.);
#7675 = LINE('',#7676,#7677);
#7676 = CARTESIAN_POINT('',(-0.385,0.14,-0.8));
#7677 = VECTOR('',#7678,1.);
#7678 = DIRECTION('',(-0.,-0.,1.));
#7679 = ORIENTED_EDGE('',*,*,#5433,.F.);
#7680 = ORIENTED_EDGE('',*,*,#7681,.T.);
#7681 = EDGE_CURVE('',#5426,#5760,#7682,.T.);
#7682 = LINE('',#7683,#7684);
#7683 = CARTESIAN_POINT('',(-0.385,0.2,-0.8));
#7684 = VECTOR('',#7685,1.);
#7685 = DIRECTION('',(-0.,-0.,1.));
#7686 = PLANE('',#7687);
#7687 = AXIS2_PLACEMENT_3D('',#7688,#7689,#7690);
#7688 = CARTESIAN_POINT('',(-0.385,0.2,-0.8));
#7689 = DIRECTION('',(-1.,-9.035018104046E-16,0.));
#7690 = DIRECTION('',(9.035018104046E-16,-1.,0.));
#7691 = ADVANCED_FACE('',(#7692),#7703,.F.);
#7692 = FACE_BOUND('',#7693,.T.);
#7693 = EDGE_LOOP('',(#7694,#7695,#7696,#7697));
#7694 = ORIENTED_EDGE('',*,*,#5767,.T.);
#7695 = ORIENTED_EDGE('',*,*,#7681,.F.);
#7696 = ORIENTED_EDGE('',*,*,#5423,.F.);
#7697 = ORIENTED_EDGE('',*,*,#7698,.T.);
#7698 = EDGE_CURVE('',#5424,#5768,#7699,.T.);
#7699 = LINE('',#7700,#7701);
#7700 = CARTESIAN_POINT('',(-0.265,0.2,-0.8));
#7701 = VECTOR('',#7702,1.);
#7702 = DIRECTION('',(-0.,-0.,1.));
#7703 = PLANE('',#7704);
#7704 = AXIS2_PLACEMENT_3D('',#7705,#7706,#7707);
#7705 = CARTESIAN_POINT('',(-0.385,0.2,-0.8));
#7706 = DIRECTION('',(-2.258754526011E-16,1.,0.));
#7707 = DIRECTION('',(-1.,-2.258754526011E-16,0.));
#7708 = ADVANCED_FACE('',(#7709),#7720,.F.);
#7709 = FACE_BOUND('',#7710,.T.);
#7710 = EDGE_LOOP('',(#7711,#7712,#7713,#7714));
#7711 = ORIENTED_EDGE('',*,*,#5775,.T.);
#7712 = ORIENTED_EDGE('',*,*,#7698,.F.);
#7713 = ORIENTED_EDGE('',*,*,#5449,.F.);
#7714 = ORIENTED_EDGE('',*,*,#7715,.T.);
#7715 = EDGE_CURVE('',#5442,#5752,#7716,.T.);
#7716 = LINE('',#7717,#7718);
#7717 = CARTESIAN_POINT('',(-0.265,0.14,-0.8));
#7718 = VECTOR('',#7719,1.);
#7719 = DIRECTION('',(-0.,-0.,1.));
#7720 = PLANE('',#7721);
#7721 = AXIS2_PLACEMENT_3D('',#7722,#7723,#7724);
#7722 = CARTESIAN_POINT('',(-0.265,0.2,-0.8));
#7723 = DIRECTION('',(1.,1.807003620809E-15,0.));
#7724 = DIRECTION('',(-1.807003620809E-15,1.,0.));
#7725 = ADVANCED_FACE('',(#7726),#7732,.F.);
#7726 = FACE_BOUND('',#7727,.T.);
#7727 = EDGE_LOOP('',(#7728,#7729,#7730,#7731));
#7728 = ORIENTED_EDGE('',*,*,#5749,.T.);
#7729 = ORIENTED_EDGE('',*,*,#7715,.F.);
#7730 = ORIENTED_EDGE('',*,*,#5441,.F.);
#7731 = ORIENTED_EDGE('',*,*,#7674,.T.);
#7732 = PLANE('',#7733);
#7733 = AXIS2_PLACEMENT_3D('',#7734,#7735,#7736);
#7734 = CARTESIAN_POINT('',(-0.385,0.14,-0.8));
#7735 = DIRECTION('',(2.258754526011E-16,-1.,0.));
#7736 = DIRECTION('',(1.,2.258754526011E-16,0.));
#7737 = ADVANCED_FACE('',(#7738),#7763,.F.);
#7738 = FACE_BOUND('',#7739,.T.);
#7739 = EDGE_LOOP('',(#7740,#7741,#7749,#7757));
#7740 = ORIENTED_EDGE('',*,*,#5905,.T.);
#7741 = ORIENTED_EDGE('',*,*,#7742,.F.);
#7742 = EDGE_CURVE('',#7743,#5908,#7745,.T.);
#7743 = VERTEX_POINT('',#7744);
#7744 = CARTESIAN_POINT('',(-0.15,0.1,-0.15));
#7745 = LINE('',#7746,#7747);
#7746 = CARTESIAN_POINT('',(-0.15,0.1,-0.15));
#7747 = VECTOR('',#7748,1.);
#7748 = DIRECTION('',(-0.,-1.,-0.));
#7749 = ORIENTED_EDGE('',*,*,#7750,.F.);
#7750 = EDGE_CURVE('',#7751,#7743,#7753,.T.);
#7751 = VERTEX_POINT('',#7752);
#7752 = CARTESIAN_POINT('',(-0.15,0.1,0.15));
#7753 = LINE('',#7754,#7755);
#7754 = CARTESIAN_POINT('',(-0.15,0.1,-0.15));
#7755 = VECTOR('',#7756,1.);
#7756 = DIRECTION('',(-0.,-0.,-1.));
#7757 = ORIENTED_EDGE('',*,*,#7758,.T.);
#7758 = EDGE_CURVE('',#7751,#5906,#7759,.T.);
#7759 = LINE('',#7760,#7761);
#7760 = CARTESIAN_POINT('',(-0.15,0.1,0.15));
#7761 = VECTOR('',#7762,1.);
#7762 = DIRECTION('',(-0.,-1.,-0.));
#7763 = PLANE('',#7764);
#7764 = AXIS2_PLACEMENT_3D('',#7765,#7766,#7767);
#7765 = CARTESIAN_POINT('',(-0.15,0.1,-0.15));
#7766 = DIRECTION('',(-1.,0.,0.));
#7767 = DIRECTION('',(0.,0.,1.));
#7768 = ADVANCED_FACE('',(#7769),#7787,.F.);
#7769 = FACE_BOUND('',#7770,.T.);
#7770 = EDGE_LOOP('',(#7771,#7772,#7773,#7781));
#7771 = ORIENTED_EDGE('',*,*,#5915,.T.);
#7772 = ORIENTED_EDGE('',*,*,#7758,.F.);
#7773 = ORIENTED_EDGE('',*,*,#7774,.F.);
#7774 = EDGE_CURVE('',#7775,#7751,#7777,.T.);
#7775 = VERTEX_POINT('',#7776);
#7776 = CARTESIAN_POINT('',(0.15,0.1,0.15));
#7777 = LINE('',#7778,#7779);
#7778 = CARTESIAN_POINT('',(-0.15,0.1,0.15));
#7779 = VECTOR('',#7780,1.);
#7780 = DIRECTION('',(-1.,-0.,-0.));
#7781 = ORIENTED_EDGE('',*,*,#7782,.T.);
#7782 = EDGE_CURVE('',#7775,#5916,#7783,.T.);
#7783 = LINE('',#7784,#7785);
#7784 = CARTESIAN_POINT('',(0.15,0.1,0.15));
#7785 = VECTOR('',#7786,1.);
#7786 = DIRECTION('',(-0.,-1.,-0.));
#7787 = PLANE('',#7788);
#7788 = AXIS2_PLACEMENT_3D('',#7789,#7790,#7791);
#7789 = CARTESIAN_POINT('',(-0.15,0.1,0.15));
#7790 = DIRECTION('',(0.,0.,1.));
#7791 = DIRECTION('',(1.,0.,-0.));
#7792 = ADVANCED_FACE('',(#7793),#7811,.F.);
#7793 = FACE_BOUND('',#7794,.T.);
#7794 = EDGE_LOOP('',(#7795,#7796,#7797,#7805));
#7795 = ORIENTED_EDGE('',*,*,#5923,.T.);
#7796 = ORIENTED_EDGE('',*,*,#7782,.F.);
#7797 = ORIENTED_EDGE('',*,*,#7798,.F.);
#7798 = EDGE_CURVE('',#7799,#7775,#7801,.T.);
#7799 = VERTEX_POINT('',#7800);
#7800 = CARTESIAN_POINT('',(0.15,0.1,-0.15));
#7801 = LINE('',#7802,#7803);
#7802 = CARTESIAN_POINT('',(0.15,0.1,-0.15));
#7803 = VECTOR('',#7804,1.);
#7804 = DIRECTION('',(0.,0.,1.));
#7805 = ORIENTED_EDGE('',*,*,#7806,.T.);
#7806 = EDGE_CURVE('',#7799,#5924,#7807,.T.);
#7807 = LINE('',#7808,#7809);
#7808 = CARTESIAN_POINT('',(0.15,0.1,-0.15));
#7809 = VECTOR('',#7810,1.);
#7810 = DIRECTION('',(-0.,-1.,-0.));
#7811 = PLANE('',#7812);
#7812 = AXIS2_PLACEMENT_3D('',#7813,#7814,#7815);
#7813 = CARTESIAN_POINT('',(0.15,0.1,-0.15));
#7814 = DIRECTION('',(1.,0.,0.));
#7815 = DIRECTION('',(0.,0.,-1.));
#7816 = ADVANCED_FACE('',(#7817),#7828,.F.);
#7817 = FACE_BOUND('',#7818,.T.);
#7818 = EDGE_LOOP('',(#7819,#7820,#7821,#7827));
#7819 = ORIENTED_EDGE('',*,*,#5931,.T.);
#7820 = ORIENTED_EDGE('',*,*,#7806,.F.);
#7821 = ORIENTED_EDGE('',*,*,#7822,.F.);
#7822 = EDGE_CURVE('',#7743,#7799,#7823,.T.);
#7823 = LINE('',#7824,#7825);
#7824 = CARTESIAN_POINT('',(-0.15,0.1,-0.15));
#7825 = VECTOR('',#7826,1.);
#7826 = DIRECTION('',(1.,0.,0.));
#7827 = ORIENTED_EDGE('',*,*,#7742,.T.);
#7828 = PLANE('',#7829);
#7829 = AXIS2_PLACEMENT_3D('',#7830,#7831,#7832);
#7830 = CARTESIAN_POINT('',(-0.15,0.1,-0.15));
#7831 = DIRECTION('',(0.,0.,-1.));
#7832 = DIRECTION('',(-1.,0.,-0.));
#7833 = ADVANCED_FACE('',(#7834),#7840,.F.);
#7834 = FACE_BOUND('',#7835,.T.);
#7835 = EDGE_LOOP('',(#7836,#7837,#7838,#7839));
#7836 = ORIENTED_EDGE('',*,*,#7750,.T.);
#7837 = ORIENTED_EDGE('',*,*,#7822,.T.);
#7838 = ORIENTED_EDGE('',*,*,#7798,.T.);
#7839 = ORIENTED_EDGE('',*,*,#7774,.T.);
#7840 = PLANE('',#7841);
#7841 = AXIS2_PLACEMENT_3D('',#7842,#7843,#7844);
#7842 = CARTESIAN_POINT('',(0.,0.1,0.));
#7843 = DIRECTION('',(0.,1.,0.));
#7844 = DIRECTION('',(0.,-0.,1.));
#7845 = ADVANCED_FACE('',(#7846),#7858,.F.);
#7846 = FACE_BOUND('',#7847,.F.);
#7847 = EDGE_LOOP('',(#7848,#7849,#7850,#7857));
#7848 = ORIENTED_EDGE('',*,*,#6135,.F.);
#7849 = ORIENTED_EDGE('',*,*,#5211,.F.);
#7850 = ORIENTED_EDGE('',*,*,#7851,.T.);
#7851 = EDGE_CURVE('',#5212,#5231,#7852,.T.);
#7852 = CIRCLE('',#7853,0.1);
#7853 = AXIS2_PLACEMENT_3D('',#7854,#7855,#7856);
#7854 = CARTESIAN_POINT('',(-0.6,0.45,-0.6));
#7855 = DIRECTION('',(0.,1.,0.));
#7856 = DIRECTION('',(0.,-0.,1.));
#7857 = ORIENTED_EDGE('',*,*,#5230,.T.);
#7858 = CYLINDRICAL_SURFACE('',#7859,0.1);
#7859 = AXIS2_PLACEMENT_3D('',#7860,#7861,#7862);
#7860 = CARTESIAN_POINT('',(-0.6,0.45,-0.6));
#7861 = DIRECTION('',(-0.,1.,-0.));
#7862 = DIRECTION('',(0.,0.,1.));
#7863 = ADVANCED_FACE('',(#7864),#7868,.T.);
#7864 = FACE_BOUND('',#7865,.T.);
#7865 = EDGE_LOOP('',(#7866,#7867));
#7866 = ORIENTED_EDGE('',*,*,#7851,.T.);
#7867 = ORIENTED_EDGE('',*,*,#5238,.T.);
#7868 = PLANE('',#7869);
#7869 = AXIS2_PLACEMENT_3D('',#7870,#7871,#7872);
#7870 = CARTESIAN_POINT('',(-0.6,0.45,-0.6));
#7871 = DIRECTION('',(0.,1.,0.));
#7872 = DIRECTION('',(0.,-0.,1.));
#7873 = MANIFOLD_SOLID_BREP('',#7874);
#7874 = CLOSED_SHELL('',(#7875,#7917,#7941,#7951));
#7875 = ADVANCED_FACE('',(#7876),#7912,.T.);
#7876 = FACE_BOUND('',#7877,.T.);
#7877 = EDGE_LOOP('',(#7878,#7889,#7897,#7906));
#7878 = ORIENTED_EDGE('',*,*,#7879,.F.);
#7879 = EDGE_CURVE('',#7880,#7882,#7884,.T.);
#7880 = VERTEX_POINT('',#7881);
#7881 = CARTESIAN_POINT('',(-0.6,0.45,-0.7));
#7882 = VERTEX_POINT('',#7883);
#7883 = CARTESIAN_POINT('',(-0.6,0.45,-0.5));
#7884 = CIRCLE('',#7885,0.1);
#7885 = AXIS2_PLACEMENT_3D('',#7886,#7887,#7888);
#7886 = CARTESIAN_POINT('',(-0.6,0.45,-0.6));
#7887 = DIRECTION('',(0.,-1.,0.));
#7888 = DIRECTION('',(0.,0.,1.));
#7889 = ORIENTED_EDGE('',*,*,#7890,.T.);
#7890 = EDGE_CURVE('',#7880,#7891,#7893,.T.);
#7891 = VERTEX_POINT('',#7892);
#7892 = CARTESIAN_POINT('',(-0.6,0.5,-0.7));
#7893 = LINE('',#7894,#7895);
#7894 = CARTESIAN_POINT('',(-0.6,0.167157287525,-0.7));
#7895 = VECTOR('',#7896,1.);
#7896 = DIRECTION('',(0.,1.,0.));
#7897 = ORIENTED_EDGE('',*,*,#7898,.F.);
#7898 = EDGE_CURVE('',#7899,#7891,#7901,.T.);
#7899 = VERTEX_POINT('',#7900);
#7900 = CARTESIAN_POINT('',(-0.6,0.5,-0.5));
#7901 = CIRCLE('',#7902,0.1);
#7902 = AXIS2_PLACEMENT_3D('',#7903,#7904,#7905);
#7903 = CARTESIAN_POINT('',(-0.6,0.5,-0.6));
#7904 = DIRECTION('',(0.,1.,0.));
#7905 = DIRECTION('',(0.,-0.,1.));
#7906 = ORIENTED_EDGE('',*,*,#7907,.F.);
#7907 = EDGE_CURVE('',#7882,#7899,#7908,.T.);
#7908 = LINE('',#7909,#7910);
#7909 = CARTESIAN_POINT('',(-0.6,0.167157287525,-0.5));
#7910 = VECTOR('',#7911,1.);
#7911 = DIRECTION('',(0.,1.,0.));
#7912 = CYLINDRICAL_SURFACE('',#7913,0.1);
#7913 = AXIS2_PLACEMENT_3D('',#7914,#7915,#7916);
#7914 = CARTESIAN_POINT('',(-0.6,0.167157287525,-0.6));
#7915 = DIRECTION('',(0.,1.,0.));
#7916 = DIRECTION('',(0.,-0.,1.));
#7917 = ADVANCED_FACE('',(#7918),#7936,.T.);
#7918 = FACE_BOUND('',#7919,.T.);
#7919 = EDGE_LOOP('',(#7920,#7921,#7928,#7929));
#7920 = ORIENTED_EDGE('',*,*,#7890,.F.);
#7921 = ORIENTED_EDGE('',*,*,#7922,.F.);
#7922 = EDGE_CURVE('',#7882,#7880,#7923,.T.);
#7923 = CIRCLE('',#7924,0.1);
#7924 = AXIS2_PLACEMENT_3D('',#7925,#7926,#7927);
#7925 = CARTESIAN_POINT('',(-0.6,0.45,-0.6));
#7926 = DIRECTION('',(0.,-1.,0.));
#7927 = DIRECTION('',(0.,0.,1.));
#7928 = ORIENTED_EDGE('',*,*,#7907,.T.);
#7929 = ORIENTED_EDGE('',*,*,#7930,.F.);
#7930 = EDGE_CURVE('',#7891,#7899,#7931,.T.);
#7931 = CIRCLE('',#7932,0.1);
#7932 = AXIS2_PLACEMENT_3D('',#7933,#7934,#7935);
#7933 = CARTESIAN_POINT('',(-0.6,0.5,-0.6));
#7934 = DIRECTION('',(0.,1.,0.));
#7935 = DIRECTION('',(0.,-0.,1.));
#7936 = CYLINDRICAL_SURFACE('',#7937,0.1);
#7937 = AXIS2_PLACEMENT_3D('',#7938,#7939,#7940);
#7938 = CARTESIAN_POINT('',(-0.6,0.167157287525,-0.6));
#7939 = DIRECTION('',(0.,1.,0.));
#7940 = DIRECTION('',(0.,-0.,1.));
#7941 = ADVANCED_FACE('',(#7942),#7946,.T.);
#7942 = FACE_BOUND('',#7943,.T.);
#7943 = EDGE_LOOP('',(#7944,#7945));
#7944 = ORIENTED_EDGE('',*,*,#7898,.T.);
#7945 = ORIENTED_EDGE('',*,*,#7930,.T.);
#7946 = PLANE('',#7947);
#7947 = AXIS2_PLACEMENT_3D('',#7948,#7949,#7950);
#7948 = CARTESIAN_POINT('',(-0.6,0.5,-0.6));
#7949 = DIRECTION('',(0.,1.,0.));
#7950 = DIRECTION('',(0.,-0.,1.));
#7951 = ADVANCED_FACE('',(#7952),#7956,.F.);
#7952 = FACE_BOUND('',#7953,.T.);
#7953 = EDGE_LOOP('',(#7954,#7955));
#7954 = ORIENTED_EDGE('',*,*,#7922,.T.);
#7955 = ORIENTED_EDGE('',*,*,#7879,.T.);
#7956 = PLANE('',#7957);
#7957 = AXIS2_PLACEMENT_3D('',#7958,#7959,#7960);
#7958 = CARTESIAN_POINT('',(-0.6,0.45,-0.6));
#7959 = DIRECTION('',(0.,1.,0.));
#7960 = DIRECTION('',(0.,-0.,1.));
#7961 = ( GEOMETRIC_REPRESENTATION_CONTEXT(3) 
GLOBAL_UNCERTAINTY_ASSIGNED_CONTEXT((#7965)) 
GLOBAL_UNIT_ASSIGNED_CONTEXT((#7962,#7963,#7964)) REPRESENTATION_CONTEXT
('Context #1','3D Context with UNIT and UNCERTAINTY') );
#7962 = ( LENGTH_UNIT() NAMED_UNIT(*) SI_UNIT(.MILLI.,.METRE.) );
#7963 = ( NAMED_UNIT(*) PLANE_ANGLE_UNIT() SI_UNIT($,.RADIAN.) );
#7964 = ( NAMED_UNIT(*) SI_UNIT($,.STERADIAN.) SOLID_ANGLE_UNIT() );
#7965 = UNCERTAINTY_MEASURE_WITH_UNIT(LENGTH_MEASURE(1.E-07),#7962,
  'distance_accuracy_value','confusion accuracy');
#7966 = CONTEXT_DEPENDENT_SHAPE_REPRESENTATION(#7967,#7969);
#7967 = ( REPRESENTATION_RELATIONSHIP('','',#2471,#10) 
REPRESENTATION_RELATIONSHIP_WITH_TRANSFORMATION(#7968) 
SHAPE_REPRESENTATION_RELATIONSHIP() );
#7968 = ITEM_DEFINED_TRANSFORMATION('','',#11,#23);
#7969 = PRODUCT_DEFINITION_SHAPE('Placement','Placement of an item',
  #7970);
#7970 = NEXT_ASSEMBLY_USAGE_OCCURRENCE('3','U1','',#5,#2466,$);
#7971 = PRODUCT_RELATED_PRODUCT_CATEGORY('part',$,(#2468));
#7972 = SHAPE_DEFINITION_REPRESENTATION(#7973,#7979);
#7973 = PRODUCT_DEFINITION_SHAPE('','',#7974);
#7974 = PRODUCT_DEFINITION('design','',#7975,#7978);
#7975 = PRODUCT_DEFINITION_FORMATION('','',#7976);
#7976 = PRODUCT('R_0805_2012Metric','R_0805_2012Metric','',(#7977));
#7977 = PRODUCT_CONTEXT('',#2,'mechanical');
#7978 = PRODUCT_DEFINITION_CONTEXT('part definition',#2,'design');
#7979 = ADVANCED_BREP_SHAPE_REPRESENTATION('',(#11,#7980),#8770);
#7980 = MANIFOLD_SOLID_BREP('',#7981);
#7981 = CLOSED_SHELL('',(#7982,#8022,#8105,#8130,#8155,#8222,#8239,#8256
    ,#8305,#8322,#8339,#8388,#8405,#8474,#8505,#8529,#8598,#8622,#8639,
    #8656,#8673,#8690,#8707,#8724,#8741,#8758));
#7982 = ADVANCED_FACE('',(#7983),#8017,.F.);
#7983 = FACE_BOUND('',#7984,.F.);
#7984 = EDGE_LOOP('',(#7985,#7995,#8003,#8011));
#7985 = ORIENTED_EDGE('',*,*,#7986,.F.);
#7986 = EDGE_CURVE('',#7987,#7989,#7991,.T.);
#7987 = VERTEX_POINT('',#7988);
#7988 = CARTESIAN_POINT('',(-1.,-0.6,4.5E-02));
#7989 = VERTEX_POINT('',#7990);
#7990 = CARTESIAN_POINT('',(-1.,-0.6,0.405));
#7991 = LINE('',#7992,#7993);
#7992 = CARTESIAN_POINT('',(-1.,-0.6,0.));
#7993 = VECTOR('',#7994,1.);
#7994 = DIRECTION('',(0.,0.,1.));
#7995 = ORIENTED_EDGE('',*,*,#7996,.T.);
#7996 = EDGE_CURVE('',#7987,#7997,#7999,.T.);
#7997 = VERTEX_POINT('',#7998);
#7998 = CARTESIAN_POINT('',(-1.,0.6,4.5E-02));
#7999 = LINE('',#8000,#8001);
#8000 = CARTESIAN_POINT('',(-1.,-0.6,4.5E-02));
#8001 = VECTOR('',#8002,1.);
#8002 = DIRECTION('',(0.,1.,0.));
#8003 = ORIENTED_EDGE('',*,*,#8004,.T.);
#8004 = EDGE_CURVE('',#7997,#8005,#8007,.T.);
#8005 = VERTEX_POINT('',#8006);
#8006 = CARTESIAN_POINT('',(-1.,0.6,0.405));
#8007 = LINE('',#8008,#8009);
#8008 = CARTESIAN_POINT('',(-1.,0.6,0.));
#8009 = VECTOR('',#8010,1.);
#8010 = DIRECTION('',(0.,0.,1.));
#8011 = ORIENTED_EDGE('',*,*,#8012,.F.);
#8012 = EDGE_CURVE('',#7989,#8005,#8013,.T.);
#8013 = LINE('',#8014,#8015);
#8014 = CARTESIAN_POINT('',(-1.,-0.6,0.405));
#8015 = VECTOR('',#8016,1.);
#8016 = DIRECTION('',(0.,1.,0.));
#8017 = PLANE('',#8018);
#8018 = AXIS2_PLACEMENT_3D('',#8019,#8020,#8021);
#8019 = CARTESIAN_POINT('',(-1.,-0.6,0.));
#8020 = DIRECTION('',(1.,0.,0.));
#8021 = DIRECTION('',(0.,0.,1.));
#8022 = ADVANCED_FACE('',(#8023),#8100,.F.);
#8023 = FACE_BOUND('',#8024,.F.);
#8024 = EDGE_LOOP('',(#8025,#8035,#8042,#8043,#8052,#8060,#8069,#8077,
    #8085,#8093));
#8025 = ORIENTED_EDGE('',*,*,#8026,.F.);
#8026 = EDGE_CURVE('',#8027,#8029,#8031,.T.);
#8027 = VERTEX_POINT('',#8028);
#8028 = CARTESIAN_POINT('',(-0.955,-0.6,-2.775557561563E-17));
#8029 = VERTEX_POINT('',#8030);
#8030 = CARTESIAN_POINT('',(-0.745,-0.6,-2.775557561563E-17));
#8031 = LINE('',#8032,#8033);
#8032 = CARTESIAN_POINT('',(-1.,-0.6,0.));
#8033 = VECTOR('',#8034,1.);
#8034 = DIRECTION('',(1.,0.,0.));
#8035 = ORIENTED_EDGE('',*,*,#8036,.F.);
#8036 = EDGE_CURVE('',#7987,#8027,#8037,.T.);
#8037 = CIRCLE('',#8038,4.5E-02);
#8038 = AXIS2_PLACEMENT_3D('',#8039,#8040,#8041);
#8039 = CARTESIAN_POINT('',(-0.955,-0.6,4.5E-02));
#8040 = DIRECTION('',(0.,-1.,0.));
#8041 = DIRECTION('',(0.,0.,1.));
#8042 = ORIENTED_EDGE('',*,*,#7986,.T.);
#8043 = ORIENTED_EDGE('',*,*,#8044,.T.);
#8044 = EDGE_CURVE('',#7989,#8045,#8047,.T.);
#8045 = VERTEX_POINT('',#8046);
#8046 = CARTESIAN_POINT('',(-0.955,-0.6,0.45));
#8047 = CIRCLE('',#8048,4.5E-02);
#8048 = AXIS2_PLACEMENT_3D('',#8049,#8050,#8051);
#8049 = CARTESIAN_POINT('',(-0.955,-0.6,0.405));
#8050 = DIRECTION('',(0.,1.,0.));
#8051 = DIRECTION('',(0.,-0.,1.));
#8052 = ORIENTED_EDGE('',*,*,#8053,.T.);
#8053 = EDGE_CURVE('',#8045,#8054,#8056,.T.);
#8054 = VERTEX_POINT('',#8055);
#8055 = CARTESIAN_POINT('',(-0.745,-0.6,0.45));
#8056 = LINE('',#8057,#8058);
#8057 = CARTESIAN_POINT('',(-1.,-0.6,0.45));
#8058 = VECTOR('',#8059,1.);
#8059 = DIRECTION('',(1.,0.,0.));
#8060 = ORIENTED_EDGE('',*,*,#8061,.F.);
#8061 = EDGE_CURVE('',#8062,#8054,#8064,.T.);
#8062 = VERTEX_POINT('',#8063);
#8063 = CARTESIAN_POINT('',(-0.7,-0.6,0.405));
#8064 = CIRCLE('',#8065,4.5E-02);
#8065 = AXIS2_PLACEMENT_3D('',#8066,#8067,#8068);
#8066 = CARTESIAN_POINT('',(-0.745,-0.6,0.405));
#8067 = DIRECTION('',(0.,-1.,0.));
#8068 = DIRECTION('',(0.,0.,1.));
#8069 = ORIENTED_EDGE('',*,*,#8070,.F.);
#8070 = EDGE_CURVE('',#8071,#8062,#8073,.T.);
#8071 = VERTEX_POINT('',#8072);
#8072 = CARTESIAN_POINT('',(-0.955,-0.6,0.405));
#8073 = LINE('',#8074,#8075);
#8074 = CARTESIAN_POINT('',(-0.955,-0.6,0.405));
#8075 = VECTOR('',#8076,1.);
#8076 = DIRECTION('',(1.,0.,0.));
#8077 = ORIENTED_EDGE('',*,*,#8078,.F.);
#8078 = EDGE_CURVE('',#8079,#8071,#8081,.T.);
#8079 = VERTEX_POINT('',#8080);
#8080 = CARTESIAN_POINT('',(-0.955,-0.6,4.5E-02));
#8081 = LINE('',#8082,#8083);
#8082 = CARTESIAN_POINT('',(-0.955,-0.6,4.5E-02));
#8083 = VECTOR('',#8084,1.);
#8084 = DIRECTION('',(0.,0.,1.));
#8085 = ORIENTED_EDGE('',*,*,#8086,.T.);
#8086 = EDGE_CURVE('',#8079,#8087,#8089,.T.);
#8087 = VERTEX_POINT('',#8088);
#8088 = CARTESIAN_POINT('',(-0.7,-0.6,4.5E-02));
#8089 = LINE('',#8090,#8091);
#8090 = CARTESIAN_POINT('',(-0.955,-0.6,4.5E-02));
#8091 = VECTOR('',#8092,1.);
#8092 = DIRECTION('',(1.,0.,0.));
#8093 = ORIENTED_EDGE('',*,*,#8094,.T.);
#8094 = EDGE_CURVE('',#8087,#8029,#8095,.T.);
#8095 = CIRCLE('',#8096,4.5E-02);
#8096 = AXIS2_PLACEMENT_3D('',#8097,#8098,#8099);
#8097 = CARTESIAN_POINT('',(-0.745,-0.6,4.5E-02));
#8098 = DIRECTION('',(0.,1.,0.));
#8099 = DIRECTION('',(0.,-0.,1.));
#8100 = PLANE('',#8101);
#8101 = AXIS2_PLACEMENT_3D('',#8102,#8103,#8104);
#8102 = CARTESIAN_POINT('',(-1.,-0.6,0.));
#8103 = DIRECTION('',(0.,1.,0.));
#8104 = DIRECTION('',(0.,-0.,1.));
#8105 = ADVANCED_FACE('',(#8106),#8125,.T.);
#8106 = FACE_BOUND('',#8107,.T.);
#8107 = EDGE_LOOP('',(#8108,#8109,#8118,#8124));
#8108 = ORIENTED_EDGE('',*,*,#7996,.T.);
#8109 = ORIENTED_EDGE('',*,*,#8110,.T.);
#8110 = EDGE_CURVE('',#7997,#8111,#8113,.T.);
#8111 = VERTEX_POINT('',#8112);
#8112 = CARTESIAN_POINT('',(-0.955,0.6,-2.775557561563E-17));
#8113 = CIRCLE('',#8114,4.5E-02);
#8114 = AXIS2_PLACEMENT_3D('',#8115,#8116,#8117);
#8115 = CARTESIAN_POINT('',(-0.955,0.6,4.5E-02));
#8116 = DIRECTION('',(0.,-1.,0.));
#8117 = DIRECTION('',(0.,0.,1.));
#8118 = ORIENTED_EDGE('',*,*,#8119,.F.);
#8119 = EDGE_CURVE('',#8027,#8111,#8120,.T.);
#8120 = LINE('',#8121,#8122);
#8121 = CARTESIAN_POINT('',(-0.955,-0.6,-2.775557561563E-17));
#8122 = VECTOR('',#8123,1.);
#8123 = DIRECTION('',(0.,1.,0.));
#8124 = ORIENTED_EDGE('',*,*,#8036,.F.);
#8125 = CYLINDRICAL_SURFACE('',#8126,4.5E-02);
#8126 = AXIS2_PLACEMENT_3D('',#8127,#8128,#8129);
#8127 = CARTESIAN_POINT('',(-0.955,-0.6,4.5E-02));
#8128 = DIRECTION('',(0.,1.,0.));
#8129 = DIRECTION('',(-1.,0.,0.));
#8130 = ADVANCED_FACE('',(#8131),#8150,.T.);
#8131 = FACE_BOUND('',#8132,.T.);
#8132 = EDGE_LOOP('',(#8133,#8134,#8142,#8149));
#8133 = ORIENTED_EDGE('',*,*,#8044,.T.);
#8134 = ORIENTED_EDGE('',*,*,#8135,.T.);
#8135 = EDGE_CURVE('',#8045,#8136,#8138,.T.);
#8136 = VERTEX_POINT('',#8137);
#8137 = CARTESIAN_POINT('',(-0.955,0.6,0.45));
#8138 = LINE('',#8139,#8140);
#8139 = CARTESIAN_POINT('',(-0.955,-0.6,0.45));
#8140 = VECTOR('',#8141,1.);
#8141 = DIRECTION('',(0.,1.,0.));
#8142 = ORIENTED_EDGE('',*,*,#8143,.F.);
#8143 = EDGE_CURVE('',#8005,#8136,#8144,.T.);
#8144 = CIRCLE('',#8145,4.5E-02);
#8145 = AXIS2_PLACEMENT_3D('',#8146,#8147,#8148);
#8146 = CARTESIAN_POINT('',(-0.955,0.6,0.405));
#8147 = DIRECTION('',(0.,1.,0.));
#8148 = DIRECTION('',(0.,-0.,1.));
#8149 = ORIENTED_EDGE('',*,*,#8012,.F.);
#8150 = CYLINDRICAL_SURFACE('',#8151,4.5E-02);
#8151 = AXIS2_PLACEMENT_3D('',#8152,#8153,#8154);
#8152 = CARTESIAN_POINT('',(-0.955,-0.6,0.405));
#8153 = DIRECTION('',(0.,1.,0.));
#8154 = DIRECTION('',(-1.,0.,0.));
#8155 = ADVANCED_FACE('',(#8156),#8217,.T.);
#8156 = FACE_BOUND('',#8157,.T.);
#8157 = EDGE_LOOP('',(#8158,#8166,#8167,#8168,#8169,#8177,#8186,#8194,
    #8202,#8210));
#8158 = ORIENTED_EDGE('',*,*,#8159,.F.);
#8159 = EDGE_CURVE('',#8111,#8160,#8162,.T.);
#8160 = VERTEX_POINT('',#8161);
#8161 = CARTESIAN_POINT('',(-0.745,0.6,-2.775557561563E-17));
#8162 = LINE('',#8163,#8164);
#8163 = CARTESIAN_POINT('',(-1.,0.6,0.));
#8164 = VECTOR('',#8165,1.);
#8165 = DIRECTION('',(1.,0.,0.));
#8166 = ORIENTED_EDGE('',*,*,#8110,.F.);
#8167 = ORIENTED_EDGE('',*,*,#8004,.T.);
#8168 = ORIENTED_EDGE('',*,*,#8143,.T.);
#8169 = ORIENTED_EDGE('',*,*,#8170,.T.);
#8170 = EDGE_CURVE('',#8136,#8171,#8173,.T.);
#8171 = VERTEX_POINT('',#8172);
#8172 = CARTESIAN_POINT('',(-0.745,0.6,0.45));
#8173 = LINE('',#8174,#8175);
#8174 = CARTESIAN_POINT('',(-1.,0.6,0.45));
#8175 = VECTOR('',#8176,1.);
#8176 = DIRECTION('',(1.,0.,0.));
#8177 = ORIENTED_EDGE('',*,*,#8178,.F.);
#8178 = EDGE_CURVE('',#8179,#8171,#8181,.T.);
#8179 = VERTEX_POINT('',#8180);
#8180 = CARTESIAN_POINT('',(-0.7,0.6,0.405));
#8181 = CIRCLE('',#8182,4.5E-02);
#8182 = AXIS2_PLACEMENT_3D('',#8183,#8184,#8185);
#8183 = CARTESIAN_POINT('',(-0.745,0.6,0.405));
#8184 = DIRECTION('',(0.,-1.,0.));
#8185 = DIRECTION('',(0.,0.,1.));
#8186 = ORIENTED_EDGE('',*,*,#8187,.F.);
#8187 = EDGE_CURVE('',#8188,#8179,#8190,.T.);
#8188 = VERTEX_POINT('',#8189);
#8189 = CARTESIAN_POINT('',(-0.955,0.6,0.405));
#8190 = LINE('',#8191,#8192);
#8191 = CARTESIAN_POINT('',(-0.955,0.6,0.405));
#8192 = VECTOR('',#8193,1.);
#8193 = DIRECTION('',(1.,0.,0.));
#8194 = ORIENTED_EDGE('',*,*,#8195,.F.);
#8195 = EDGE_CURVE('',#8196,#8188,#8198,.T.);
#8196 = VERTEX_POINT('',#8197);
#8197 = CARTESIAN_POINT('',(-0.955,0.6,4.5E-02));
#8198 = LINE('',#8199,#8200);
#8199 = CARTESIAN_POINT('',(-0.955,0.6,4.5E-02));
#8200 = VECTOR('',#8201,1.);
#8201 = DIRECTION('',(0.,0.,1.));
#8202 = ORIENTED_EDGE('',*,*,#8203,.T.);
#8203 = EDGE_CURVE('',#8196,#8204,#8206,.T.);
#8204 = VERTEX_POINT('',#8205);
#8205 = CARTESIAN_POINT('',(-0.7,0.6,4.5E-02));
#8206 = LINE('',#8207,#8208);
#8207 = CARTESIAN_POINT('',(-0.955,0.6,4.5E-02));
#8208 = VECTOR('',#8209,1.);
#8209 = DIRECTION('',(1.,0.,0.));
#8210 = ORIENTED_EDGE('',*,*,#8211,.T.);
#8211 = EDGE_CURVE('',#8204,#8160,#8212,.T.);
#8212 = CIRCLE('',#8213,4.5E-02);
#8213 = AXIS2_PLACEMENT_3D('',#8214,#8215,#8216);
#8214 = CARTESIAN_POINT('',(-0.745,0.6,4.5E-02));
#8215 = DIRECTION('',(0.,1.,0.));
#8216 = DIRECTION('',(0.,-0.,1.));
#8217 = PLANE('',#8218);
#8218 = AXIS2_PLACEMENT_3D('',#8219,#8220,#8221);
#8219 = CARTESIAN_POINT('',(-1.,0.6,0.));
#8220 = DIRECTION('',(0.,1.,0.));
#8221 = DIRECTION('',(0.,-0.,1.));
#8222 = ADVANCED_FACE('',(#8223),#8234,.F.);
#8223 = FACE_BOUND('',#8224,.F.);
#8224 = EDGE_LOOP('',(#8225,#8226,#8227,#8228));
#8225 = ORIENTED_EDGE('',*,*,#8159,.F.);
#8226 = ORIENTED_EDGE('',*,*,#8119,.F.);
#8227 = ORIENTED_EDGE('',*,*,#8026,.T.);
#8228 = ORIENTED_EDGE('',*,*,#8229,.T.);
#8229 = EDGE_CURVE('',#8029,#8160,#8230,.T.);
#8230 = LINE('',#8231,#8232);
#8231 = CARTESIAN_POINT('',(-0.745,-0.6,-2.775557561563E-17));
#8232 = VECTOR('',#8233,1.);
#8233 = DIRECTION('',(0.,1.,0.));
#8234 = PLANE('',#8235);
#8235 = AXIS2_PLACEMENT_3D('',#8236,#8237,#8238);
#8236 = CARTESIAN_POINT('',(-1.,-0.6,0.));
#8237 = DIRECTION('',(0.,0.,1.));
#8238 = DIRECTION('',(1.,0.,-0.));
#8239 = ADVANCED_FACE('',(#8240),#8251,.T.);
#8240 = FACE_BOUND('',#8241,.T.);
#8241 = EDGE_LOOP('',(#8242,#8243,#8244,#8245));
#8242 = ORIENTED_EDGE('',*,*,#8094,.T.);
#8243 = ORIENTED_EDGE('',*,*,#8229,.T.);
#8244 = ORIENTED_EDGE('',*,*,#8211,.F.);
#8245 = ORIENTED_EDGE('',*,*,#8246,.F.);
#8246 = EDGE_CURVE('',#8087,#8204,#8247,.T.);
#8247 = LINE('',#8248,#8249);
#8248 = CARTESIAN_POINT('',(-0.7,-0.6,4.5E-02));
#8249 = VECTOR('',#8250,1.);
#8250 = DIRECTION('',(0.,1.,0.));
#8251 = CYLINDRICAL_SURFACE('',#8252,4.5E-02);
#8252 = AXIS2_PLACEMENT_3D('',#8253,#8254,#8255);
#8253 = CARTESIAN_POINT('',(-0.745,-0.6,4.5E-02));
#8254 = DIRECTION('',(0.,1.,0.));
#8255 = DIRECTION('',(1.,0.,0.));
#8256 = ADVANCED_FACE('',(#8257),#8300,.F.);
#8257 = FACE_BOUND('',#8258,.F.);
#8258 = EDGE_LOOP('',(#8259,#8260,#8261,#8262,#8270,#8278,#8286,#8294));
#8259 = ORIENTED_EDGE('',*,*,#8086,.F.);
#8260 = ORIENTED_EDGE('',*,*,#8078,.T.);
#8261 = ORIENTED_EDGE('',*,*,#8070,.T.);
#8262 = ORIENTED_EDGE('',*,*,#8263,.T.);
#8263 = EDGE_CURVE('',#8062,#8264,#8266,.T.);
#8264 = VERTEX_POINT('',#8265);
#8265 = CARTESIAN_POINT('',(0.7,-0.6,0.405));
#8266 = LINE('',#8267,#8268);
#8267 = CARTESIAN_POINT('',(-0.7,-0.6,0.405));
#8268 = VECTOR('',#8269,1.);
#8269 = DIRECTION('',(1.,0.,0.));
#8270 = ORIENTED_EDGE('',*,*,#8271,.T.);
#8271 = EDGE_CURVE('',#8264,#8272,#8274,.T.);
#8272 = VERTEX_POINT('',#8273);
#8273 = CARTESIAN_POINT('',(0.955,-0.6,0.405));
#8274 = LINE('',#8275,#8276);
#8275 = CARTESIAN_POINT('',(-0.955,-0.6,0.405));
#8276 = VECTOR('',#8277,1.);
#8277 = DIRECTION('',(1.,0.,0.));
#8278 = ORIENTED_EDGE('',*,*,#8279,.F.);
#8279 = EDGE_CURVE('',#8280,#8272,#8282,.T.);
#8280 = VERTEX_POINT('',#8281);
#8281 = CARTESIAN_POINT('',(0.955,-0.6,4.5E-02));
#8282 = LINE('',#8283,#8284);
#8283 = CARTESIAN_POINT('',(0.955,-0.6,4.5E-02));
#8284 = VECTOR('',#8285,1.);
#8285 = DIRECTION('',(0.,0.,1.));
#8286 = ORIENTED_EDGE('',*,*,#8287,.F.);
#8287 = EDGE_CURVE('',#8288,#8280,#8290,.T.);
#8288 = VERTEX_POINT('',#8289);
#8289 = CARTESIAN_POINT('',(0.7,-0.6,4.5E-02));
#8290 = LINE('',#8291,#8292);
#8291 = CARTESIAN_POINT('',(-0.955,-0.6,4.5E-02));
#8292 = VECTOR('',#8293,1.);
#8293 = DIRECTION('',(1.,0.,0.));
#8294 = ORIENTED_EDGE('',*,*,#8295,.F.);
#8295 = EDGE_CURVE('',#8087,#8288,#8296,.T.);
#8296 = LINE('',#8297,#8298);
#8297 = CARTESIAN_POINT('',(-0.955,-0.6,4.5E-02));
#8298 = VECTOR('',#8299,1.);
#8299 = DIRECTION('',(1.,0.,0.));
#8300 = PLANE('',#8301);
#8301 = AXIS2_PLACEMENT_3D('',#8302,#8303,#8304);
#8302 = CARTESIAN_POINT('',(-0.955,-0.6,4.5E-02));
#8303 = DIRECTION('',(0.,1.,0.));
#8304 = DIRECTION('',(0.,-0.,1.));
#8305 = ADVANCED_FACE('',(#8306),#8317,.T.);
#8306 = FACE_BOUND('',#8307,.T.);
#8307 = EDGE_LOOP('',(#8308,#8309,#8310,#8311));
#8308 = ORIENTED_EDGE('',*,*,#8170,.F.);
#8309 = ORIENTED_EDGE('',*,*,#8135,.F.);
#8310 = ORIENTED_EDGE('',*,*,#8053,.T.);
#8311 = ORIENTED_EDGE('',*,*,#8312,.T.);
#8312 = EDGE_CURVE('',#8054,#8171,#8313,.T.);
#8313 = LINE('',#8314,#8315);
#8314 = CARTESIAN_POINT('',(-0.745,-0.6,0.45));
#8315 = VECTOR('',#8316,1.);
#8316 = DIRECTION('',(0.,1.,0.));
#8317 = PLANE('',#8318);
#8318 = AXIS2_PLACEMENT_3D('',#8319,#8320,#8321);
#8319 = CARTESIAN_POINT('',(-1.,-0.6,0.45));
#8320 = DIRECTION('',(0.,0.,1.));
#8321 = DIRECTION('',(1.,0.,-0.));
#8322 = ADVANCED_FACE('',(#8323),#8334,.T.);
#8323 = FACE_BOUND('',#8324,.T.);
#8324 = EDGE_LOOP('',(#8325,#8331,#8332,#8333));
#8325 = ORIENTED_EDGE('',*,*,#8326,.T.);
#8326 = EDGE_CURVE('',#8062,#8179,#8327,.T.);
#8327 = LINE('',#8328,#8329);
#8328 = CARTESIAN_POINT('',(-0.7,-0.6,0.405));
#8329 = VECTOR('',#8330,1.);
#8330 = DIRECTION('',(0.,1.,0.));
#8331 = ORIENTED_EDGE('',*,*,#8178,.T.);
#8332 = ORIENTED_EDGE('',*,*,#8312,.F.);
#8333 = ORIENTED_EDGE('',*,*,#8061,.F.);
#8334 = CYLINDRICAL_SURFACE('',#8335,4.5E-02);
#8335 = AXIS2_PLACEMENT_3D('',#8336,#8337,#8338);
#8336 = CARTESIAN_POINT('',(-0.745,-0.6,0.405));
#8337 = DIRECTION('',(0.,1.,0.));
#8338 = DIRECTION('',(1.,0.,0.));
#8339 = ADVANCED_FACE('',(#8340),#8383,.T.);
#8340 = FACE_BOUND('',#8341,.T.);
#8341 = EDGE_LOOP('',(#8342,#8343,#8344,#8345,#8353,#8361,#8369,#8377));
#8342 = ORIENTED_EDGE('',*,*,#8203,.F.);
#8343 = ORIENTED_EDGE('',*,*,#8195,.T.);
#8344 = ORIENTED_EDGE('',*,*,#8187,.T.);
#8345 = ORIENTED_EDGE('',*,*,#8346,.T.);
#8346 = EDGE_CURVE('',#8179,#8347,#8349,.T.);
#8347 = VERTEX_POINT('',#8348);
#8348 = CARTESIAN_POINT('',(0.7,0.6,0.405));
#8349 = LINE('',#8350,#8351);
#8350 = CARTESIAN_POINT('',(-0.7,0.6,0.405));
#8351 = VECTOR('',#8352,1.);
#8352 = DIRECTION('',(1.,0.,0.));
#8353 = ORIENTED_EDGE('',*,*,#8354,.T.);
#8354 = EDGE_CURVE('',#8347,#8355,#8357,.T.);
#8355 = VERTEX_POINT('',#8356);
#8356 = CARTESIAN_POINT('',(0.955,0.6,0.405));
#8357 = LINE('',#8358,#8359);
#8358 = CARTESIAN_POINT('',(-0.955,0.6,0.405));
#8359 = VECTOR('',#8360,1.);
#8360 = DIRECTION('',(1.,0.,0.));
#8361 = ORIENTED_EDGE('',*,*,#8362,.F.);
#8362 = EDGE_CURVE('',#8363,#8355,#8365,.T.);
#8363 = VERTEX_POINT('',#8364);
#8364 = CARTESIAN_POINT('',(0.955,0.6,4.5E-02));
#8365 = LINE('',#8366,#8367);
#8366 = CARTESIAN_POINT('',(0.955,0.6,4.5E-02));
#8367 = VECTOR('',#8368,1.);
#8368 = DIRECTION('',(0.,0.,1.));
#8369 = ORIENTED_EDGE('',*,*,#8370,.F.);
#8370 = EDGE_CURVE('',#8371,#8363,#8373,.T.);
#8371 = VERTEX_POINT('',#8372);
#8372 = CARTESIAN_POINT('',(0.7,0.6,4.5E-02));
#8373 = LINE('',#8374,#8375);
#8374 = CARTESIAN_POINT('',(-0.955,0.6,4.5E-02));
#8375 = VECTOR('',#8376,1.);
#8376 = DIRECTION('',(1.,0.,0.));
#8377 = ORIENTED_EDGE('',*,*,#8378,.F.);
#8378 = EDGE_CURVE('',#8204,#8371,#8379,.T.);
#8379 = LINE('',#8380,#8381);
#8380 = CARTESIAN_POINT('',(-0.955,0.6,4.5E-02));
#8381 = VECTOR('',#8382,1.);
#8382 = DIRECTION('',(1.,0.,0.));
#8383 = PLANE('',#8384);
#8384 = AXIS2_PLACEMENT_3D('',#8385,#8386,#8387);
#8385 = CARTESIAN_POINT('',(-0.955,0.6,4.5E-02));
#8386 = DIRECTION('',(0.,1.,0.));
#8387 = DIRECTION('',(0.,-0.,1.));
#8388 = ADVANCED_FACE('',(#8389),#8400,.F.);
#8389 = FACE_BOUND('',#8390,.F.);
#8390 = EDGE_LOOP('',(#8391,#8392,#8393,#8399));
#8391 = ORIENTED_EDGE('',*,*,#8246,.F.);
#8392 = ORIENTED_EDGE('',*,*,#8295,.T.);
#8393 = ORIENTED_EDGE('',*,*,#8394,.T.);
#8394 = EDGE_CURVE('',#8288,#8371,#8395,.T.);
#8395 = LINE('',#8396,#8397);
#8396 = CARTESIAN_POINT('',(0.7,-0.6,4.5E-02));
#8397 = VECTOR('',#8398,1.);
#8398 = DIRECTION('',(0.,1.,0.));
#8399 = ORIENTED_EDGE('',*,*,#8378,.F.);
#8400 = PLANE('',#8401);
#8401 = AXIS2_PLACEMENT_3D('',#8402,#8403,#8404);
#8402 = CARTESIAN_POINT('',(-0.955,-0.6,4.5E-02));
#8403 = DIRECTION('',(0.,0.,1.));
#8404 = DIRECTION('',(1.,0.,-0.));
#8405 = ADVANCED_FACE('',(#8406),#8469,.F.);
#8406 = FACE_BOUND('',#8407,.F.);
#8407 = EDGE_LOOP('',(#8408,#8418,#8425,#8426,#8427,#8428,#8437,#8445,
    #8454,#8462));
#8408 = ORIENTED_EDGE('',*,*,#8409,.F.);
#8409 = EDGE_CURVE('',#8410,#8412,#8414,.T.);
#8410 = VERTEX_POINT('',#8411);
#8411 = CARTESIAN_POINT('',(0.745,-0.6,-2.775557561563E-17));
#8412 = VERTEX_POINT('',#8413);
#8413 = CARTESIAN_POINT('',(0.955,-0.6,-2.775557561563E-17));
#8414 = LINE('',#8415,#8416);
#8415 = CARTESIAN_POINT('',(0.7,-0.6,0.));
#8416 = VECTOR('',#8417,1.);
#8417 = DIRECTION('',(1.,0.,0.));
#8418 = ORIENTED_EDGE('',*,*,#8419,.F.);
#8419 = EDGE_CURVE('',#8288,#8410,#8420,.T.);
#8420 = CIRCLE('',#8421,4.5E-02);
#8421 = AXIS2_PLACEMENT_3D('',#8422,#8423,#8424);
#8422 = CARTESIAN_POINT('',(0.745,-0.6,4.5E-02));
#8423 = DIRECTION('',(0.,-1.,0.));
#8424 = DIRECTION('',(0.,0.,1.));
#8425 = ORIENTED_EDGE('',*,*,#8287,.T.);
#8426 = ORIENTED_EDGE('',*,*,#8279,.T.);
#8427 = ORIENTED_EDGE('',*,*,#8271,.F.);
#8428 = ORIENTED_EDGE('',*,*,#8429,.T.);
#8429 = EDGE_CURVE('',#8264,#8430,#8432,.T.);
#8430 = VERTEX_POINT('',#8431);
#8431 = CARTESIAN_POINT('',(0.745,-0.6,0.45));
#8432 = CIRCLE('',#8433,4.5E-02);
#8433 = AXIS2_PLACEMENT_3D('',#8434,#8435,#8436);
#8434 = CARTESIAN_POINT('',(0.745,-0.6,0.405));
#8435 = DIRECTION('',(0.,1.,0.));
#8436 = DIRECTION('',(0.,-0.,1.));
#8437 = ORIENTED_EDGE('',*,*,#8438,.T.);
#8438 = EDGE_CURVE('',#8430,#8439,#8441,.T.);
#8439 = VERTEX_POINT('',#8440);
#8440 = CARTESIAN_POINT('',(0.955,-0.6,0.45));
#8441 = LINE('',#8442,#8443);
#8442 = CARTESIAN_POINT('',(0.7,-0.6,0.45));
#8443 = VECTOR('',#8444,1.);
#8444 = DIRECTION('',(1.,0.,0.));
#8445 = ORIENTED_EDGE('',*,*,#8446,.F.);
#8446 = EDGE_CURVE('',#8447,#8439,#8449,.T.);
#8447 = VERTEX_POINT('',#8448);
#8448 = CARTESIAN_POINT('',(1.,-0.6,0.405));
#8449 = CIRCLE('',#8450,4.5E-02);
#8450 = AXIS2_PLACEMENT_3D('',#8451,#8452,#8453);
#8451 = CARTESIAN_POINT('',(0.955,-0.6,0.405));
#8452 = DIRECTION('',(0.,-1.,0.));
#8453 = DIRECTION('',(0.,0.,1.));
#8454 = ORIENTED_EDGE('',*,*,#8455,.F.);
#8455 = EDGE_CURVE('',#8456,#8447,#8458,.T.);
#8456 = VERTEX_POINT('',#8457);
#8457 = CARTESIAN_POINT('',(1.,-0.6,4.5E-02));
#8458 = LINE('',#8459,#8460);
#8459 = CARTESIAN_POINT('',(1.,-0.6,0.));
#8460 = VECTOR('',#8461,1.);
#8461 = DIRECTION('',(0.,0.,1.));
#8462 = ORIENTED_EDGE('',*,*,#8463,.T.);
#8463 = EDGE_CURVE('',#8456,#8412,#8464,.T.);
#8464 = CIRCLE('',#8465,4.5E-02);
#8465 = AXIS2_PLACEMENT_3D('',#8466,#8467,#8468);
#8466 = CARTESIAN_POINT('',(0.955,-0.6,4.5E-02));
#8467 = DIRECTION('',(0.,1.,0.));
#8468 = DIRECTION('',(0.,-0.,1.));
#8469 = PLANE('',#8470);
#8470 = AXIS2_PLACEMENT_3D('',#8471,#8472,#8473);
#8471 = CARTESIAN_POINT('',(0.7,-0.6,0.));
#8472 = DIRECTION('',(0.,1.,0.));
#8473 = DIRECTION('',(0.,-0.,1.));
#8474 = ADVANCED_FACE('',(#8475),#8500,.F.);
#8475 = FACE_BOUND('',#8476,.F.);
#8476 = EDGE_LOOP('',(#8477,#8478,#8486,#8494));
#8477 = ORIENTED_EDGE('',*,*,#8263,.F.);
#8478 = ORIENTED_EDGE('',*,*,#8479,.T.);
#8479 = EDGE_CURVE('',#8062,#8480,#8482,.T.);
#8480 = VERTEX_POINT('',#8481);
#8481 = CARTESIAN_POINT('',(-0.7,-0.6,0.45));
#8482 = LINE('',#8483,#8484);
#8483 = CARTESIAN_POINT('',(-0.7,-0.6,0.405));
#8484 = VECTOR('',#8485,1.);
#8485 = DIRECTION('',(0.,0.,1.));
#8486 = ORIENTED_EDGE('',*,*,#8487,.T.);
#8487 = EDGE_CURVE('',#8480,#8488,#8490,.T.);
#8488 = VERTEX_POINT('',#8489);
#8489 = CARTESIAN_POINT('',(0.7,-0.6,0.45));
#8490 = LINE('',#8491,#8492);
#8491 = CARTESIAN_POINT('',(-0.7,-0.6,0.45));
#8492 = VECTOR('',#8493,1.);
#8493 = DIRECTION('',(1.,0.,0.));
#8494 = ORIENTED_EDGE('',*,*,#8495,.F.);
#8495 = EDGE_CURVE('',#8264,#8488,#8496,.T.);
#8496 = LINE('',#8497,#8498);
#8497 = CARTESIAN_POINT('',(0.7,-0.6,0.405));
#8498 = VECTOR('',#8499,1.);
#8499 = DIRECTION('',(0.,0.,1.));
#8500 = PLANE('',#8501);
#8501 = AXIS2_PLACEMENT_3D('',#8502,#8503,#8504);
#8502 = CARTESIAN_POINT('',(-0.7,-0.6,0.405));
#8503 = DIRECTION('',(0.,1.,0.));
#8504 = DIRECTION('',(0.,-0.,1.));
#8505 = ADVANCED_FACE('',(#8506),#8524,.F.);
#8506 = FACE_BOUND('',#8507,.F.);
#8507 = EDGE_LOOP('',(#8508,#8509,#8510,#8518));
#8508 = ORIENTED_EDGE('',*,*,#8479,.F.);
#8509 = ORIENTED_EDGE('',*,*,#8326,.T.);
#8510 = ORIENTED_EDGE('',*,*,#8511,.T.);
#8511 = EDGE_CURVE('',#8179,#8512,#8514,.T.);
#8512 = VERTEX_POINT('',#8513);
#8513 = CARTESIAN_POINT('',(-0.7,0.6,0.45));
#8514 = LINE('',#8515,#8516);
#8515 = CARTESIAN_POINT('',(-0.7,0.6,0.405));
#8516 = VECTOR('',#8517,1.);
#8517 = DIRECTION('',(0.,0.,1.));
#8518 = ORIENTED_EDGE('',*,*,#8519,.F.);
#8519 = EDGE_CURVE('',#8480,#8512,#8520,.T.);
#8520 = LINE('',#8521,#8522);
#8521 = CARTESIAN_POINT('',(-0.7,-0.6,0.45));
#8522 = VECTOR('',#8523,1.);
#8523 = DIRECTION('',(0.,1.,0.));
#8524 = PLANE('',#8525);
#8525 = AXIS2_PLACEMENT_3D('',#8526,#8527,#8528);
#8526 = CARTESIAN_POINT('',(-0.7,-0.6,0.405));
#8527 = DIRECTION('',(1.,0.,0.));
#8528 = DIRECTION('',(0.,0.,1.));
#8529 = ADVANCED_FACE('',(#8530),#8593,.T.);
#8530 = FACE_BOUND('',#8531,.T.);
#8531 = EDGE_LOOP('',(#8532,#8542,#8549,#8550,#8551,#8552,#8561,#8569,
    #8578,#8586));
#8532 = ORIENTED_EDGE('',*,*,#8533,.F.);
#8533 = EDGE_CURVE('',#8534,#8536,#8538,.T.);
#8534 = VERTEX_POINT('',#8535);
#8535 = CARTESIAN_POINT('',(0.745,0.6,-2.775557561563E-17));
#8536 = VERTEX_POINT('',#8537);
#8537 = CARTESIAN_POINT('',(0.955,0.6,-2.775557561563E-17));
#8538 = LINE('',#8539,#8540);
#8539 = CARTESIAN_POINT('',(0.7,0.6,0.));
#8540 = VECTOR('',#8541,1.);
#8541 = DIRECTION('',(1.,0.,0.));
#8542 = ORIENTED_EDGE('',*,*,#8543,.F.);
#8543 = EDGE_CURVE('',#8371,#8534,#8544,.T.);
#8544 = CIRCLE('',#8545,4.5E-02);
#8545 = AXIS2_PLACEMENT_3D('',#8546,#8547,#8548);
#8546 = CARTESIAN_POINT('',(0.745,0.6,4.5E-02));
#8547 = DIRECTION('',(0.,-1.,0.));
#8548 = DIRECTION('',(0.,0.,1.));
#8549 = ORIENTED_EDGE('',*,*,#8370,.T.);
#8550 = ORIENTED_EDGE('',*,*,#8362,.T.);
#8551 = ORIENTED_EDGE('',*,*,#8354,.F.);
#8552 = ORIENTED_EDGE('',*,*,#8553,.T.);
#8553 = EDGE_CURVE('',#8347,#8554,#8556,.T.);
#8554 = VERTEX_POINT('',#8555);
#8555 = CARTESIAN_POINT('',(0.745,0.6,0.45));
#8556 = CIRCLE('',#8557,4.5E-02);
#8557 = AXIS2_PLACEMENT_3D('',#8558,#8559,#8560);
#8558 = CARTESIAN_POINT('',(0.745,0.6,0.405));
#8559 = DIRECTION('',(0.,1.,0.));
#8560 = DIRECTION('',(0.,-0.,1.));
#8561 = ORIENTED_EDGE('',*,*,#8562,.T.);
#8562 = EDGE_CURVE('',#8554,#8563,#8565,.T.);
#8563 = VERTEX_POINT('',#8564);
#8564 = CARTESIAN_POINT('',(0.955,0.6,0.45));
#8565 = LINE('',#8566,#8567);
#8566 = CARTESIAN_POINT('',(0.7,0.6,0.45));
#8567 = VECTOR('',#8568,1.);
#8568 = DIRECTION('',(1.,0.,0.));
#8569 = ORIENTED_EDGE('',*,*,#8570,.F.);
#8570 = EDGE_CURVE('',#8571,#8563,#8573,.T.);
#8571 = VERTEX_POINT('',#8572);
#8572 = CARTESIAN_POINT('',(1.,0.6,0.405));
#8573 = CIRCLE('',#8574,4.5E-02);
#8574 = AXIS2_PLACEMENT_3D('',#8575,#8576,#8577);
#8575 = CARTESIAN_POINT('',(0.955,0.6,0.405));
#8576 = DIRECTION('',(0.,-1.,0.));
#8577 = DIRECTION('',(0.,0.,1.));
#8578 = ORIENTED_EDGE('',*,*,#8579,.F.);
#8579 = EDGE_CURVE('',#8580,#8571,#8582,.T.);
#8580 = VERTEX_POINT('',#8581);
#8581 = CARTESIAN_POINT('',(1.,0.6,4.5E-02));
#8582 = LINE('',#8583,#8584);
#8583 = CARTESIAN_POINT('',(1.,0.6,0.));
#8584 = VECTOR('',#8585,1.);
#8585 = DIRECTION('',(0.,0.,1.));
#8586 = ORIENTED_EDGE('',*,*,#8587,.T.);
#8587 = EDGE_CURVE('',#8580,#8536,#8588,.T.);
#8588 = CIRCLE('',#8589,4.5E-02);
#8589 = AXIS2_PLACEMENT_3D('',#8590,#8591,#8592);
#8590 = CARTESIAN_POINT('',(0.955,0.6,4.5E-02));
#8591 = DIRECTION('',(0.,1.,0.));
#8592 = DIRECTION('',(0.,-0.,1.));
#8593 = PLANE('',#8594);
#8594 = AXIS2_PLACEMENT_3D('',#8595,#8596,#8597);
#8595 = CARTESIAN_POINT('',(0.7,0.6,0.));
#8596 = DIRECTION('',(0.,1.,0.));
#8597 = DIRECTION('',(0.,-0.,1.));
#8598 = ADVANCED_FACE('',(#8599),#8617,.T.);
#8599 = FACE_BOUND('',#8600,.T.);
#8600 = EDGE_LOOP('',(#8601,#8602,#8603,#8611));
#8601 = ORIENTED_EDGE('',*,*,#8346,.F.);
#8602 = ORIENTED_EDGE('',*,*,#8511,.T.);
#8603 = ORIENTED_EDGE('',*,*,#8604,.T.);
#8604 = EDGE_CURVE('',#8512,#8605,#8607,.T.);
#8605 = VERTEX_POINT('',#8606);
#8606 = CARTESIAN_POINT('',(0.7,0.6,0.45));
#8607 = LINE('',#8608,#8609);
#8608 = CARTESIAN_POINT('',(-0.7,0.6,0.45));
#8609 = VECTOR('',#8610,1.);
#8610 = DIRECTION('',(1.,0.,0.));
#8611 = ORIENTED_EDGE('',*,*,#8612,.F.);
#8612 = EDGE_CURVE('',#8347,#8605,#8613,.T.);
#8613 = LINE('',#8614,#8615);
#8614 = CARTESIAN_POINT('',(0.7,0.6,0.405));
#8615 = VECTOR('',#8616,1.);
#8616 = DIRECTION('',(0.,0.,1.));
#8617 = PLANE('',#8618);
#8618 = AXIS2_PLACEMENT_3D('',#8619,#8620,#8621);
#8619 = CARTESIAN_POINT('',(-0.7,0.6,0.405));
#8620 = DIRECTION('',(0.,1.,0.));
#8621 = DIRECTION('',(0.,-0.,1.));
#8622 = ADVANCED_FACE('',(#8623),#8634,.T.);
#8623 = FACE_BOUND('',#8624,.T.);
#8624 = EDGE_LOOP('',(#8625,#8626,#8627,#8633));
#8625 = ORIENTED_EDGE('',*,*,#8394,.T.);
#8626 = ORIENTED_EDGE('',*,*,#8543,.T.);
#8627 = ORIENTED_EDGE('',*,*,#8628,.F.);
#8628 = EDGE_CURVE('',#8410,#8534,#8629,.T.);
#8629 = LINE('',#8630,#8631);
#8630 = CARTESIAN_POINT('',(0.745,-0.6,-2.775557561563E-17));
#8631 = VECTOR('',#8632,1.);
#8632 = DIRECTION('',(0.,1.,0.));
#8633 = ORIENTED_EDGE('',*,*,#8419,.F.);
#8634 = CYLINDRICAL_SURFACE('',#8635,4.5E-02);
#8635 = AXIS2_PLACEMENT_3D('',#8636,#8637,#8638);
#8636 = CARTESIAN_POINT('',(0.745,-0.6,4.5E-02));
#8637 = DIRECTION('',(0.,1.,0.));
#8638 = DIRECTION('',(-1.,0.,0.));
#8639 = ADVANCED_FACE('',(#8640),#8651,.F.);
#8640 = FACE_BOUND('',#8641,.F.);
#8641 = EDGE_LOOP('',(#8642,#8643,#8644,#8645));
#8642 = ORIENTED_EDGE('',*,*,#8533,.F.);
#8643 = ORIENTED_EDGE('',*,*,#8628,.F.);
#8644 = ORIENTED_EDGE('',*,*,#8409,.T.);
#8645 = ORIENTED_EDGE('',*,*,#8646,.T.);
#8646 = EDGE_CURVE('',#8412,#8536,#8647,.T.);
#8647 = LINE('',#8648,#8649);
#8648 = CARTESIAN_POINT('',(0.955,-0.6,-2.775557561563E-17));
#8649 = VECTOR('',#8650,1.);
#8650 = DIRECTION('',(0.,1.,0.));
#8651 = PLANE('',#8652);
#8652 = AXIS2_PLACEMENT_3D('',#8653,#8654,#8655);
#8653 = CARTESIAN_POINT('',(0.7,-0.6,0.));
#8654 = DIRECTION('',(0.,0.,1.));
#8655 = DIRECTION('',(1.,0.,-0.));
#8656 = ADVANCED_FACE('',(#8657),#8668,.T.);
#8657 = FACE_BOUND('',#8658,.T.);
#8658 = EDGE_LOOP('',(#8659,#8660,#8661,#8662));
#8659 = ORIENTED_EDGE('',*,*,#8463,.T.);
#8660 = ORIENTED_EDGE('',*,*,#8646,.T.);
#8661 = ORIENTED_EDGE('',*,*,#8587,.F.);
#8662 = ORIENTED_EDGE('',*,*,#8663,.F.);
#8663 = EDGE_CURVE('',#8456,#8580,#8664,.T.);
#8664 = LINE('',#8665,#8666);
#8665 = CARTESIAN_POINT('',(1.,-0.6,4.5E-02));
#8666 = VECTOR('',#8667,1.);
#8667 = DIRECTION('',(0.,1.,0.));
#8668 = CYLINDRICAL_SURFACE('',#8669,4.5E-02);
#8669 = AXIS2_PLACEMENT_3D('',#8670,#8671,#8672);
#8670 = CARTESIAN_POINT('',(0.955,-0.6,4.5E-02));
#8671 = DIRECTION('',(0.,1.,0.));
#8672 = DIRECTION('',(1.,0.,0.));
#8673 = ADVANCED_FACE('',(#8674),#8685,.T.);
#8674 = FACE_BOUND('',#8675,.T.);
#8675 = EDGE_LOOP('',(#8676,#8677,#8678,#8679));
#8676 = ORIENTED_EDGE('',*,*,#8455,.F.);
#8677 = ORIENTED_EDGE('',*,*,#8663,.T.);
#8678 = ORIENTED_EDGE('',*,*,#8579,.T.);
#8679 = ORIENTED_EDGE('',*,*,#8680,.F.);
#8680 = EDGE_CURVE('',#8447,#8571,#8681,.T.);
#8681 = LINE('',#8682,#8683);
#8682 = CARTESIAN_POINT('',(1.,-0.6,0.405));
#8683 = VECTOR('',#8684,1.);
#8684 = DIRECTION('',(0.,1.,0.));
#8685 = PLANE('',#8686);
#8686 = AXIS2_PLACEMENT_3D('',#8687,#8688,#8689);
#8687 = CARTESIAN_POINT('',(1.,-0.6,0.));
#8688 = DIRECTION('',(1.,0.,0.));
#8689 = DIRECTION('',(0.,0.,1.));
#8690 = ADVANCED_FACE('',(#8691),#8702,.T.);
#8691 = FACE_BOUND('',#8692,.T.);
#8692 = EDGE_LOOP('',(#8693,#8694,#8695,#8701));
#8693 = ORIENTED_EDGE('',*,*,#8680,.T.);
#8694 = ORIENTED_EDGE('',*,*,#8570,.T.);
#8695 = ORIENTED_EDGE('',*,*,#8696,.F.);
#8696 = EDGE_CURVE('',#8439,#8563,#8697,.T.);
#8697 = LINE('',#8698,#8699);
#8698 = CARTESIAN_POINT('',(0.955,-0.6,0.45));
#8699 = VECTOR('',#8700,1.);
#8700 = DIRECTION('',(0.,1.,0.));
#8701 = ORIENTED_EDGE('',*,*,#8446,.F.);
#8702 = CYLINDRICAL_SURFACE('',#8703,4.5E-02);
#8703 = AXIS2_PLACEMENT_3D('',#8704,#8705,#8706);
#8704 = CARTESIAN_POINT('',(0.955,-0.6,0.405));
#8705 = DIRECTION('',(0.,1.,0.));
#8706 = DIRECTION('',(1.,0.,0.));
#8707 = ADVANCED_FACE('',(#8708),#8719,.T.);
#8708 = FACE_BOUND('',#8709,.T.);
#8709 = EDGE_LOOP('',(#8710,#8711,#8717,#8718));
#8710 = ORIENTED_EDGE('',*,*,#8562,.F.);
#8711 = ORIENTED_EDGE('',*,*,#8712,.F.);
#8712 = EDGE_CURVE('',#8430,#8554,#8713,.T.);
#8713 = LINE('',#8714,#8715);
#8714 = CARTESIAN_POINT('',(0.745,-0.6,0.45));
#8715 = VECTOR('',#8716,1.);
#8716 = DIRECTION('',(0.,1.,0.));
#8717 = ORIENTED_EDGE('',*,*,#8438,.T.);
#8718 = ORIENTED_EDGE('',*,*,#8696,.T.);
#8719 = PLANE('',#8720);
#8720 = AXIS2_PLACEMENT_3D('',#8721,#8722,#8723);
#8721 = CARTESIAN_POINT('',(0.7,-0.6,0.45));
#8722 = DIRECTION('',(0.,0.,1.));
#8723 = DIRECTION('',(1.,0.,-0.));
#8724 = ADVANCED_FACE('',(#8725),#8736,.T.);
#8725 = FACE_BOUND('',#8726,.T.);
#8726 = EDGE_LOOP('',(#8727,#8728,#8729,#8730));
#8727 = ORIENTED_EDGE('',*,*,#8429,.T.);
#8728 = ORIENTED_EDGE('',*,*,#8712,.T.);
#8729 = ORIENTED_EDGE('',*,*,#8553,.F.);
#8730 = ORIENTED_EDGE('',*,*,#8731,.F.);
#8731 = EDGE_CURVE('',#8264,#8347,#8732,.T.);
#8732 = LINE('',#8733,#8734);
#8733 = CARTESIAN_POINT('',(0.7,-0.6,0.405));
#8734 = VECTOR('',#8735,1.);
#8735 = DIRECTION('',(0.,1.,0.));
#8736 = CYLINDRICAL_SURFACE('',#8737,4.5E-02);
#8737 = AXIS2_PLACEMENT_3D('',#8738,#8739,#8740);
#8738 = CARTESIAN_POINT('',(0.745,-0.6,0.405));
#8739 = DIRECTION('',(0.,1.,0.));
#8740 = DIRECTION('',(-1.,0.,0.));
#8741 = ADVANCED_FACE('',(#8742),#8753,.T.);
#8742 = FACE_BOUND('',#8743,.T.);
#8743 = EDGE_LOOP('',(#8744,#8745,#8746,#8747));
#8744 = ORIENTED_EDGE('',*,*,#8495,.F.);
#8745 = ORIENTED_EDGE('',*,*,#8731,.T.);
#8746 = ORIENTED_EDGE('',*,*,#8612,.T.);
#8747 = ORIENTED_EDGE('',*,*,#8748,.F.);
#8748 = EDGE_CURVE('',#8488,#8605,#8749,.T.);
#8749 = LINE('',#8750,#8751);
#8750 = CARTESIAN_POINT('',(0.7,-0.6,0.45));
#8751 = VECTOR('',#8752,1.);
#8752 = DIRECTION('',(0.,1.,0.));
#8753 = PLANE('',#8754);
#8754 = AXIS2_PLACEMENT_3D('',#8755,#8756,#8757);
#8755 = CARTESIAN_POINT('',(0.7,-0.6,0.405));
#8756 = DIRECTION('',(1.,0.,0.));
#8757 = DIRECTION('',(0.,0.,1.));
#8758 = ADVANCED_FACE('',(#8759),#8765,.T.);
#8759 = FACE_BOUND('',#8760,.T.);
#8760 = EDGE_LOOP('',(#8761,#8762,#8763,#8764));
#8761 = ORIENTED_EDGE('',*,*,#8519,.F.);
#8762 = ORIENTED_EDGE('',*,*,#8487,.T.);
#8763 = ORIENTED_EDGE('',*,*,#8748,.T.);
#8764 = ORIENTED_EDGE('',*,*,#8604,.F.);
#8765 = PLANE('',#8766);
#8766 = AXIS2_PLACEMENT_3D('',#8767,#8768,#8769);
#8767 = CARTESIAN_POINT('',(-0.7,-0.6,0.45));
#8768 = DIRECTION('',(0.,0.,1.));
#8769 = DIRECTION('',(1.,0.,-0.));
#8770 = ( GEOMETRIC_REPRESENTATION_CONTEXT(3) 
GLOBAL_UNCERTAINTY_ASSIGNED_CONTEXT((#8774)) 
GLOBAL_UNIT_ASSIGNED_CONTEXT((#8771,#8772,#8773)) REPRESENTATION_CONTEXT
('Context #1','3D Context with UNIT and UNCERTAINTY') );
#8771 = ( LENGTH_UNIT() NAMED_UNIT(*) SI_UNIT(.MILLI.,.METRE.) );
#8772 = ( NAMED_UNIT(*) PLANE_ANGLE_UNIT() SI_UNIT($,.RADIAN.) );
#8773 = ( NAMED_UNIT(*) SI_UNIT($,.STERADIAN.) SOLID_ANGLE_UNIT() );
#8774 = UNCERTAINTY_MEASURE_WITH_UNIT(LENGTH_MEASURE(1.E-07),#8771,
  'distance_accuracy_value','confusion accuracy');
#8775 = CONTEXT_DEPENDENT_SHAPE_REPRESENTATION(#8776,#8778);
#8776 = ( REPRESENTATION_RELATIONSHIP('','',#7979,#10) 
REPRESENTATION_RELATIONSHIP_WITH_TRANSFORMATION(#8777) 
SHAPE_REPRESENTATION_RELATIONSHIP() );
#8777 = ITEM_DEFINED_TRANSFORMATION('','',#11,#27);
#8778 = PRODUCT_DEFINITION_SHAPE('Placement','Placement of an item',
  #8779);
#8779 = NEXT_ASSEMBLY_USAGE_OCCURRENCE('4','R1','',#5,#7974,$);
#8780 = PRODUCT_RELATED_PRODUCT_CATEGORY('part',$,(#7976));
#8781 = SHAPE_DEFINITION_REPRESENTATION(#8782,#8788);
#8782 = PRODUCT_DEFINITION_SHAPE('','',#8783);
#8783 = PRODUCT_DEFINITION('design','',#8784,#8787);
#8784 = PRODUCT_DEFINITION_FORMATION('','',#8785);
#8785 = PRODUCT('PinHeader_1x05_P2.54mm_Vertical',
  'PinHeader_1x05_P2.54mm_Vertical','',(#8786));
#8786 = PRODUCT_CONTEXT('',#2,'mechanical');
#8787 = PRODUCT_DEFINITION_CONTEXT('part definition',#2,'design');
#8788 = ADVANCED_BREP_SHAPE_REPRESENTATION('',(#11,#8789),#12243);
#8789 = MANIFOLD_SOLID_BREP('',#8790);
#8790 = CLOSED_SHELL('',(#8791,#8831,#8862,#8893,#9304,#9715,#9732,#9749
    ,#9766,#9783,#9800,#9817,#9834,#9851,#9868,#9885,#9902,#9919,#9936,
    #9953,#9970,#9987,#10004,#10021,#10038,#10055,#10072,#10089,#10106,
    #10123,#10140,#10157,#10174,#10191,#10203,#10234,#10258,#10282,
    #10299,#10330,#10354,#10378,#10395,#10426,#10450,#10474,#10491,
    #10522,#10546,#10570,#10587,#10618,#10642,#10666,#10683,#10714,
    #10738,#10762,#10779,#10810,#10834,#10858,#10875,#10906,#10930,
    #10954,#10971,#11002,#11026,#11050,#11067,#11098,#11122,#11146,
    #11163,#11194,#11218,#11242,#11259,#11290,#11314,#11338,#11355,
    #11386,#11410,#11434,#11451,#11482,#11506,#11530,#11547,#11578,
    #11602,#11626,#11643,#11674,#11698,#11722,#11739,#11770,#11794,
    #11818,#11835,#11866,#11890,#11914,#11931,#11962,#11986,#12010,
    #12027,#12058,#12082,#12106,#12123,#12135,#12147,#12159,#12171,
    #12183,#12195,#12207,#12219,#12231));
#8791 = ADVANCED_FACE('',(#8792),#8826,.F.);
#8792 = FACE_BOUND('',#8793,.F.);
#8793 = EDGE_LOOP('',(#8794,#8804,#8812,#8820));
#8794 = ORIENTED_EDGE('',*,*,#8795,.T.);
#8795 = EDGE_CURVE('',#8796,#8798,#8800,.T.);
#8796 = VERTEX_POINT('',#8797);
#8797 = CARTESIAN_POINT('',(-1.016,1.27,0.));
#8798 = VERTEX_POINT('',#8799);
#8799 = CARTESIAN_POINT('',(-1.016,1.27,2.54));
#8800 = LINE('',#8801,#8802);
#8801 = CARTESIAN_POINT('',(-1.016,1.27,0.));
#8802 = VECTOR('',#8803,1.);
#8803 = DIRECTION('',(0.,0.,1.));
#8804 = ORIENTED_EDGE('',*,*,#8805,.T.);
#8805 = EDGE_CURVE('',#8798,#8806,#8808,.T.);
#8806 = VERTEX_POINT('',#8807);
#8807 = CARTESIAN_POINT('',(-1.27,1.016,2.54));
#8808 = LINE('',#8809,#8810);
#8809 = CARTESIAN_POINT('',(-1.016,1.27,2.54));
#8810 = VECTOR('',#8811,1.);
#8811 = DIRECTION('',(-0.707106781187,-0.707106781187,0.));
#8812 = ORIENTED_EDGE('',*,*,#8813,.F.);
#8813 = EDGE_CURVE('',#8814,#8806,#8816,.T.);
#8814 = VERTEX_POINT('',#8815);
#8815 = CARTESIAN_POINT('',(-1.27,1.016,0.));
#8816 = LINE('',#8817,#8818);
#8817 = CARTESIAN_POINT('',(-1.27,1.016,0.));
#8818 = VECTOR('',#8819,1.);
#8819 = DIRECTION('',(0.,0.,1.));
#8820 = ORIENTED_EDGE('',*,*,#8821,.F.);
#8821 = EDGE_CURVE('',#8796,#8814,#8822,.T.);
#8822 = LINE('',#8823,#8824);
#8823 = CARTESIAN_POINT('',(-1.016,1.27,0.));
#8824 = VECTOR('',#8825,1.);
#8825 = DIRECTION('',(-0.707106781187,-0.707106781187,0.));
#8826 = PLANE('',#8827);
#8827 = AXIS2_PLACEMENT_3D('',#8828,#8829,#8830);
#8828 = CARTESIAN_POINT('',(-1.016,1.27,0.));
#8829 = DIRECTION('',(0.707106781187,-0.707106781187,0.));
#8830 = DIRECTION('',(-0.707106781187,-0.707106781187,0.));
#8831 = ADVANCED_FACE('',(#8832),#8857,.F.);
#8832 = FACE_BOUND('',#8833,.F.);
#8833 = EDGE_LOOP('',(#8834,#8844,#8850,#8851));
#8834 = ORIENTED_EDGE('',*,*,#8835,.T.);
#8835 = EDGE_CURVE('',#8836,#8838,#8840,.T.);
#8836 = VERTEX_POINT('',#8837);
#8837 = CARTESIAN_POINT('',(1.016,1.27,0.));
#8838 = VERTEX_POINT('',#8839);
#8839 = CARTESIAN_POINT('',(1.016,1.27,2.54));
#8840 = LINE('',#8841,#8842);
#8841 = CARTESIAN_POINT('',(1.016,1.27,0.));
#8842 = VECTOR('',#8843,1.);
#8843 = DIRECTION('',(0.,0.,1.));
#8844 = ORIENTED_EDGE('',*,*,#8845,.T.);
#8845 = EDGE_CURVE('',#8838,#8798,#8846,.T.);
#8846 = LINE('',#8847,#8848);
#8847 = CARTESIAN_POINT('',(1.016,1.27,2.54));
#8848 = VECTOR('',#8849,1.);
#8849 = DIRECTION('',(-1.,0.,0.));
#8850 = ORIENTED_EDGE('',*,*,#8795,.F.);
#8851 = ORIENTED_EDGE('',*,*,#8852,.F.);
#8852 = EDGE_CURVE('',#8836,#8796,#8853,.T.);
#8853 = LINE('',#8854,#8855);
#8854 = CARTESIAN_POINT('',(1.016,1.27,0.));
#8855 = VECTOR('',#8856,1.);
#8856 = DIRECTION('',(-1.,0.,0.));
#8857 = PLANE('',#8858);
#8858 = AXIS2_PLACEMENT_3D('',#8859,#8860,#8861);
#8859 = CARTESIAN_POINT('',(1.016,1.27,0.));
#8860 = DIRECTION('',(0.,-1.,0.));
#8861 = DIRECTION('',(-1.,0.,0.));
#8862 = ADVANCED_FACE('',(#8863),#8888,.F.);
#8863 = FACE_BOUND('',#8864,.F.);
#8864 = EDGE_LOOP('',(#8865,#8866,#8874,#8882));
#8865 = ORIENTED_EDGE('',*,*,#8813,.T.);
#8866 = ORIENTED_EDGE('',*,*,#8867,.T.);
#8867 = EDGE_CURVE('',#8806,#8868,#8870,.T.);
#8868 = VERTEX_POINT('',#8869);
#8869 = CARTESIAN_POINT('',(-1.27,-1.016,2.54));
#8870 = LINE('',#8871,#8872);
#8871 = CARTESIAN_POINT('',(-1.27,1.016,2.54));
#8872 = VECTOR('',#8873,1.);
#8873 = DIRECTION('',(0.,-1.,0.));
#8874 = ORIENTED_EDGE('',*,*,#8875,.F.);
#8875 = EDGE_CURVE('',#8876,#8868,#8878,.T.);
#8876 = VERTEX_POINT('',#8877);
#8877 = CARTESIAN_POINT('',(-1.27,-1.016,0.));
#8878 = LINE('',#8879,#8880);
#8879 = CARTESIAN_POINT('',(-1.27,-1.016,0.));
#8880 = VECTOR('',#8881,1.);
#8881 = DIRECTION('',(0.,0.,1.));
#8882 = ORIENTED_EDGE('',*,*,#8883,.F.);
#8883 = EDGE_CURVE('',#8814,#8876,#8884,.T.);
#8884 = LINE('',#8885,#8886);
#8885 = CARTESIAN_POINT('',(-1.27,1.016,0.));
#8886 = VECTOR('',#8887,1.);
#8887 = DIRECTION('',(0.,-1.,0.));
#8888 = PLANE('',#8889);
#8889 = AXIS2_PLACEMENT_3D('',#8890,#8891,#8892);
#8890 = CARTESIAN_POINT('',(-1.27,1.016,0.));
#8891 = DIRECTION('',(1.,0.,0.));
#8892 = DIRECTION('',(0.,-1.,0.));
#8893 = ADVANCED_FACE('',(#8894,#9129,#9163,#9197,#9231,#9265),#9299,.F.
  );
#8894 = FACE_BOUND('',#8895,.F.);
#8895 = EDGE_LOOP('',(#8896,#8897,#8898,#8906,#8914,#8922,#8930,#8938,
    #8946,#8954,#8962,#8970,#8978,#8986,#8994,#9002,#9010,#9018,#9026,
    #9034,#9042,#9050,#9058,#9066,#9074,#9082,#9090,#9098,#9106,#9114,
    #9122,#9128));
#8896 = ORIENTED_EDGE('',*,*,#8821,.T.);
#8897 = ORIENTED_EDGE('',*,*,#8883,.T.);
#8898 = ORIENTED_EDGE('',*,*,#8899,.T.);
#8899 = EDGE_CURVE('',#8876,#8900,#8902,.T.);
#8900 = VERTEX_POINT('',#8901);
#8901 = CARTESIAN_POINT('',(-1.016,-1.27,0.));
#8902 = LINE('',#8903,#8904);
#8903 = CARTESIAN_POINT('',(-1.27,-1.016,0.));
#8904 = VECTOR('',#8905,1.);
#8905 = DIRECTION('',(0.707106781187,-0.707106781187,0.));
#8906 = ORIENTED_EDGE('',*,*,#8907,.T.);
#8907 = EDGE_CURVE('',#8900,#8908,#8910,.T.);
#8908 = VERTEX_POINT('',#8909);
#8909 = CARTESIAN_POINT('',(-1.27,-1.524,0.));
#8910 = LINE('',#8911,#8912);
#8911 = CARTESIAN_POINT('',(-1.016,-1.27,0.));
#8912 = VECTOR('',#8913,1.);
#8913 = DIRECTION('',(-0.707106781187,-0.707106781187,0.));
#8914 = ORIENTED_EDGE('',*,*,#8915,.T.);
#8915 = EDGE_CURVE('',#8908,#8916,#8918,.T.);
#8916 = VERTEX_POINT('',#8917);
#8917 = CARTESIAN_POINT('',(-1.27,-3.556,0.));
#8918 = LINE('',#8919,#8920);
#8919 = CARTESIAN_POINT('',(-1.27,-1.524,0.));
#8920 = VECTOR('',#8921,1.);
#8921 = DIRECTION('',(0.,-1.,0.));
#8922 = ORIENTED_EDGE('',*,*,#8923,.T.);
#8923 = EDGE_CURVE('',#8916,#8924,#8926,.T.);
#8924 = VERTEX_POINT('',#8925);
#8925 = CARTESIAN_POINT('',(-1.016,-3.81,0.));
#8926 = LINE('',#8927,#8928);
#8927 = CARTESIAN_POINT('',(-1.27,-3.556,0.));
#8928 = VECTOR('',#8929,1.);
#8929 = DIRECTION('',(0.707106781187,-0.707106781187,0.));
#8930 = ORIENTED_EDGE('',*,*,#8931,.T.);
#8931 = EDGE_CURVE('',#8924,#8932,#8934,.T.);
#8932 = VERTEX_POINT('',#8933);
#8933 = CARTESIAN_POINT('',(-1.27,-4.064,0.));
#8934 = LINE('',#8935,#8936);
#8935 = CARTESIAN_POINT('',(-1.016,-3.81,0.));
#8936 = VECTOR('',#8937,1.);
#8937 = DIRECTION('',(-0.707106781187,-0.707106781187,0.));
#8938 = ORIENTED_EDGE('',*,*,#8939,.T.);
#8939 = EDGE_CURVE('',#8932,#8940,#8942,.T.);
#8940 = VERTEX_POINT('',#8941);
#8941 = CARTESIAN_POINT('',(-1.27,-6.096,0.));
#8942 = LINE('',#8943,#8944);
#8943 = CARTESIAN_POINT('',(-1.27,-4.064,0.));
#8944 = VECTOR('',#8945,1.);
#8945 = DIRECTION('',(0.,-1.,0.));
#8946 = ORIENTED_EDGE('',*,*,#8947,.T.);
#8947 = EDGE_CURVE('',#8940,#8948,#8950,.T.);
#8948 = VERTEX_POINT('',#8949);
#8949 = CARTESIAN_POINT('',(-1.016,-6.35,0.));
#8950 = LINE('',#8951,#8952);
#8951 = CARTESIAN_POINT('',(-1.27,-6.096,0.));
#8952 = VECTOR('',#8953,1.);
#8953 = DIRECTION('',(0.707106781187,-0.707106781187,0.));
#8954 = ORIENTED_EDGE('',*,*,#8955,.T.);
#8955 = EDGE_CURVE('',#8948,#8956,#8958,.T.);
#8956 = VERTEX_POINT('',#8957);
#8957 = CARTESIAN_POINT('',(-1.27,-6.604,0.));
#8958 = LINE('',#8959,#8960);
#8959 = CARTESIAN_POINT('',(-1.016,-6.35,0.));
#8960 = VECTOR('',#8961,1.);
#8961 = DIRECTION('',(-0.707106781187,-0.707106781187,0.));
#8962 = ORIENTED_EDGE('',*,*,#8963,.T.);
#8963 = EDGE_CURVE('',#8956,#8964,#8966,.T.);
#8964 = VERTEX_POINT('',#8965);
#8965 = CARTESIAN_POINT('',(-1.27,-8.636,0.));
#8966 = LINE('',#8967,#8968);
#8967 = CARTESIAN_POINT('',(-1.27,-6.604,0.));
#8968 = VECTOR('',#8969,1.);
#8969 = DIRECTION('',(0.,-1.,0.));
#8970 = ORIENTED_EDGE('',*,*,#8971,.T.);
#8971 = EDGE_CURVE('',#8964,#8972,#8974,.T.);
#8972 = VERTEX_POINT('',#8973);
#8973 = CARTESIAN_POINT('',(-1.016,-8.89,0.));
#8974 = LINE('',#8975,#8976);
#8975 = CARTESIAN_POINT('',(-1.27,-8.636,0.));
#8976 = VECTOR('',#8977,1.);
#8977 = DIRECTION('',(0.707106781187,-0.707106781187,0.));
#8978 = ORIENTED_EDGE('',*,*,#8979,.T.);
#8979 = EDGE_CURVE('',#8972,#8980,#8982,.T.);
#8980 = VERTEX_POINT('',#8981);
#8981 = CARTESIAN_POINT('',(-1.27,-9.144,0.));
#8982 = LINE('',#8983,#8984);
#8983 = CARTESIAN_POINT('',(-1.016,-8.89,0.));
#8984 = VECTOR('',#8985,1.);
#8985 = DIRECTION('',(-0.707106781187,-0.707106781187,0.));
#8986 = ORIENTED_EDGE('',*,*,#8987,.T.);
#8987 = EDGE_CURVE('',#8980,#8988,#8990,.T.);
#8988 = VERTEX_POINT('',#8989);
#8989 = CARTESIAN_POINT('',(-1.27,-11.176,0.));
#8990 = LINE('',#8991,#8992);
#8991 = CARTESIAN_POINT('',(-1.27,-9.144,0.));
#8992 = VECTOR('',#8993,1.);
#8993 = DIRECTION('',(0.,-1.,0.));
#8994 = ORIENTED_EDGE('',*,*,#8995,.T.);
#8995 = EDGE_CURVE('',#8988,#8996,#8998,.T.);
#8996 = VERTEX_POINT('',#8997);
#8997 = CARTESIAN_POINT('',(-1.016,-11.43,0.));
#8998 = LINE('',#8999,#9000);
#8999 = CARTESIAN_POINT('',(-1.27,-11.176,0.));
#9000 = VECTOR('',#9001,1.);
#9001 = DIRECTION('',(0.707106781187,-0.707106781187,0.));
#9002 = ORIENTED_EDGE('',*,*,#9003,.T.);
#9003 = EDGE_CURVE('',#8996,#9004,#9006,.T.);
#9004 = VERTEX_POINT('',#9005);
#9005 = CARTESIAN_POINT('',(1.016,-11.43,0.));
#9006 = LINE('',#9007,#9008);
#9007 = CARTESIAN_POINT('',(-1.016,-11.43,0.));
#9008 = VECTOR('',#9009,1.);
#9009 = DIRECTION('',(1.,0.,0.));
#9010 = ORIENTED_EDGE('',*,*,#9011,.T.);
#9011 = EDGE_CURVE('',#9004,#9012,#9014,.T.);
#9012 = VERTEX_POINT('',#9013);
#9013 = CARTESIAN_POINT('',(1.27,-11.176,0.));
#9014 = LINE('',#9015,#9016);
#9015 = CARTESIAN_POINT('',(1.016,-11.43,0.));
#9016 = VECTOR('',#9017,1.);
#9017 = DIRECTION('',(0.707106781187,0.707106781187,0.));
#9018 = ORIENTED_EDGE('',*,*,#9019,.T.);
#9019 = EDGE_CURVE('',#9012,#9020,#9022,.T.);
#9020 = VERTEX_POINT('',#9021);
#9021 = CARTESIAN_POINT('',(1.27,-9.144,0.));
#9022 = LINE('',#9023,#9024);
#9023 = CARTESIAN_POINT('',(1.27,-11.176,0.));
#9024 = VECTOR('',#9025,1.);
#9025 = DIRECTION('',(0.,1.,0.));
#9026 = ORIENTED_EDGE('',*,*,#9027,.T.);
#9027 = EDGE_CURVE('',#9020,#9028,#9030,.T.);
#9028 = VERTEX_POINT('',#9029);
#9029 = CARTESIAN_POINT('',(1.016,-8.89,0.));
#9030 = LINE('',#9031,#9032);
#9031 = CARTESIAN_POINT('',(1.27,-9.144,0.));
#9032 = VECTOR('',#9033,1.);
#9033 = DIRECTION('',(-0.707106781187,0.707106781187,0.));
#9034 = ORIENTED_EDGE('',*,*,#9035,.T.);
#9035 = EDGE_CURVE('',#9028,#9036,#9038,.T.);
#9036 = VERTEX_POINT('',#9037);
#9037 = CARTESIAN_POINT('',(1.27,-8.636,0.));
#9038 = LINE('',#9039,#9040);
#9039 = CARTESIAN_POINT('',(1.016,-8.89,0.));
#9040 = VECTOR('',#9041,1.);
#9041 = DIRECTION('',(0.707106781187,0.707106781187,0.));
#9042 = ORIENTED_EDGE('',*,*,#9043,.T.);
#9043 = EDGE_CURVE('',#9036,#9044,#9046,.T.);
#9044 = VERTEX_POINT('',#9045);
#9045 = CARTESIAN_POINT('',(1.27,-6.604,0.));
#9046 = LINE('',#9047,#9048);
#9047 = CARTESIAN_POINT('',(1.27,-8.636,0.));
#9048 = VECTOR('',#9049,1.);
#9049 = DIRECTION('',(0.,1.,0.));
#9050 = ORIENTED_EDGE('',*,*,#9051,.T.);
#9051 = EDGE_CURVE('',#9044,#9052,#9054,.T.);
#9052 = VERTEX_POINT('',#9053);
#9053 = CARTESIAN_POINT('',(1.016,-6.35,0.));
#9054 = LINE('',#9055,#9056);
#9055 = CARTESIAN_POINT('',(1.27,-6.604,0.));
#9056 = VECTOR('',#9057,1.);
#9057 = DIRECTION('',(-0.707106781187,0.707106781187,0.));
#9058 = ORIENTED_EDGE('',*,*,#9059,.T.);
#9059 = EDGE_CURVE('',#9052,#9060,#9062,.T.);
#9060 = VERTEX_POINT('',#9061);
#9061 = CARTESIAN_POINT('',(1.27,-6.096,0.));
#9062 = LINE('',#9063,#9064);
#9063 = CARTESIAN_POINT('',(1.016,-6.35,0.));
#9064 = VECTOR('',#9065,1.);
#9065 = DIRECTION('',(0.707106781187,0.707106781187,0.));
#9066 = ORIENTED_EDGE('',*,*,#9067,.T.);
#9067 = EDGE_CURVE('',#9060,#9068,#9070,.T.);
#9068 = VERTEX_POINT('',#9069);
#9069 = CARTESIAN_POINT('',(1.27,-4.064,0.));
#9070 = LINE('',#9071,#9072);
#9071 = CARTESIAN_POINT('',(1.27,-6.096,0.));
#9072 = VECTOR('',#9073,1.);
#9073 = DIRECTION('',(0.,1.,0.));
#9074 = ORIENTED_EDGE('',*,*,#9075,.T.);
#9075 = EDGE_CURVE('',#9068,#9076,#9078,.T.);
#9076 = VERTEX_POINT('',#9077);
#9077 = CARTESIAN_POINT('',(1.016,-3.81,0.));
#9078 = LINE('',#9079,#9080);
#9079 = CARTESIAN_POINT('',(1.27,-4.064,0.));
#9080 = VECTOR('',#9081,1.);
#9081 = DIRECTION('',(-0.707106781187,0.707106781187,0.));
#9082 = ORIENTED_EDGE('',*,*,#9083,.T.);
#9083 = EDGE_CURVE('',#9076,#9084,#9086,.T.);
#9084 = VERTEX_POINT('',#9085);
#9085 = CARTESIAN_POINT('',(1.27,-3.556,0.));
#9086 = LINE('',#9087,#9088);
#9087 = CARTESIAN_POINT('',(1.016,-3.81,0.));
#9088 = VECTOR('',#9089,1.);
#9089 = DIRECTION('',(0.707106781187,0.707106781187,0.));
#9090 = ORIENTED_EDGE('',*,*,#9091,.T.);
#9091 = EDGE_CURVE('',#9084,#9092,#9094,.T.);
#9092 = VERTEX_POINT('',#9093);
#9093 = CARTESIAN_POINT('',(1.27,-1.524,0.));
#9094 = LINE('',#9095,#9096);
#9095 = CARTESIAN_POINT('',(1.27,-3.556,0.));
#9096 = VECTOR('',#9097,1.);
#9097 = DIRECTION('',(0.,1.,0.));
#9098 = ORIENTED_EDGE('',*,*,#9099,.T.);
#9099 = EDGE_CURVE('',#9092,#9100,#9102,.T.);
#9100 = VERTEX_POINT('',#9101);
#9101 = CARTESIAN_POINT('',(1.016,-1.27,0.));
#9102 = LINE('',#9103,#9104);
#9103 = CARTESIAN_POINT('',(1.27,-1.524,0.));
#9104 = VECTOR('',#9105,1.);
#9105 = DIRECTION('',(-0.707106781187,0.707106781187,0.));
#9106 = ORIENTED_EDGE('',*,*,#9107,.T.);
#9107 = EDGE_CURVE('',#9100,#9108,#9110,.T.);
#9108 = VERTEX_POINT('',#9109);
#9109 = CARTESIAN_POINT('',(1.27,-1.016,0.));
#9110 = LINE('',#9111,#9112);
#9111 = CARTESIAN_POINT('',(1.016,-1.27,0.));
#9112 = VECTOR('',#9113,1.);
#9113 = DIRECTION('',(0.707106781187,0.707106781187,0.));
#9114 = ORIENTED_EDGE('',*,*,#9115,.T.);
#9115 = EDGE_CURVE('',#9108,#9116,#9118,.T.);
#9116 = VERTEX_POINT('',#9117);
#9117 = CARTESIAN_POINT('',(1.27,1.016,0.));
#9118 = LINE('',#9119,#9120);
#9119 = CARTESIAN_POINT('',(1.27,-1.016,0.));
#9120 = VECTOR('',#9121,1.);
#9121 = DIRECTION('',(0.,1.,0.));
#9122 = ORIENTED_EDGE('',*,*,#9123,.T.);
#9123 = EDGE_CURVE('',#9116,#8836,#9124,.T.);
#9124 = LINE('',#9125,#9126);
#9125 = CARTESIAN_POINT('',(1.27,1.016,0.));
#9126 = VECTOR('',#9127,1.);
#9127 = DIRECTION('',(-0.707106781187,0.707106781187,0.));
#9128 = ORIENTED_EDGE('',*,*,#8852,.T.);
#9129 = FACE_BOUND('',#9130,.F.);
#9130 = EDGE_LOOP('',(#9131,#9141,#9149,#9157));
#9131 = ORIENTED_EDGE('',*,*,#9132,.F.);
#9132 = EDGE_CURVE('',#9133,#9135,#9137,.T.);
#9133 = VERTEX_POINT('',#9134);
#9134 = CARTESIAN_POINT('',(0.32,-0.32,0.));
#9135 = VERTEX_POINT('',#9136);
#9136 = CARTESIAN_POINT('',(0.32,0.32,0.));
#9137 = LINE('',#9138,#9139);
#9138 = CARTESIAN_POINT('',(0.32,-2.7,0.));
#9139 = VECTOR('',#9140,1.);
#9140 = DIRECTION('',(0.,1.,0.));
#9141 = ORIENTED_EDGE('',*,*,#9142,.T.);
#9142 = EDGE_CURVE('',#9133,#9143,#9145,.T.);
#9143 = VERTEX_POINT('',#9144);
#9144 = CARTESIAN_POINT('',(-0.32,-0.32,0.));
#9145 = LINE('',#9146,#9147);
#9146 = CARTESIAN_POINT('',(-0.16,-0.32,0.));
#9147 = VECTOR('',#9148,1.);
#9148 = DIRECTION('',(-1.,0.,0.));
#9149 = ORIENTED_EDGE('',*,*,#9150,.T.);
#9150 = EDGE_CURVE('',#9143,#9151,#9153,.T.);
#9151 = VERTEX_POINT('',#9152);
#9152 = CARTESIAN_POINT('',(-0.32,0.32,0.));
#9153 = LINE('',#9154,#9155);
#9154 = CARTESIAN_POINT('',(-0.32,-2.7,0.));
#9155 = VECTOR('',#9156,1.);
#9156 = DIRECTION('',(0.,1.,0.));
#9157 = ORIENTED_EDGE('',*,*,#9158,.F.);
#9158 = EDGE_CURVE('',#9135,#9151,#9159,.T.);
#9159 = LINE('',#9160,#9161);
#9160 = CARTESIAN_POINT('',(-0.16,0.32,0.));
#9161 = VECTOR('',#9162,1.);
#9162 = DIRECTION('',(-1.,0.,0.));
#9163 = FACE_BOUND('',#9164,.F.);
#9164 = EDGE_LOOP('',(#9165,#9175,#9183,#9191));
#9165 = ORIENTED_EDGE('',*,*,#9166,.F.);
#9166 = EDGE_CURVE('',#9167,#9169,#9171,.T.);
#9167 = VERTEX_POINT('',#9168);
#9168 = CARTESIAN_POINT('',(0.32,-2.22,0.));
#9169 = VERTEX_POINT('',#9170);
#9170 = CARTESIAN_POINT('',(-0.32,-2.22,0.));
#9171 = LINE('',#9172,#9173);
#9172 = CARTESIAN_POINT('',(-0.16,-2.22,0.));
#9173 = VECTOR('',#9174,1.);
#9174 = DIRECTION('',(-1.,0.,0.));
#9175 = ORIENTED_EDGE('',*,*,#9176,.F.);
#9176 = EDGE_CURVE('',#9177,#9167,#9179,.T.);
#9177 = VERTEX_POINT('',#9178);
#9178 = CARTESIAN_POINT('',(0.32,-2.86,0.));
#9179 = LINE('',#9180,#9181);
#9180 = CARTESIAN_POINT('',(0.32,-3.97,0.));
#9181 = VECTOR('',#9182,1.);
#9182 = DIRECTION('',(0.,1.,0.));
#9183 = ORIENTED_EDGE('',*,*,#9184,.T.);
#9184 = EDGE_CURVE('',#9177,#9185,#9187,.T.);
#9185 = VERTEX_POINT('',#9186);
#9186 = CARTESIAN_POINT('',(-0.32,-2.86,0.));
#9187 = LINE('',#9188,#9189);
#9188 = CARTESIAN_POINT('',(-0.16,-2.86,0.));
#9189 = VECTOR('',#9190,1.);
#9190 = DIRECTION('',(-1.,0.,0.));
#9191 = ORIENTED_EDGE('',*,*,#9192,.T.);
#9192 = EDGE_CURVE('',#9185,#9169,#9193,.T.);
#9193 = LINE('',#9194,#9195);
#9194 = CARTESIAN_POINT('',(-0.32,-3.97,0.));
#9195 = VECTOR('',#9196,1.);
#9196 = DIRECTION('',(0.,1.,0.));
#9197 = FACE_BOUND('',#9198,.F.);
#9198 = EDGE_LOOP('',(#9199,#9209,#9217,#9225));
#9199 = ORIENTED_EDGE('',*,*,#9200,.F.);
#9200 = EDGE_CURVE('',#9201,#9203,#9205,.T.);
#9201 = VERTEX_POINT('',#9202);
#9202 = CARTESIAN_POINT('',(0.32,-4.76,0.));
#9203 = VERTEX_POINT('',#9204);
#9204 = CARTESIAN_POINT('',(-0.32,-4.76,0.));
#9205 = LINE('',#9206,#9207);
#9206 = CARTESIAN_POINT('',(-0.16,-4.76,0.));
#9207 = VECTOR('',#9208,1.);
#9208 = DIRECTION('',(-1.,0.,0.));
#9209 = ORIENTED_EDGE('',*,*,#9210,.F.);
#9210 = EDGE_CURVE('',#9211,#9201,#9213,.T.);
#9211 = VERTEX_POINT('',#9212);
#9212 = CARTESIAN_POINT('',(0.32,-5.4,0.));
#9213 = LINE('',#9214,#9215);
#9214 = CARTESIAN_POINT('',(0.32,-5.24,0.));
#9215 = VECTOR('',#9216,1.);
#9216 = DIRECTION('',(0.,1.,0.));
#9217 = ORIENTED_EDGE('',*,*,#9218,.T.);
#9218 = EDGE_CURVE('',#9211,#9219,#9221,.T.);
#9219 = VERTEX_POINT('',#9220);
#9220 = CARTESIAN_POINT('',(-0.32,-5.4,0.));
#9221 = LINE('',#9222,#9223);
#9222 = CARTESIAN_POINT('',(-0.16,-5.4,0.));
#9223 = VECTOR('',#9224,1.);
#9224 = DIRECTION('',(-1.,0.,0.));
#9225 = ORIENTED_EDGE('',*,*,#9226,.T.);
#9226 = EDGE_CURVE('',#9219,#9203,#9227,.T.);
#9227 = LINE('',#9228,#9229);
#9228 = CARTESIAN_POINT('',(-0.32,-5.24,0.));
#9229 = VECTOR('',#9230,1.);
#9230 = DIRECTION('',(0.,1.,0.));
#9231 = FACE_BOUND('',#9232,.F.);
#9232 = EDGE_LOOP('',(#9233,#9243,#9251,#9259));
#9233 = ORIENTED_EDGE('',*,*,#9234,.F.);
#9234 = EDGE_CURVE('',#9235,#9237,#9239,.T.);
#9235 = VERTEX_POINT('',#9236);
#9236 = CARTESIAN_POINT('',(0.32,-9.84,0.));
#9237 = VERTEX_POINT('',#9238);
#9238 = CARTESIAN_POINT('',(-0.32,-9.84,0.));
#9239 = LINE('',#9240,#9241);
#9240 = CARTESIAN_POINT('',(-0.16,-9.84,0.));
#9241 = VECTOR('',#9242,1.);
#9242 = DIRECTION('',(-1.,0.,0.));
#9243 = ORIENTED_EDGE('',*,*,#9244,.F.);
#9244 = EDGE_CURVE('',#9245,#9235,#9247,.T.);
#9245 = VERTEX_POINT('',#9246);
#9246 = CARTESIAN_POINT('',(0.32,-10.48,0.));
#9247 = LINE('',#9248,#9249);
#9248 = CARTESIAN_POINT('',(0.32,-7.78,0.));
#9249 = VECTOR('',#9250,1.);
#9250 = DIRECTION('',(0.,1.,0.));
#9251 = ORIENTED_EDGE('',*,*,#9252,.T.);
#9252 = EDGE_CURVE('',#9245,#9253,#9255,.T.);
#9253 = VERTEX_POINT('',#9254);
#9254 = CARTESIAN_POINT('',(-0.32,-10.48,0.));
#9255 = LINE('',#9256,#9257);
#9256 = CARTESIAN_POINT('',(-0.16,-10.48,0.));
#9257 = VECTOR('',#9258,1.);
#9258 = DIRECTION('',(-1.,0.,0.));
#9259 = ORIENTED_EDGE('',*,*,#9260,.T.);
#9260 = EDGE_CURVE('',#9253,#9237,#9261,.T.);
#9261 = LINE('',#9262,#9263);
#9262 = CARTESIAN_POINT('',(-0.32,-7.78,0.));
#9263 = VECTOR('',#9264,1.);
#9264 = DIRECTION('',(0.,1.,0.));
#9265 = FACE_BOUND('',#9266,.F.);
#9266 = EDGE_LOOP('',(#9267,#9277,#9285,#9293));
#9267 = ORIENTED_EDGE('',*,*,#9268,.T.);
#9268 = EDGE_CURVE('',#9269,#9271,#9273,.T.);
#9269 = VERTEX_POINT('',#9270);
#9270 = CARTESIAN_POINT('',(0.32,-7.94,0.));
#9271 = VERTEX_POINT('',#9272);
#9272 = CARTESIAN_POINT('',(-0.32,-7.94,0.));
#9273 = LINE('',#9274,#9275);
#9274 = CARTESIAN_POINT('',(-0.16,-7.94,0.));
#9275 = VECTOR('',#9276,1.);
#9276 = DIRECTION('',(-1.,0.,0.));
#9277 = ORIENTED_EDGE('',*,*,#9278,.T.);
#9278 = EDGE_CURVE('',#9271,#9279,#9281,.T.);
#9279 = VERTEX_POINT('',#9280);
#9280 = CARTESIAN_POINT('',(-0.32,-7.3,0.));
#9281 = LINE('',#9282,#9283);
#9282 = CARTESIAN_POINT('',(-0.32,-6.51,0.));
#9283 = VECTOR('',#9284,1.);
#9284 = DIRECTION('',(0.,1.,0.));
#9285 = ORIENTED_EDGE('',*,*,#9286,.F.);
#9286 = EDGE_CURVE('',#9287,#9279,#9289,.T.);
#9287 = VERTEX_POINT('',#9288);
#9288 = CARTESIAN_POINT('',(0.32,-7.3,0.));
#9289 = LINE('',#9290,#9291);
#9290 = CARTESIAN_POINT('',(-0.16,-7.3,0.));
#9291 = VECTOR('',#9292,1.);
#9292 = DIRECTION('',(-1.,0.,0.));
#9293 = ORIENTED_EDGE('',*,*,#9294,.F.);
#9294 = EDGE_CURVE('',#9269,#9287,#9295,.T.);
#9295 = LINE('',#9296,#9297);
#9296 = CARTESIAN_POINT('',(0.32,-6.51,0.));
#9297 = VECTOR('',#9298,1.);
#9298 = DIRECTION('',(0.,1.,0.));
#9299 = PLANE('',#9300);
#9300 = AXIS2_PLACEMENT_3D('',#9301,#9302,#9303);
#9301 = CARTESIAN_POINT('',(-2.110141571089E-17,-5.08,0.));
#9302 = DIRECTION('',(0.,0.,1.));
#9303 = DIRECTION('',(1.,0.,-0.));
#9304 = ADVANCED_FACE('',(#9305,#9540,#9574,#9608,#9642,#9676),#9710,.T.
  );
#9305 = FACE_BOUND('',#9306,.T.);
#9306 = EDGE_LOOP('',(#9307,#9308,#9309,#9317,#9325,#9333,#9341,#9349,
    #9357,#9365,#9373,#9381,#9389,#9397,#9405,#9413,#9421,#9429,#9437,
    #9445,#9453,#9461,#9469,#9477,#9485,#9493,#9501,#9509,#9517,#9525,
    #9533,#9539));
#9307 = ORIENTED_EDGE('',*,*,#8805,.T.);
#9308 = ORIENTED_EDGE('',*,*,#8867,.T.);
#9309 = ORIENTED_EDGE('',*,*,#9310,.T.);
#9310 = EDGE_CURVE('',#8868,#9311,#9313,.T.);
#9311 = VERTEX_POINT('',#9312);
#9312 = CARTESIAN_POINT('',(-1.016,-1.27,2.54));
#9313 = LINE('',#9314,#9315);
#9314 = CARTESIAN_POINT('',(-1.27,-1.016,2.54));
#9315 = VECTOR('',#9316,1.);
#9316 = DIRECTION('',(0.707106781187,-0.707106781187,0.));
#9317 = ORIENTED_EDGE('',*,*,#9318,.T.);
#9318 = EDGE_CURVE('',#9311,#9319,#9321,.T.);
#9319 = VERTEX_POINT('',#9320);
#9320 = CARTESIAN_POINT('',(-1.27,-1.524,2.54));
#9321 = LINE('',#9322,#9323);
#9322 = CARTESIAN_POINT('',(-1.016,-1.27,2.54));
#9323 = VECTOR('',#9324,1.);
#9324 = DIRECTION('',(-0.707106781187,-0.707106781187,0.));
#9325 = ORIENTED_EDGE('',*,*,#9326,.T.);
#9326 = EDGE_CURVE('',#9319,#9327,#9329,.T.);
#9327 = VERTEX_POINT('',#9328);
#9328 = CARTESIAN_POINT('',(-1.27,-3.556,2.54));
#9329 = LINE('',#9330,#9331);
#9330 = CARTESIAN_POINT('',(-1.27,-1.524,2.54));
#9331 = VECTOR('',#9332,1.);
#9332 = DIRECTION('',(0.,-1.,0.));
#9333 = ORIENTED_EDGE('',*,*,#9334,.T.);
#9334 = EDGE_CURVE('',#9327,#9335,#9337,.T.);
#9335 = VERTEX_POINT('',#9336);
#9336 = CARTESIAN_POINT('',(-1.016,-3.81,2.54));
#9337 = LINE('',#9338,#9339);
#9338 = CARTESIAN_POINT('',(-1.27,-3.556,2.54));
#9339 = VECTOR('',#9340,1.);
#9340 = DIRECTION('',(0.707106781187,-0.707106781187,0.));
#9341 = ORIENTED_EDGE('',*,*,#9342,.T.);
#9342 = EDGE_CURVE('',#9335,#9343,#9345,.T.);
#9343 = VERTEX_POINT('',#9344);
#9344 = CARTESIAN_POINT('',(-1.27,-4.064,2.54));
#9345 = LINE('',#9346,#9347);
#9346 = CARTESIAN_POINT('',(-1.016,-3.81,2.54));
#9347 = VECTOR('',#9348,1.);
#9348 = DIRECTION('',(-0.707106781187,-0.707106781187,0.));
#9349 = ORIENTED_EDGE('',*,*,#9350,.T.);
#9350 = EDGE_CURVE('',#9343,#9351,#9353,.T.);
#9351 = VERTEX_POINT('',#9352);
#9352 = CARTESIAN_POINT('',(-1.27,-6.096,2.54));
#9353 = LINE('',#9354,#9355);
#9354 = CARTESIAN_POINT('',(-1.27,-4.064,2.54));
#9355 = VECTOR('',#9356,1.);
#9356 = DIRECTION('',(0.,-1.,0.));
#9357 = ORIENTED_EDGE('',*,*,#9358,.T.);
#9358 = EDGE_CURVE('',#9351,#9359,#9361,.T.);
#9359 = VERTEX_POINT('',#9360);
#9360 = CARTESIAN_POINT('',(-1.016,-6.35,2.54));
#9361 = LINE('',#9362,#9363);
#9362 = CARTESIAN_POINT('',(-1.27,-6.096,2.54));
#9363 = VECTOR('',#9364,1.);
#9364 = DIRECTION('',(0.707106781187,-0.707106781187,0.));
#9365 = ORIENTED_EDGE('',*,*,#9366,.T.);
#9366 = EDGE_CURVE('',#9359,#9367,#9369,.T.);
#9367 = VERTEX_POINT('',#9368);
#9368 = CARTESIAN_POINT('',(-1.27,-6.604,2.54));
#9369 = LINE('',#9370,#9371);
#9370 = CARTESIAN_POINT('',(-1.016,-6.35,2.54));
#9371 = VECTOR('',#9372,1.);
#9372 = DIRECTION('',(-0.707106781187,-0.707106781187,0.));
#9373 = ORIENTED_EDGE('',*,*,#9374,.T.);
#9374 = EDGE_CURVE('',#9367,#9375,#9377,.T.);
#9375 = VERTEX_POINT('',#9376);
#9376 = CARTESIAN_POINT('',(-1.27,-8.636,2.54));
#9377 = LINE('',#9378,#9379);
#9378 = CARTESIAN_POINT('',(-1.27,-6.604,2.54));
#9379 = VECTOR('',#9380,1.);
#9380 = DIRECTION('',(0.,-1.,0.));
#9381 = ORIENTED_EDGE('',*,*,#9382,.T.);
#9382 = EDGE_CURVE('',#9375,#9383,#9385,.T.);
#9383 = VERTEX_POINT('',#9384);
#9384 = CARTESIAN_POINT('',(-1.016,-8.89,2.54));
#9385 = LINE('',#9386,#9387);
#9386 = CARTESIAN_POINT('',(-1.27,-8.636,2.54));
#9387 = VECTOR('',#9388,1.);
#9388 = DIRECTION('',(0.707106781187,-0.707106781187,0.));
#9389 = ORIENTED_EDGE('',*,*,#9390,.T.);
#9390 = EDGE_CURVE('',#9383,#9391,#9393,.T.);
#9391 = VERTEX_POINT('',#9392);
#9392 = CARTESIAN_POINT('',(-1.27,-9.144,2.54));
#9393 = LINE('',#9394,#9395);
#9394 = CARTESIAN_POINT('',(-1.016,-8.89,2.54));
#9395 = VECTOR('',#9396,1.);
#9396 = DIRECTION('',(-0.707106781187,-0.707106781187,0.));
#9397 = ORIENTED_EDGE('',*,*,#9398,.T.);
#9398 = EDGE_CURVE('',#9391,#9399,#9401,.T.);
#9399 = VERTEX_POINT('',#9400);
#9400 = CARTESIAN_POINT('',(-1.27,-11.176,2.54));
#9401 = LINE('',#9402,#9403);
#9402 = CARTESIAN_POINT('',(-1.27,-9.144,2.54));
#9403 = VECTOR('',#9404,1.);
#9404 = DIRECTION('',(0.,-1.,0.));
#9405 = ORIENTED_EDGE('',*,*,#9406,.T.);
#9406 = EDGE_CURVE('',#9399,#9407,#9409,.T.);
#9407 = VERTEX_POINT('',#9408);
#9408 = CARTESIAN_POINT('',(-1.016,-11.43,2.54));
#9409 = LINE('',#9410,#9411);
#9410 = CARTESIAN_POINT('',(-1.27,-11.176,2.54));
#9411 = VECTOR('',#9412,1.);
#9412 = DIRECTION('',(0.707106781187,-0.707106781187,0.));
#9413 = ORIENTED_EDGE('',*,*,#9414,.T.);
#9414 = EDGE_CURVE('',#9407,#9415,#9417,.T.);
#9415 = VERTEX_POINT('',#9416);
#9416 = CARTESIAN_POINT('',(1.016,-11.43,2.54));
#9417 = LINE('',#9418,#9419);
#9418 = CARTESIAN_POINT('',(-1.016,-11.43,2.54));
#9419 = VECTOR('',#9420,1.);
#9420 = DIRECTION('',(1.,0.,0.));
#9421 = ORIENTED_EDGE('',*,*,#9422,.T.);
#9422 = EDGE_CURVE('',#9415,#9423,#9425,.T.);
#9423 = VERTEX_POINT('',#9424);
#9424 = CARTESIAN_POINT('',(1.27,-11.176,2.54));
#9425 = LINE('',#9426,#9427);
#9426 = CARTESIAN_POINT('',(1.016,-11.43,2.54));
#9427 = VECTOR('',#9428,1.);
#9428 = DIRECTION('',(0.707106781187,0.707106781187,0.));
#9429 = ORIENTED_EDGE('',*,*,#9430,.T.);
#9430 = EDGE_CURVE('',#9423,#9431,#9433,.T.);
#9431 = VERTEX_POINT('',#9432);
#9432 = CARTESIAN_POINT('',(1.27,-9.144,2.54));
#9433 = LINE('',#9434,#9435);
#9434 = CARTESIAN_POINT('',(1.27,-11.176,2.54));
#9435 = VECTOR('',#9436,1.);
#9436 = DIRECTION('',(0.,1.,0.));
#9437 = ORIENTED_EDGE('',*,*,#9438,.T.);
#9438 = EDGE_CURVE('',#9431,#9439,#9441,.T.);
#9439 = VERTEX_POINT('',#9440);
#9440 = CARTESIAN_POINT('',(1.016,-8.89,2.54));
#9441 = LINE('',#9442,#9443);
#9442 = CARTESIAN_POINT('',(1.27,-9.144,2.54));
#9443 = VECTOR('',#9444,1.);
#9444 = DIRECTION('',(-0.707106781187,0.707106781187,0.));
#9445 = ORIENTED_EDGE('',*,*,#9446,.T.);
#9446 = EDGE_CURVE('',#9439,#9447,#9449,.T.);
#9447 = VERTEX_POINT('',#9448);
#9448 = CARTESIAN_POINT('',(1.27,-8.636,2.54));
#9449 = LINE('',#9450,#9451);
#9450 = CARTESIAN_POINT('',(1.016,-8.89,2.54));
#9451 = VECTOR('',#9452,1.);
#9452 = DIRECTION('',(0.707106781187,0.707106781187,0.));
#9453 = ORIENTED_EDGE('',*,*,#9454,.T.);
#9454 = EDGE_CURVE('',#9447,#9455,#9457,.T.);
#9455 = VERTEX_POINT('',#9456);
#9456 = CARTESIAN_POINT('',(1.27,-6.604,2.54));
#9457 = LINE('',#9458,#9459);
#9458 = CARTESIAN_POINT('',(1.27,-8.636,2.54));
#9459 = VECTOR('',#9460,1.);
#9460 = DIRECTION('',(0.,1.,0.));
#9461 = ORIENTED_EDGE('',*,*,#9462,.T.);
#9462 = EDGE_CURVE('',#9455,#9463,#9465,.T.);
#9463 = VERTEX_POINT('',#9464);
#9464 = CARTESIAN_POINT('',(1.016,-6.35,2.54));
#9465 = LINE('',#9466,#9467);
#9466 = CARTESIAN_POINT('',(1.27,-6.604,2.54));
#9467 = VECTOR('',#9468,1.);
#9468 = DIRECTION('',(-0.707106781187,0.707106781187,0.));
#9469 = ORIENTED_EDGE('',*,*,#9470,.T.);
#9470 = EDGE_CURVE('',#9463,#9471,#9473,.T.);
#9471 = VERTEX_POINT('',#9472);
#9472 = CARTESIAN_POINT('',(1.27,-6.096,2.54));
#9473 = LINE('',#9474,#9475);
#9474 = CARTESIAN_POINT('',(1.016,-6.35,2.54));
#9475 = VECTOR('',#9476,1.);
#9476 = DIRECTION('',(0.707106781187,0.707106781187,0.));
#9477 = ORIENTED_EDGE('',*,*,#9478,.T.);
#9478 = EDGE_CURVE('',#9471,#9479,#9481,.T.);
#9479 = VERTEX_POINT('',#9480);
#9480 = CARTESIAN_POINT('',(1.27,-4.064,2.54));
#9481 = LINE('',#9482,#9483);
#9482 = CARTESIAN_POINT('',(1.27,-6.096,2.54));
#9483 = VECTOR('',#9484,1.);
#9484 = DIRECTION('',(0.,1.,0.));
#9485 = ORIENTED_EDGE('',*,*,#9486,.T.);
#9486 = EDGE_CURVE('',#9479,#9487,#9489,.T.);
#9487 = VERTEX_POINT('',#9488);
#9488 = CARTESIAN_POINT('',(1.016,-3.81,2.54));
#9489 = LINE('',#9490,#9491);
#9490 = CARTESIAN_POINT('',(1.27,-4.064,2.54));
#9491 = VECTOR('',#9492,1.);
#9492 = DIRECTION('',(-0.707106781187,0.707106781187,0.));
#9493 = ORIENTED_EDGE('',*,*,#9494,.T.);
#9494 = EDGE_CURVE('',#9487,#9495,#9497,.T.);
#9495 = VERTEX_POINT('',#9496);
#9496 = CARTESIAN_POINT('',(1.27,-3.556,2.54));
#9497 = LINE('',#9498,#9499);
#9498 = CARTESIAN_POINT('',(1.016,-3.81,2.54));
#9499 = VECTOR('',#9500,1.);
#9500 = DIRECTION('',(0.707106781187,0.707106781187,0.));
#9501 = ORIENTED_EDGE('',*,*,#9502,.T.);
#9502 = EDGE_CURVE('',#9495,#9503,#9505,.T.);
#9503 = VERTEX_POINT('',#9504);
#9504 = CARTESIAN_POINT('',(1.27,-1.524,2.54));
#9505 = LINE('',#9506,#9507);
#9506 = CARTESIAN_POINT('',(1.27,-3.556,2.54));
#9507 = VECTOR('',#9508,1.);
#9508 = DIRECTION('',(0.,1.,0.));
#9509 = ORIENTED_EDGE('',*,*,#9510,.T.);
#9510 = EDGE_CURVE('',#9503,#9511,#9513,.T.);
#9511 = VERTEX_POINT('',#9512);
#9512 = CARTESIAN_POINT('',(1.016,-1.27,2.54));
#9513 = LINE('',#9514,#9515);
#9514 = CARTESIAN_POINT('',(1.27,-1.524,2.54));
#9515 = VECTOR('',#9516,1.);
#9516 = DIRECTION('',(-0.707106781187,0.707106781187,0.));
#9517 = ORIENTED_EDGE('',*,*,#9518,.T.);
#9518 = EDGE_CURVE('',#9511,#9519,#9521,.T.);
#9519 = VERTEX_POINT('',#9520);
#9520 = CARTESIAN_POINT('',(1.27,-1.016,2.54));
#9521 = LINE('',#9522,#9523);
#9522 = CARTESIAN_POINT('',(1.016,-1.27,2.54));
#9523 = VECTOR('',#9524,1.);
#9524 = DIRECTION('',(0.707106781187,0.707106781187,0.));
#9525 = ORIENTED_EDGE('',*,*,#9526,.T.);
#9526 = EDGE_CURVE('',#9519,#9527,#9529,.T.);
#9527 = VERTEX_POINT('',#9528);
#9528 = CARTESIAN_POINT('',(1.27,1.016,2.54));
#9529 = LINE('',#9530,#9531);
#9530 = CARTESIAN_POINT('',(1.27,-1.016,2.54));
#9531 = VECTOR('',#9532,1.);
#9532 = DIRECTION('',(0.,1.,0.));
#9533 = ORIENTED_EDGE('',*,*,#9534,.T.);
#9534 = EDGE_CURVE('',#9527,#8838,#9535,.T.);
#9535 = LINE('',#9536,#9537);
#9536 = CARTESIAN_POINT('',(1.27,1.016,2.54));
#9537 = VECTOR('',#9538,1.);
#9538 = DIRECTION('',(-0.707106781187,0.707106781187,0.));
#9539 = ORIENTED_EDGE('',*,*,#8845,.T.);
#9540 = FACE_BOUND('',#9541,.T.);
#9541 = EDGE_LOOP('',(#9542,#9552,#9560,#9568));
#9542 = ORIENTED_EDGE('',*,*,#9543,.F.);
#9543 = EDGE_CURVE('',#9544,#9546,#9548,.T.);
#9544 = VERTEX_POINT('',#9545);
#9545 = CARTESIAN_POINT('',(0.32,-0.32,2.54));
#9546 = VERTEX_POINT('',#9547);
#9547 = CARTESIAN_POINT('',(0.32,0.32,2.54));
#9548 = LINE('',#9549,#9550);
#9549 = CARTESIAN_POINT('',(0.32,-2.7,2.54));
#9550 = VECTOR('',#9551,1.);
#9551 = DIRECTION('',(0.,1.,0.));
#9552 = ORIENTED_EDGE('',*,*,#9553,.T.);
#9553 = EDGE_CURVE('',#9544,#9554,#9556,.T.);
#9554 = VERTEX_POINT('',#9555);
#9555 = CARTESIAN_POINT('',(-0.32,-0.32,2.54));
#9556 = LINE('',#9557,#9558);
#9557 = CARTESIAN_POINT('',(-0.16,-0.32,2.54));
#9558 = VECTOR('',#9559,1.);
#9559 = DIRECTION('',(-1.,0.,0.));
#9560 = ORIENTED_EDGE('',*,*,#9561,.T.);
#9561 = EDGE_CURVE('',#9554,#9562,#9564,.T.);
#9562 = VERTEX_POINT('',#9563);
#9563 = CARTESIAN_POINT('',(-0.32,0.32,2.54));
#9564 = LINE('',#9565,#9566);
#9565 = CARTESIAN_POINT('',(-0.32,-2.7,2.54));
#9566 = VECTOR('',#9567,1.);
#9567 = DIRECTION('',(0.,1.,0.));
#9568 = ORIENTED_EDGE('',*,*,#9569,.F.);
#9569 = EDGE_CURVE('',#9546,#9562,#9570,.T.);
#9570 = LINE('',#9571,#9572);
#9571 = CARTESIAN_POINT('',(-0.16,0.32,2.54));
#9572 = VECTOR('',#9573,1.);
#9573 = DIRECTION('',(-1.,0.,0.));
#9574 = FACE_BOUND('',#9575,.T.);
#9575 = EDGE_LOOP('',(#9576,#9586,#9594,#9602));
#9576 = ORIENTED_EDGE('',*,*,#9577,.F.);
#9577 = EDGE_CURVE('',#9578,#9580,#9582,.T.);
#9578 = VERTEX_POINT('',#9579);
#9579 = CARTESIAN_POINT('',(0.32,-2.22,2.54));
#9580 = VERTEX_POINT('',#9581);
#9581 = CARTESIAN_POINT('',(-0.32,-2.22,2.54));
#9582 = LINE('',#9583,#9584);
#9583 = CARTESIAN_POINT('',(-0.16,-2.22,2.54));
#9584 = VECTOR('',#9585,1.);
#9585 = DIRECTION('',(-1.,0.,0.));
#9586 = ORIENTED_EDGE('',*,*,#9587,.F.);
#9587 = EDGE_CURVE('',#9588,#9578,#9590,.T.);
#9588 = VERTEX_POINT('',#9589);
#9589 = CARTESIAN_POINT('',(0.32,-2.86,2.54));
#9590 = LINE('',#9591,#9592);
#9591 = CARTESIAN_POINT('',(0.32,-3.97,2.54));
#9592 = VECTOR('',#9593,1.);
#9593 = DIRECTION('',(0.,1.,0.));
#9594 = ORIENTED_EDGE('',*,*,#9595,.T.);
#9595 = EDGE_CURVE('',#9588,#9596,#9598,.T.);
#9596 = VERTEX_POINT('',#9597);
#9597 = CARTESIAN_POINT('',(-0.32,-2.86,2.54));
#9598 = LINE('',#9599,#9600);
#9599 = CARTESIAN_POINT('',(-0.16,-2.86,2.54));
#9600 = VECTOR('',#9601,1.);
#9601 = DIRECTION('',(-1.,0.,0.));
#9602 = ORIENTED_EDGE('',*,*,#9603,.T.);
#9603 = EDGE_CURVE('',#9596,#9580,#9604,.T.);
#9604 = LINE('',#9605,#9606);
#9605 = CARTESIAN_POINT('',(-0.32,-3.97,2.54));
#9606 = VECTOR('',#9607,1.);
#9607 = DIRECTION('',(0.,1.,0.));
#9608 = FACE_BOUND('',#9609,.T.);
#9609 = EDGE_LOOP('',(#9610,#9620,#9628,#9636));
#9610 = ORIENTED_EDGE('',*,*,#9611,.F.);
#9611 = EDGE_CURVE('',#9612,#9614,#9616,.T.);
#9612 = VERTEX_POINT('',#9613);
#9613 = CARTESIAN_POINT('',(0.32,-4.76,2.54));
#9614 = VERTEX_POINT('',#9615);
#9615 = CARTESIAN_POINT('',(-0.32,-4.76,2.54));
#9616 = LINE('',#9617,#9618);
#9617 = CARTESIAN_POINT('',(-0.16,-4.76,2.54));
#9618 = VECTOR('',#9619,1.);
#9619 = DIRECTION('',(-1.,0.,0.));
#9620 = ORIENTED_EDGE('',*,*,#9621,.F.);
#9621 = EDGE_CURVE('',#9622,#9612,#9624,.T.);
#9622 = VERTEX_POINT('',#9623);
#9623 = CARTESIAN_POINT('',(0.32,-5.4,2.54));
#9624 = LINE('',#9625,#9626);
#9625 = CARTESIAN_POINT('',(0.32,-5.24,2.54));
#9626 = VECTOR('',#9627,1.);
#9627 = DIRECTION('',(0.,1.,0.));
#9628 = ORIENTED_EDGE('',*,*,#9629,.T.);
#9629 = EDGE_CURVE('',#9622,#9630,#9632,.T.);
#9630 = VERTEX_POINT('',#9631);
#9631 = CARTESIAN_POINT('',(-0.32,-5.4,2.54));
#9632 = LINE('',#9633,#9634);
#9633 = CARTESIAN_POINT('',(-0.16,-5.4,2.54));
#9634 = VECTOR('',#9635,1.);
#9635 = DIRECTION('',(-1.,0.,0.));
#9636 = ORIENTED_EDGE('',*,*,#9637,.T.);
#9637 = EDGE_CURVE('',#9630,#9614,#9638,.T.);
#9638 = LINE('',#9639,#9640);
#9639 = CARTESIAN_POINT('',(-0.32,-5.24,2.54));
#9640 = VECTOR('',#9641,1.);
#9641 = DIRECTION('',(0.,1.,0.));
#9642 = FACE_BOUND('',#9643,.T.);
#9643 = EDGE_LOOP('',(#9644,#9654,#9662,#9670));
#9644 = ORIENTED_EDGE('',*,*,#9645,.F.);
#9645 = EDGE_CURVE('',#9646,#9648,#9650,.T.);
#9646 = VERTEX_POINT('',#9647);
#9647 = CARTESIAN_POINT('',(0.32,-9.84,2.54));
#9648 = VERTEX_POINT('',#9649);
#9649 = CARTESIAN_POINT('',(-0.32,-9.84,2.54));
#9650 = LINE('',#9651,#9652);
#9651 = CARTESIAN_POINT('',(-0.16,-9.84,2.54));
#9652 = VECTOR('',#9653,1.);
#9653 = DIRECTION('',(-1.,0.,0.));
#9654 = ORIENTED_EDGE('',*,*,#9655,.F.);
#9655 = EDGE_CURVE('',#9656,#9646,#9658,.T.);
#9656 = VERTEX_POINT('',#9657);
#9657 = CARTESIAN_POINT('',(0.32,-10.48,2.54));
#9658 = LINE('',#9659,#9660);
#9659 = CARTESIAN_POINT('',(0.32,-7.78,2.54));
#9660 = VECTOR('',#9661,1.);
#9661 = DIRECTION('',(0.,1.,0.));
#9662 = ORIENTED_EDGE('',*,*,#9663,.T.);
#9663 = EDGE_CURVE('',#9656,#9664,#9666,.T.);
#9664 = VERTEX_POINT('',#9665);
#9665 = CARTESIAN_POINT('',(-0.32,-10.48,2.54));
#9666 = LINE('',#9667,#9668);
#9667 = CARTESIAN_POINT('',(-0.16,-10.48,2.54));
#9668 = VECTOR('',#9669,1.);
#9669 = DIRECTION('',(-1.,0.,0.));
#9670 = ORIENTED_EDGE('',*,*,#9671,.T.);
#9671 = EDGE_CURVE('',#9664,#9648,#9672,.T.);
#9672 = LINE('',#9673,#9674);
#9673 = CARTESIAN_POINT('',(-0.32,-7.78,2.54));
#9674 = VECTOR('',#9675,1.);
#9675 = DIRECTION('',(0.,1.,0.));
#9676 = FACE_BOUND('',#9677,.T.);
#9677 = EDGE_LOOP('',(#9678,#9688,#9696,#9704));
#9678 = ORIENTED_EDGE('',*,*,#9679,.T.);
#9679 = EDGE_CURVE('',#9680,#9682,#9684,.T.);
#9680 = VERTEX_POINT('',#9681);
#9681 = CARTESIAN_POINT('',(0.32,-7.94,2.54));
#9682 = VERTEX_POINT('',#9683);
#9683 = CARTESIAN_POINT('',(-0.32,-7.94,2.54));
#9684 = LINE('',#9685,#9686);
#9685 = CARTESIAN_POINT('',(-0.16,-7.94,2.54));
#9686 = VECTOR('',#9687,1.);
#9687 = DIRECTION('',(-1.,0.,0.));
#9688 = ORIENTED_EDGE('',*,*,#9689,.T.);
#9689 = EDGE_CURVE('',#9682,#9690,#9692,.T.);
#9690 = VERTEX_POINT('',#9691);
#9691 = CARTESIAN_POINT('',(-0.32,-7.3,2.54));
#9692 = LINE('',#9693,#9694);
#9693 = CARTESIAN_POINT('',(-0.32,-6.51,2.54));
#9694 = VECTOR('',#9695,1.);
#9695 = DIRECTION('',(0.,1.,0.));
#9696 = ORIENTED_EDGE('',*,*,#9697,.F.);
#9697 = EDGE_CURVE('',#9698,#9690,#9700,.T.);
#9698 = VERTEX_POINT('',#9699);
#9699 = CARTESIAN_POINT('',(0.32,-7.3,2.54));
#9700 = LINE('',#9701,#9702);
#9701 = CARTESIAN_POINT('',(-0.16,-7.3,2.54));
#9702 = VECTOR('',#9703,1.);
#9703 = DIRECTION('',(-1.,0.,0.));
#9704 = ORIENTED_EDGE('',*,*,#9705,.F.);
#9705 = EDGE_CURVE('',#9680,#9698,#9706,.T.);
#9706 = LINE('',#9707,#9708);
#9707 = CARTESIAN_POINT('',(0.32,-6.51,2.54));
#9708 = VECTOR('',#9709,1.);
#9709 = DIRECTION('',(0.,1.,0.));
#9710 = PLANE('',#9711);
#9711 = AXIS2_PLACEMENT_3D('',#9712,#9713,#9714);
#9712 = CARTESIAN_POINT('',(-2.110141571089E-17,-5.08,2.54));
#9713 = DIRECTION('',(0.,0.,1.));
#9714 = DIRECTION('',(1.,0.,-0.));
#9715 = ADVANCED_FACE('',(#9716),#9727,.F.);
#9716 = FACE_BOUND('',#9717,.F.);
#9717 = EDGE_LOOP('',(#9718,#9724,#9725,#9726));
#9718 = ORIENTED_EDGE('',*,*,#9719,.T.);
#9719 = EDGE_CURVE('',#9116,#9527,#9720,.T.);
#9720 = LINE('',#9721,#9722);
#9721 = CARTESIAN_POINT('',(1.27,1.016,0.));
#9722 = VECTOR('',#9723,1.);
#9723 = DIRECTION('',(0.,0.,1.));
#9724 = ORIENTED_EDGE('',*,*,#9534,.T.);
#9725 = ORIENTED_EDGE('',*,*,#8835,.F.);
#9726 = ORIENTED_EDGE('',*,*,#9123,.F.);
#9727 = PLANE('',#9728);
#9728 = AXIS2_PLACEMENT_3D('',#9729,#9730,#9731);
#9729 = CARTESIAN_POINT('',(1.27,1.016,0.));
#9730 = DIRECTION('',(-0.707106781187,-0.707106781187,0.));
#9731 = DIRECTION('',(-0.707106781187,0.707106781187,0.));
#9732 = ADVANCED_FACE('',(#9733),#9744,.F.);
#9733 = FACE_BOUND('',#9734,.F.);
#9734 = EDGE_LOOP('',(#9735,#9736,#9737,#9743));
#9735 = ORIENTED_EDGE('',*,*,#8875,.T.);
#9736 = ORIENTED_EDGE('',*,*,#9310,.T.);
#9737 = ORIENTED_EDGE('',*,*,#9738,.F.);
#9738 = EDGE_CURVE('',#8900,#9311,#9739,.T.);
#9739 = LINE('',#9740,#9741);
#9740 = CARTESIAN_POINT('',(-1.016,-1.27,0.));
#9741 = VECTOR('',#9742,1.);
#9742 = DIRECTION('',(0.,0.,1.));
#9743 = ORIENTED_EDGE('',*,*,#8899,.F.);
#9744 = PLANE('',#9745);
#9745 = AXIS2_PLACEMENT_3D('',#9746,#9747,#9748);
#9746 = CARTESIAN_POINT('',(-1.27,-1.016,0.));
#9747 = DIRECTION('',(0.707106781187,0.707106781187,0.));
#9748 = DIRECTION('',(0.707106781187,-0.707106781187,0.));
#9749 = ADVANCED_FACE('',(#9750),#9761,.F.);
#9750 = FACE_BOUND('',#9751,.F.);
#9751 = EDGE_LOOP('',(#9752,#9758,#9759,#9760));
#9752 = ORIENTED_EDGE('',*,*,#9753,.T.);
#9753 = EDGE_CURVE('',#9108,#9519,#9754,.T.);
#9754 = LINE('',#9755,#9756);
#9755 = CARTESIAN_POINT('',(1.27,-1.016,0.));
#9756 = VECTOR('',#9757,1.);
#9757 = DIRECTION('',(0.,0.,1.));
#9758 = ORIENTED_EDGE('',*,*,#9526,.T.);
#9759 = ORIENTED_EDGE('',*,*,#9719,.F.);
#9760 = ORIENTED_EDGE('',*,*,#9115,.F.);
#9761 = PLANE('',#9762);
#9762 = AXIS2_PLACEMENT_3D('',#9763,#9764,#9765);
#9763 = CARTESIAN_POINT('',(1.27,-1.016,0.));
#9764 = DIRECTION('',(-1.,0.,0.));
#9765 = DIRECTION('',(0.,1.,0.));
#9766 = ADVANCED_FACE('',(#9767),#9778,.F.);
#9767 = FACE_BOUND('',#9768,.F.);
#9768 = EDGE_LOOP('',(#9769,#9770,#9771,#9777));
#9769 = ORIENTED_EDGE('',*,*,#9738,.T.);
#9770 = ORIENTED_EDGE('',*,*,#9318,.T.);
#9771 = ORIENTED_EDGE('',*,*,#9772,.F.);
#9772 = EDGE_CURVE('',#8908,#9319,#9773,.T.);
#9773 = LINE('',#9774,#9775);
#9774 = CARTESIAN_POINT('',(-1.27,-1.524,0.));
#9775 = VECTOR('',#9776,1.);
#9776 = DIRECTION('',(0.,0.,1.));
#9777 = ORIENTED_EDGE('',*,*,#8907,.F.);
#9778 = PLANE('',#9779);
#9779 = AXIS2_PLACEMENT_3D('',#9780,#9781,#9782);
#9780 = CARTESIAN_POINT('',(-1.016,-1.27,0.));
#9781 = DIRECTION('',(0.707106781187,-0.707106781187,0.));
#9782 = DIRECTION('',(-0.707106781187,-0.707106781187,0.));
#9783 = ADVANCED_FACE('',(#9784),#9795,.F.);
#9784 = FACE_BOUND('',#9785,.F.);
#9785 = EDGE_LOOP('',(#9786,#9792,#9793,#9794));
#9786 = ORIENTED_EDGE('',*,*,#9787,.T.);
#9787 = EDGE_CURVE('',#9100,#9511,#9788,.T.);
#9788 = LINE('',#9789,#9790);
#9789 = CARTESIAN_POINT('',(1.016,-1.27,0.));
#9790 = VECTOR('',#9791,1.);
#9791 = DIRECTION('',(0.,0.,1.));
#9792 = ORIENTED_EDGE('',*,*,#9518,.T.);
#9793 = ORIENTED_EDGE('',*,*,#9753,.F.);
#9794 = ORIENTED_EDGE('',*,*,#9107,.F.);
#9795 = PLANE('',#9796);
#9796 = AXIS2_PLACEMENT_3D('',#9797,#9798,#9799);
#9797 = CARTESIAN_POINT('',(1.016,-1.27,0.));
#9798 = DIRECTION('',(-0.707106781187,0.707106781187,0.));
#9799 = DIRECTION('',(0.707106781187,0.707106781187,0.));
#9800 = ADVANCED_FACE('',(#9801),#9812,.F.);
#9801 = FACE_BOUND('',#9802,.F.);
#9802 = EDGE_LOOP('',(#9803,#9804,#9805,#9811));
#9803 = ORIENTED_EDGE('',*,*,#9772,.T.);
#9804 = ORIENTED_EDGE('',*,*,#9326,.T.);
#9805 = ORIENTED_EDGE('',*,*,#9806,.F.);
#9806 = EDGE_CURVE('',#8916,#9327,#9807,.T.);
#9807 = LINE('',#9808,#9809);
#9808 = CARTESIAN_POINT('',(-1.27,-3.556,0.));
#9809 = VECTOR('',#9810,1.);
#9810 = DIRECTION('',(0.,0.,1.));
#9811 = ORIENTED_EDGE('',*,*,#8915,.F.);
#9812 = PLANE('',#9813);
#9813 = AXIS2_PLACEMENT_3D('',#9814,#9815,#9816);
#9814 = CARTESIAN_POINT('',(-1.27,-1.524,0.));
#9815 = DIRECTION('',(1.,0.,0.));
#9816 = DIRECTION('',(0.,-1.,0.));
#9817 = ADVANCED_FACE('',(#9818),#9829,.F.);
#9818 = FACE_BOUND('',#9819,.F.);
#9819 = EDGE_LOOP('',(#9820,#9826,#9827,#9828));
#9820 = ORIENTED_EDGE('',*,*,#9821,.T.);
#9821 = EDGE_CURVE('',#9092,#9503,#9822,.T.);
#9822 = LINE('',#9823,#9824);
#9823 = CARTESIAN_POINT('',(1.27,-1.524,0.));
#9824 = VECTOR('',#9825,1.);
#9825 = DIRECTION('',(0.,0.,1.));
#9826 = ORIENTED_EDGE('',*,*,#9510,.T.);
#9827 = ORIENTED_EDGE('',*,*,#9787,.F.);
#9828 = ORIENTED_EDGE('',*,*,#9099,.F.);
#9829 = PLANE('',#9830);
#9830 = AXIS2_PLACEMENT_3D('',#9831,#9832,#9833);
#9831 = CARTESIAN_POINT('',(1.27,-1.524,0.));
#9832 = DIRECTION('',(-0.707106781187,-0.707106781187,0.));
#9833 = DIRECTION('',(-0.707106781187,0.707106781187,0.));
#9834 = ADVANCED_FACE('',(#9835),#9846,.F.);
#9835 = FACE_BOUND('',#9836,.F.);
#9836 = EDGE_LOOP('',(#9837,#9838,#9839,#9845));
#9837 = ORIENTED_EDGE('',*,*,#9806,.T.);
#9838 = ORIENTED_EDGE('',*,*,#9334,.T.);
#9839 = ORIENTED_EDGE('',*,*,#9840,.F.);
#9840 = EDGE_CURVE('',#8924,#9335,#9841,.T.);
#9841 = LINE('',#9842,#9843);
#9842 = CARTESIAN_POINT('',(-1.016,-3.81,0.));
#9843 = VECTOR('',#9844,1.);
#9844 = DIRECTION('',(0.,0.,1.));
#9845 = ORIENTED_EDGE('',*,*,#8923,.F.);
#9846 = PLANE('',#9847);
#9847 = AXIS2_PLACEMENT_3D('',#9848,#9849,#9850);
#9848 = CARTESIAN_POINT('',(-1.27,-3.556,0.));
#9849 = DIRECTION('',(0.707106781187,0.707106781187,0.));
#9850 = DIRECTION('',(0.707106781187,-0.707106781187,0.));
#9851 = ADVANCED_FACE('',(#9852),#9863,.F.);
#9852 = FACE_BOUND('',#9853,.F.);
#9853 = EDGE_LOOP('',(#9854,#9860,#9861,#9862));
#9854 = ORIENTED_EDGE('',*,*,#9855,.T.);
#9855 = EDGE_CURVE('',#9084,#9495,#9856,.T.);
#9856 = LINE('',#9857,#9858);
#9857 = CARTESIAN_POINT('',(1.27,-3.556,0.));
#9858 = VECTOR('',#9859,1.);
#9859 = DIRECTION('',(0.,0.,1.));
#9860 = ORIENTED_EDGE('',*,*,#9502,.T.);
#9861 = ORIENTED_EDGE('',*,*,#9821,.F.);
#9862 = ORIENTED_EDGE('',*,*,#9091,.F.);
#9863 = PLANE('',#9864);
#9864 = AXIS2_PLACEMENT_3D('',#9865,#9866,#9867);
#9865 = CARTESIAN_POINT('',(1.27,-3.556,0.));
#9866 = DIRECTION('',(-1.,0.,0.));
#9867 = DIRECTION('',(0.,1.,0.));
#9868 = ADVANCED_FACE('',(#9869),#9880,.F.);
#9869 = FACE_BOUND('',#9870,.F.);
#9870 = EDGE_LOOP('',(#9871,#9872,#9873,#9879));
#9871 = ORIENTED_EDGE('',*,*,#9840,.T.);
#9872 = ORIENTED_EDGE('',*,*,#9342,.T.);
#9873 = ORIENTED_EDGE('',*,*,#9874,.F.);
#9874 = EDGE_CURVE('',#8932,#9343,#9875,.T.);
#9875 = LINE('',#9876,#9877);
#9876 = CARTESIAN_POINT('',(-1.27,-4.064,0.));
#9877 = VECTOR('',#9878,1.);
#9878 = DIRECTION('',(0.,0.,1.));
#9879 = ORIENTED_EDGE('',*,*,#8931,.F.);
#9880 = PLANE('',#9881);
#9881 = AXIS2_PLACEMENT_3D('',#9882,#9883,#9884);
#9882 = CARTESIAN_POINT('',(-1.016,-3.81,0.));
#9883 = DIRECTION('',(0.707106781187,-0.707106781187,0.));
#9884 = DIRECTION('',(-0.707106781187,-0.707106781187,0.));
#9885 = ADVANCED_FACE('',(#9886),#9897,.F.);
#9886 = FACE_BOUND('',#9887,.F.);
#9887 = EDGE_LOOP('',(#9888,#9894,#9895,#9896));
#9888 = ORIENTED_EDGE('',*,*,#9889,.T.);
#9889 = EDGE_CURVE('',#9076,#9487,#9890,.T.);
#9890 = LINE('',#9891,#9892);
#9891 = CARTESIAN_POINT('',(1.016,-3.81,0.));
#9892 = VECTOR('',#9893,1.);
#9893 = DIRECTION('',(0.,0.,1.));
#9894 = ORIENTED_EDGE('',*,*,#9494,.T.);
#9895 = ORIENTED_EDGE('',*,*,#9855,.F.);
#9896 = ORIENTED_EDGE('',*,*,#9083,.F.);
#9897 = PLANE('',#9898);
#9898 = AXIS2_PLACEMENT_3D('',#9899,#9900,#9901);
#9899 = CARTESIAN_POINT('',(1.016,-3.81,0.));
#9900 = DIRECTION('',(-0.707106781187,0.707106781187,0.));
#9901 = DIRECTION('',(0.707106781187,0.707106781187,0.));
#9902 = ADVANCED_FACE('',(#9903),#9914,.F.);
#9903 = FACE_BOUND('',#9904,.F.);
#9904 = EDGE_LOOP('',(#9905,#9906,#9907,#9913));
#9905 = ORIENTED_EDGE('',*,*,#9874,.T.);
#9906 = ORIENTED_EDGE('',*,*,#9350,.T.);
#9907 = ORIENTED_EDGE('',*,*,#9908,.F.);
#9908 = EDGE_CURVE('',#8940,#9351,#9909,.T.);
#9909 = LINE('',#9910,#9911);
#9910 = CARTESIAN_POINT('',(-1.27,-6.096,0.));
#9911 = VECTOR('',#9912,1.);
#9912 = DIRECTION('',(0.,0.,1.));
#9913 = ORIENTED_EDGE('',*,*,#8939,.F.);
#9914 = PLANE('',#9915);
#9915 = AXIS2_PLACEMENT_3D('',#9916,#9917,#9918);
#9916 = CARTESIAN_POINT('',(-1.27,-4.064,0.));
#9917 = DIRECTION('',(1.,0.,0.));
#9918 = DIRECTION('',(0.,-1.,0.));
#9919 = ADVANCED_FACE('',(#9920),#9931,.F.);
#9920 = FACE_BOUND('',#9921,.F.);
#9921 = EDGE_LOOP('',(#9922,#9928,#9929,#9930));
#9922 = ORIENTED_EDGE('',*,*,#9923,.T.);
#9923 = EDGE_CURVE('',#9068,#9479,#9924,.T.);
#9924 = LINE('',#9925,#9926);
#9925 = CARTESIAN_POINT('',(1.27,-4.064,0.));
#9926 = VECTOR('',#9927,1.);
#9927 = DIRECTION('',(0.,0.,1.));
#9928 = ORIENTED_EDGE('',*,*,#9486,.T.);
#9929 = ORIENTED_EDGE('',*,*,#9889,.F.);
#9930 = ORIENTED_EDGE('',*,*,#9075,.F.);
#9931 = PLANE('',#9932);
#9932 = AXIS2_PLACEMENT_3D('',#9933,#9934,#9935);
#9933 = CARTESIAN_POINT('',(1.27,-4.064,0.));
#9934 = DIRECTION('',(-0.707106781187,-0.707106781187,0.));
#9935 = DIRECTION('',(-0.707106781187,0.707106781187,0.));
#9936 = ADVANCED_FACE('',(#9937),#9948,.F.);
#9937 = FACE_BOUND('',#9938,.F.);
#9938 = EDGE_LOOP('',(#9939,#9940,#9941,#9947));
#9939 = ORIENTED_EDGE('',*,*,#9908,.T.);
#9940 = ORIENTED_EDGE('',*,*,#9358,.T.);
#9941 = ORIENTED_EDGE('',*,*,#9942,.F.);
#9942 = EDGE_CURVE('',#8948,#9359,#9943,.T.);
#9943 = LINE('',#9944,#9945);
#9944 = CARTESIAN_POINT('',(-1.016,-6.35,0.));
#9945 = VECTOR('',#9946,1.);
#9946 = DIRECTION('',(0.,0.,1.));
#9947 = ORIENTED_EDGE('',*,*,#8947,.F.);
#9948 = PLANE('',#9949);
#9949 = AXIS2_PLACEMENT_3D('',#9950,#9951,#9952);
#9950 = CARTESIAN_POINT('',(-1.27,-6.096,0.));
#9951 = DIRECTION('',(0.707106781187,0.707106781187,0.));
#9952 = DIRECTION('',(0.707106781187,-0.707106781187,0.));
#9953 = ADVANCED_FACE('',(#9954),#9965,.F.);
#9954 = FACE_BOUND('',#9955,.F.);
#9955 = EDGE_LOOP('',(#9956,#9962,#9963,#9964));
#9956 = ORIENTED_EDGE('',*,*,#9957,.T.);
#9957 = EDGE_CURVE('',#9060,#9471,#9958,.T.);
#9958 = LINE('',#9959,#9960);
#9959 = CARTESIAN_POINT('',(1.27,-6.096,0.));
#9960 = VECTOR('',#9961,1.);
#9961 = DIRECTION('',(0.,0.,1.));
#9962 = ORIENTED_EDGE('',*,*,#9478,.T.);
#9963 = ORIENTED_EDGE('',*,*,#9923,.F.);
#9964 = ORIENTED_EDGE('',*,*,#9067,.F.);
#9965 = PLANE('',#9966);
#9966 = AXIS2_PLACEMENT_3D('',#9967,#9968,#9969);
#9967 = CARTESIAN_POINT('',(1.27,-6.096,0.));
#9968 = DIRECTION('',(-1.,0.,0.));
#9969 = DIRECTION('',(0.,1.,0.));
#9970 = ADVANCED_FACE('',(#9971),#9982,.F.);
#9971 = FACE_BOUND('',#9972,.F.);
#9972 = EDGE_LOOP('',(#9973,#9974,#9975,#9981));
#9973 = ORIENTED_EDGE('',*,*,#9942,.T.);
#9974 = ORIENTED_EDGE('',*,*,#9366,.T.);
#9975 = ORIENTED_EDGE('',*,*,#9976,.F.);
#9976 = EDGE_CURVE('',#8956,#9367,#9977,.T.);
#9977 = LINE('',#9978,#9979);
#9978 = CARTESIAN_POINT('',(-1.27,-6.604,0.));
#9979 = VECTOR('',#9980,1.);
#9980 = DIRECTION('',(0.,0.,1.));
#9981 = ORIENTED_EDGE('',*,*,#8955,.F.);
#9982 = PLANE('',#9983);
#9983 = AXIS2_PLACEMENT_3D('',#9984,#9985,#9986);
#9984 = CARTESIAN_POINT('',(-1.016,-6.35,0.));
#9985 = DIRECTION('',(0.707106781187,-0.707106781187,0.));
#9986 = DIRECTION('',(-0.707106781187,-0.707106781187,0.));
#9987 = ADVANCED_FACE('',(#9988),#9999,.F.);
#9988 = FACE_BOUND('',#9989,.F.);
#9989 = EDGE_LOOP('',(#9990,#9996,#9997,#9998));
#9990 = ORIENTED_EDGE('',*,*,#9991,.T.);
#9991 = EDGE_CURVE('',#9052,#9463,#9992,.T.);
#9992 = LINE('',#9993,#9994);
#9993 = CARTESIAN_POINT('',(1.016,-6.35,0.));
#9994 = VECTOR('',#9995,1.);
#9995 = DIRECTION('',(0.,0.,1.));
#9996 = ORIENTED_EDGE('',*,*,#9470,.T.);
#9997 = ORIENTED_EDGE('',*,*,#9957,.F.);
#9998 = ORIENTED_EDGE('',*,*,#9059,.F.);
#9999 = PLANE('',#10000);
#10000 = AXIS2_PLACEMENT_3D('',#10001,#10002,#10003);
#10001 = CARTESIAN_POINT('',(1.016,-6.35,0.));
#10002 = DIRECTION('',(-0.707106781187,0.707106781187,0.));
#10003 = DIRECTION('',(0.707106781187,0.707106781187,0.));
#10004 = ADVANCED_FACE('',(#10005),#10016,.F.);
#10005 = FACE_BOUND('',#10006,.F.);
#10006 = EDGE_LOOP('',(#10007,#10008,#10009,#10015));
#10007 = ORIENTED_EDGE('',*,*,#9976,.T.);
#10008 = ORIENTED_EDGE('',*,*,#9374,.T.);
#10009 = ORIENTED_EDGE('',*,*,#10010,.F.);
#10010 = EDGE_CURVE('',#8964,#9375,#10011,.T.);
#10011 = LINE('',#10012,#10013);
#10012 = CARTESIAN_POINT('',(-1.27,-8.636,0.));
#10013 = VECTOR('',#10014,1.);
#10014 = DIRECTION('',(0.,0.,1.));
#10015 = ORIENTED_EDGE('',*,*,#8963,.F.);
#10016 = PLANE('',#10017);
#10017 = AXIS2_PLACEMENT_3D('',#10018,#10019,#10020);
#10018 = CARTESIAN_POINT('',(-1.27,-6.604,0.));
#10019 = DIRECTION('',(1.,0.,0.));
#10020 = DIRECTION('',(0.,-1.,0.));
#10021 = ADVANCED_FACE('',(#10022),#10033,.F.);
#10022 = FACE_BOUND('',#10023,.F.);
#10023 = EDGE_LOOP('',(#10024,#10030,#10031,#10032));
#10024 = ORIENTED_EDGE('',*,*,#10025,.T.);
#10025 = EDGE_CURVE('',#9044,#9455,#10026,.T.);
#10026 = LINE('',#10027,#10028);
#10027 = CARTESIAN_POINT('',(1.27,-6.604,0.));
#10028 = VECTOR('',#10029,1.);
#10029 = DIRECTION('',(0.,0.,1.));
#10030 = ORIENTED_EDGE('',*,*,#9462,.T.);
#10031 = ORIENTED_EDGE('',*,*,#9991,.F.);
#10032 = ORIENTED_EDGE('',*,*,#9051,.F.);
#10033 = PLANE('',#10034);
#10034 = AXIS2_PLACEMENT_3D('',#10035,#10036,#10037);
#10035 = CARTESIAN_POINT('',(1.27,-6.604,0.));
#10036 = DIRECTION('',(-0.707106781187,-0.707106781187,0.));
#10037 = DIRECTION('',(-0.707106781187,0.707106781187,0.));
#10038 = ADVANCED_FACE('',(#10039),#10050,.F.);
#10039 = FACE_BOUND('',#10040,.F.);
#10040 = EDGE_LOOP('',(#10041,#10042,#10043,#10049));
#10041 = ORIENTED_EDGE('',*,*,#10010,.T.);
#10042 = ORIENTED_EDGE('',*,*,#9382,.T.);
#10043 = ORIENTED_EDGE('',*,*,#10044,.F.);
#10044 = EDGE_CURVE('',#8972,#9383,#10045,.T.);
#10045 = LINE('',#10046,#10047);
#10046 = CARTESIAN_POINT('',(-1.016,-8.89,0.));
#10047 = VECTOR('',#10048,1.);
#10048 = DIRECTION('',(0.,0.,1.));
#10049 = ORIENTED_EDGE('',*,*,#8971,.F.);
#10050 = PLANE('',#10051);
#10051 = AXIS2_PLACEMENT_3D('',#10052,#10053,#10054);
#10052 = CARTESIAN_POINT('',(-1.27,-8.636,0.));
#10053 = DIRECTION('',(0.707106781187,0.707106781187,0.));
#10054 = DIRECTION('',(0.707106781187,-0.707106781187,0.));
#10055 = ADVANCED_FACE('',(#10056),#10067,.F.);
#10056 = FACE_BOUND('',#10057,.F.);
#10057 = EDGE_LOOP('',(#10058,#10064,#10065,#10066));
#10058 = ORIENTED_EDGE('',*,*,#10059,.T.);
#10059 = EDGE_CURVE('',#9036,#9447,#10060,.T.);
#10060 = LINE('',#10061,#10062);
#10061 = CARTESIAN_POINT('',(1.27,-8.636,0.));
#10062 = VECTOR('',#10063,1.);
#10063 = DIRECTION('',(0.,0.,1.));
#10064 = ORIENTED_EDGE('',*,*,#9454,.T.);
#10065 = ORIENTED_EDGE('',*,*,#10025,.F.);
#10066 = ORIENTED_EDGE('',*,*,#9043,.F.);
#10067 = PLANE('',#10068);
#10068 = AXIS2_PLACEMENT_3D('',#10069,#10070,#10071);
#10069 = CARTESIAN_POINT('',(1.27,-8.636,0.));
#10070 = DIRECTION('',(-1.,0.,0.));
#10071 = DIRECTION('',(0.,1.,0.));
#10072 = ADVANCED_FACE('',(#10073),#10084,.F.);
#10073 = FACE_BOUND('',#10074,.F.);
#10074 = EDGE_LOOP('',(#10075,#10076,#10077,#10083));
#10075 = ORIENTED_EDGE('',*,*,#10044,.T.);
#10076 = ORIENTED_EDGE('',*,*,#9390,.T.);
#10077 = ORIENTED_EDGE('',*,*,#10078,.F.);
#10078 = EDGE_CURVE('',#8980,#9391,#10079,.T.);
#10079 = LINE('',#10080,#10081);
#10080 = CARTESIAN_POINT('',(-1.27,-9.144,0.));
#10081 = VECTOR('',#10082,1.);
#10082 = DIRECTION('',(0.,0.,1.));
#10083 = ORIENTED_EDGE('',*,*,#8979,.F.);
#10084 = PLANE('',#10085);
#10085 = AXIS2_PLACEMENT_3D('',#10086,#10087,#10088);
#10086 = CARTESIAN_POINT('',(-1.016,-8.89,0.));
#10087 = DIRECTION('',(0.707106781187,-0.707106781187,0.));
#10088 = DIRECTION('',(-0.707106781187,-0.707106781187,0.));
#10089 = ADVANCED_FACE('',(#10090),#10101,.F.);
#10090 = FACE_BOUND('',#10091,.F.);
#10091 = EDGE_LOOP('',(#10092,#10098,#10099,#10100));
#10092 = ORIENTED_EDGE('',*,*,#10093,.T.);
#10093 = EDGE_CURVE('',#9028,#9439,#10094,.T.);
#10094 = LINE('',#10095,#10096);
#10095 = CARTESIAN_POINT('',(1.016,-8.89,0.));
#10096 = VECTOR('',#10097,1.);
#10097 = DIRECTION('',(0.,0.,1.));
#10098 = ORIENTED_EDGE('',*,*,#9446,.T.);
#10099 = ORIENTED_EDGE('',*,*,#10059,.F.);
#10100 = ORIENTED_EDGE('',*,*,#9035,.F.);
#10101 = PLANE('',#10102);
#10102 = AXIS2_PLACEMENT_3D('',#10103,#10104,#10105);
#10103 = CARTESIAN_POINT('',(1.016,-8.89,0.));
#10104 = DIRECTION('',(-0.707106781187,0.707106781187,0.));
#10105 = DIRECTION('',(0.707106781187,0.707106781187,0.));
#10106 = ADVANCED_FACE('',(#10107),#10118,.F.);
#10107 = FACE_BOUND('',#10108,.F.);
#10108 = EDGE_LOOP('',(#10109,#10110,#10111,#10117));
#10109 = ORIENTED_EDGE('',*,*,#10078,.T.);
#10110 = ORIENTED_EDGE('',*,*,#9398,.T.);
#10111 = ORIENTED_EDGE('',*,*,#10112,.F.);
#10112 = EDGE_CURVE('',#8988,#9399,#10113,.T.);
#10113 = LINE('',#10114,#10115);
#10114 = CARTESIAN_POINT('',(-1.27,-11.176,0.));
#10115 = VECTOR('',#10116,1.);
#10116 = DIRECTION('',(0.,0.,1.));
#10117 = ORIENTED_EDGE('',*,*,#8987,.F.);
#10118 = PLANE('',#10119);
#10119 = AXIS2_PLACEMENT_3D('',#10120,#10121,#10122);
#10120 = CARTESIAN_POINT('',(-1.27,-9.144,0.));
#10121 = DIRECTION('',(1.,0.,0.));
#10122 = DIRECTION('',(0.,-1.,0.));
#10123 = ADVANCED_FACE('',(#10124),#10135,.F.);
#10124 = FACE_BOUND('',#10125,.F.);
#10125 = EDGE_LOOP('',(#10126,#10132,#10133,#10134));
#10126 = ORIENTED_EDGE('',*,*,#10127,.T.);
#10127 = EDGE_CURVE('',#9020,#9431,#10128,.T.);
#10128 = LINE('',#10129,#10130);
#10129 = CARTESIAN_POINT('',(1.27,-9.144,0.));
#10130 = VECTOR('',#10131,1.);
#10131 = DIRECTION('',(0.,0.,1.));
#10132 = ORIENTED_EDGE('',*,*,#9438,.T.);
#10133 = ORIENTED_EDGE('',*,*,#10093,.F.);
#10134 = ORIENTED_EDGE('',*,*,#9027,.F.);
#10135 = PLANE('',#10136);
#10136 = AXIS2_PLACEMENT_3D('',#10137,#10138,#10139);
#10137 = CARTESIAN_POINT('',(1.27,-9.144,0.));
#10138 = DIRECTION('',(-0.707106781187,-0.707106781187,0.));
#10139 = DIRECTION('',(-0.707106781187,0.707106781187,0.));
#10140 = ADVANCED_FACE('',(#10141),#10152,.F.);
#10141 = FACE_BOUND('',#10142,.F.);
#10142 = EDGE_LOOP('',(#10143,#10144,#10145,#10151));
#10143 = ORIENTED_EDGE('',*,*,#10112,.T.);
#10144 = ORIENTED_EDGE('',*,*,#9406,.T.);
#10145 = ORIENTED_EDGE('',*,*,#10146,.F.);
#10146 = EDGE_CURVE('',#8996,#9407,#10147,.T.);
#10147 = LINE('',#10148,#10149);
#10148 = CARTESIAN_POINT('',(-1.016,-11.43,0.));
#10149 = VECTOR('',#10150,1.);
#10150 = DIRECTION('',(0.,0.,1.));
#10151 = ORIENTED_EDGE('',*,*,#8995,.F.);
#10152 = PLANE('',#10153);
#10153 = AXIS2_PLACEMENT_3D('',#10154,#10155,#10156);
#10154 = CARTESIAN_POINT('',(-1.27,-11.176,0.));
#10155 = DIRECTION('',(0.707106781187,0.707106781187,0.));
#10156 = DIRECTION('',(0.707106781187,-0.707106781187,0.));
#10157 = ADVANCED_FACE('',(#10158),#10169,.F.);
#10158 = FACE_BOUND('',#10159,.F.);
#10159 = EDGE_LOOP('',(#10160,#10166,#10167,#10168));
#10160 = ORIENTED_EDGE('',*,*,#10161,.T.);
#10161 = EDGE_CURVE('',#9012,#9423,#10162,.T.);
#10162 = LINE('',#10163,#10164);
#10163 = CARTESIAN_POINT('',(1.27,-11.176,0.));
#10164 = VECTOR('',#10165,1.);
#10165 = DIRECTION('',(0.,0.,1.));
#10166 = ORIENTED_EDGE('',*,*,#9430,.T.);
#10167 = ORIENTED_EDGE('',*,*,#10127,.F.);
#10168 = ORIENTED_EDGE('',*,*,#9019,.F.);
#10169 = PLANE('',#10170);
#10170 = AXIS2_PLACEMENT_3D('',#10171,#10172,#10173);
#10171 = CARTESIAN_POINT('',(1.27,-11.176,0.));
#10172 = DIRECTION('',(-1.,0.,0.));
#10173 = DIRECTION('',(0.,1.,0.));
#10174 = ADVANCED_FACE('',(#10175),#10186,.F.);
#10175 = FACE_BOUND('',#10176,.F.);
#10176 = EDGE_LOOP('',(#10177,#10178,#10179,#10185));
#10177 = ORIENTED_EDGE('',*,*,#10146,.T.);
#10178 = ORIENTED_EDGE('',*,*,#9414,.T.);
#10179 = ORIENTED_EDGE('',*,*,#10180,.F.);
#10180 = EDGE_CURVE('',#9004,#9415,#10181,.T.);
#10181 = LINE('',#10182,#10183);
#10182 = CARTESIAN_POINT('',(1.016,-11.43,0.));
#10183 = VECTOR('',#10184,1.);
#10184 = DIRECTION('',(0.,0.,1.));
#10185 = ORIENTED_EDGE('',*,*,#9003,.F.);
#10186 = PLANE('',#10187);
#10187 = AXIS2_PLACEMENT_3D('',#10188,#10189,#10190);
#10188 = CARTESIAN_POINT('',(-1.016,-11.43,0.));
#10189 = DIRECTION('',(0.,1.,0.));
#10190 = DIRECTION('',(1.,0.,0.));
#10191 = ADVANCED_FACE('',(#10192),#10198,.F.);
#10192 = FACE_BOUND('',#10193,.F.);
#10193 = EDGE_LOOP('',(#10194,#10195,#10196,#10197));
#10194 = ORIENTED_EDGE('',*,*,#10180,.T.);
#10195 = ORIENTED_EDGE('',*,*,#9422,.T.);
#10196 = ORIENTED_EDGE('',*,*,#10161,.F.);
#10197 = ORIENTED_EDGE('',*,*,#9011,.F.);
#10198 = PLANE('',#10199);
#10199 = AXIS2_PLACEMENT_3D('',#10200,#10201,#10202);
#10200 = CARTESIAN_POINT('',(1.016,-11.43,0.));
#10201 = DIRECTION('',(-0.707106781187,0.707106781187,0.));
#10202 = DIRECTION('',(0.707106781187,0.707106781187,0.));
#10203 = ADVANCED_FACE('',(#10204),#10229,.T.);
#10204 = FACE_BOUND('',#10205,.T.);
#10205 = EDGE_LOOP('',(#10206,#10214,#10222,#10228));
#10206 = ORIENTED_EDGE('',*,*,#10207,.F.);
#10207 = EDGE_CURVE('',#10208,#9133,#10210,.T.);
#10208 = VERTEX_POINT('',#10209);
#10209 = CARTESIAN_POINT('',(0.32,-0.32,-2.84));
#10210 = LINE('',#10211,#10212);
#10211 = CARTESIAN_POINT('',(0.32,-0.32,-3.));
#10212 = VECTOR('',#10213,1.);
#10213 = DIRECTION('',(0.,0.,1.));
#10214 = ORIENTED_EDGE('',*,*,#10215,.T.);
#10215 = EDGE_CURVE('',#10208,#10216,#10218,.T.);
#10216 = VERTEX_POINT('',#10217);
#10217 = CARTESIAN_POINT('',(0.32,0.32,-2.84));
#10218 = LINE('',#10219,#10220);
#10219 = CARTESIAN_POINT('',(0.32,-0.32,-2.84));
#10220 = VECTOR('',#10221,1.);
#10221 = DIRECTION('',(0.,1.,0.));
#10222 = ORIENTED_EDGE('',*,*,#10223,.T.);
#10223 = EDGE_CURVE('',#10216,#9135,#10224,.T.);
#10224 = LINE('',#10225,#10226);
#10225 = CARTESIAN_POINT('',(0.32,0.32,-3.));
#10226 = VECTOR('',#10227,1.);
#10227 = DIRECTION('',(0.,0.,1.));
#10228 = ORIENTED_EDGE('',*,*,#9132,.F.);
#10229 = PLANE('',#10230);
#10230 = AXIS2_PLACEMENT_3D('',#10231,#10232,#10233);
#10231 = CARTESIAN_POINT('',(0.32,-0.32,-3.));
#10232 = DIRECTION('',(1.,0.,0.));
#10233 = DIRECTION('',(0.,0.,1.));
#10234 = ADVANCED_FACE('',(#10235),#10253,.T.);
#10235 = FACE_BOUND('',#10236,.T.);
#10236 = EDGE_LOOP('',(#10237,#10238,#10246,#10252));
#10237 = ORIENTED_EDGE('',*,*,#10223,.F.);
#10238 = ORIENTED_EDGE('',*,*,#10239,.F.);
#10239 = EDGE_CURVE('',#10240,#10216,#10242,.T.);
#10240 = VERTEX_POINT('',#10241);
#10241 = CARTESIAN_POINT('',(-0.32,0.32,-2.84));
#10242 = LINE('',#10243,#10244);
#10243 = CARTESIAN_POINT('',(-0.32,0.32,-2.84));
#10244 = VECTOR('',#10245,1.);
#10245 = DIRECTION('',(1.,0.,0.));
#10246 = ORIENTED_EDGE('',*,*,#10247,.T.);
#10247 = EDGE_CURVE('',#10240,#9151,#10248,.T.);
#10248 = LINE('',#10249,#10250);
#10249 = CARTESIAN_POINT('',(-0.32,0.32,-3.));
#10250 = VECTOR('',#10251,1.);
#10251 = DIRECTION('',(0.,0.,1.));
#10252 = ORIENTED_EDGE('',*,*,#9158,.F.);
#10253 = PLANE('',#10254);
#10254 = AXIS2_PLACEMENT_3D('',#10255,#10256,#10257);
#10255 = CARTESIAN_POINT('',(-0.32,0.32,-3.));
#10256 = DIRECTION('',(0.,1.,0.));
#10257 = DIRECTION('',(0.,-0.,1.));
#10258 = ADVANCED_FACE('',(#10259),#10277,.F.);
#10259 = FACE_BOUND('',#10260,.F.);
#10260 = EDGE_LOOP('',(#10261,#10269,#10275,#10276));
#10261 = ORIENTED_EDGE('',*,*,#10262,.F.);
#10262 = EDGE_CURVE('',#10263,#9143,#10265,.T.);
#10263 = VERTEX_POINT('',#10264);
#10264 = CARTESIAN_POINT('',(-0.32,-0.32,-2.84));
#10265 = LINE('',#10266,#10267);
#10266 = CARTESIAN_POINT('',(-0.32,-0.32,-3.));
#10267 = VECTOR('',#10268,1.);
#10268 = DIRECTION('',(0.,0.,1.));
#10269 = ORIENTED_EDGE('',*,*,#10270,.T.);
#10270 = EDGE_CURVE('',#10263,#10240,#10271,.T.);
#10271 = LINE('',#10272,#10273);
#10272 = CARTESIAN_POINT('',(-0.32,-0.32,-2.84));
#10273 = VECTOR('',#10274,1.);
#10274 = DIRECTION('',(0.,1.,0.));
#10275 = ORIENTED_EDGE('',*,*,#10247,.T.);
#10276 = ORIENTED_EDGE('',*,*,#9150,.F.);
#10277 = PLANE('',#10278);
#10278 = AXIS2_PLACEMENT_3D('',#10279,#10280,#10281);
#10279 = CARTESIAN_POINT('',(-0.32,-0.32,-3.));
#10280 = DIRECTION('',(1.,0.,0.));
#10281 = DIRECTION('',(0.,0.,1.));
#10282 = ADVANCED_FACE('',(#10283),#10294,.F.);
#10283 = FACE_BOUND('',#10284,.F.);
#10284 = EDGE_LOOP('',(#10285,#10286,#10292,#10293));
#10285 = ORIENTED_EDGE('',*,*,#10207,.F.);
#10286 = ORIENTED_EDGE('',*,*,#10287,.F.);
#10287 = EDGE_CURVE('',#10263,#10208,#10288,.T.);
#10288 = LINE('',#10289,#10290);
#10289 = CARTESIAN_POINT('',(-0.32,-0.32,-2.84));
#10290 = VECTOR('',#10291,1.);
#10291 = DIRECTION('',(1.,0.,0.));
#10292 = ORIENTED_EDGE('',*,*,#10262,.T.);
#10293 = ORIENTED_EDGE('',*,*,#9142,.F.);
#10294 = PLANE('',#10295);
#10295 = AXIS2_PLACEMENT_3D('',#10296,#10297,#10298);
#10296 = CARTESIAN_POINT('',(-0.32,-0.32,-3.));
#10297 = DIRECTION('',(0.,1.,0.));
#10298 = DIRECTION('',(0.,-0.,1.));
#10299 = ADVANCED_FACE('',(#10300),#10325,.T.);
#10300 = FACE_BOUND('',#10301,.T.);
#10301 = EDGE_LOOP('',(#10302,#10310,#10318,#10324));
#10302 = ORIENTED_EDGE('',*,*,#10303,.F.);
#10303 = EDGE_CURVE('',#10304,#9167,#10306,.T.);
#10304 = VERTEX_POINT('',#10305);
#10305 = CARTESIAN_POINT('',(0.32,-2.22,-2.84));
#10306 = LINE('',#10307,#10308);
#10307 = CARTESIAN_POINT('',(0.32,-2.22,-3.));
#10308 = VECTOR('',#10309,1.);
#10309 = DIRECTION('',(0.,0.,1.));
#10310 = ORIENTED_EDGE('',*,*,#10311,.F.);
#10311 = EDGE_CURVE('',#10312,#10304,#10314,.T.);
#10312 = VERTEX_POINT('',#10313);
#10313 = CARTESIAN_POINT('',(-0.32,-2.22,-2.84));
#10314 = LINE('',#10315,#10316);
#10315 = CARTESIAN_POINT('',(-0.32,-2.22,-2.84));
#10316 = VECTOR('',#10317,1.);
#10317 = DIRECTION('',(1.,0.,0.));
#10318 = ORIENTED_EDGE('',*,*,#10319,.T.);
#10319 = EDGE_CURVE('',#10312,#9169,#10320,.T.);
#10320 = LINE('',#10321,#10322);
#10321 = CARTESIAN_POINT('',(-0.32,-2.22,-3.));
#10322 = VECTOR('',#10323,1.);
#10323 = DIRECTION('',(0.,0.,1.));
#10324 = ORIENTED_EDGE('',*,*,#9166,.F.);
#10325 = PLANE('',#10326);
#10326 = AXIS2_PLACEMENT_3D('',#10327,#10328,#10329);
#10327 = CARTESIAN_POINT('',(-0.32,-2.22,-3.));
#10328 = DIRECTION('',(0.,1.,0.));
#10329 = DIRECTION('',(0.,-0.,1.));
#10330 = ADVANCED_FACE('',(#10331),#10349,.F.);
#10331 = FACE_BOUND('',#10332,.F.);
#10332 = EDGE_LOOP('',(#10333,#10341,#10347,#10348));
#10333 = ORIENTED_EDGE('',*,*,#10334,.F.);
#10334 = EDGE_CURVE('',#10335,#9185,#10337,.T.);
#10335 = VERTEX_POINT('',#10336);
#10336 = CARTESIAN_POINT('',(-0.32,-2.86,-2.84));
#10337 = LINE('',#10338,#10339);
#10338 = CARTESIAN_POINT('',(-0.32,-2.86,-3.));
#10339 = VECTOR('',#10340,1.);
#10340 = DIRECTION('',(0.,0.,1.));
#10341 = ORIENTED_EDGE('',*,*,#10342,.T.);
#10342 = EDGE_CURVE('',#10335,#10312,#10343,.T.);
#10343 = LINE('',#10344,#10345);
#10344 = CARTESIAN_POINT('',(-0.32,-2.86,-2.84));
#10345 = VECTOR('',#10346,1.);
#10346 = DIRECTION('',(0.,1.,0.));
#10347 = ORIENTED_EDGE('',*,*,#10319,.T.);
#10348 = ORIENTED_EDGE('',*,*,#9192,.F.);
#10349 = PLANE('',#10350);
#10350 = AXIS2_PLACEMENT_3D('',#10351,#10352,#10353);
#10351 = CARTESIAN_POINT('',(-0.32,-2.86,-3.));
#10352 = DIRECTION('',(1.,0.,0.));
#10353 = DIRECTION('',(0.,0.,1.));
#10354 = ADVANCED_FACE('',(#10355),#10373,.F.);
#10355 = FACE_BOUND('',#10356,.F.);
#10356 = EDGE_LOOP('',(#10357,#10365,#10371,#10372));
#10357 = ORIENTED_EDGE('',*,*,#10358,.F.);
#10358 = EDGE_CURVE('',#10359,#9177,#10361,.T.);
#10359 = VERTEX_POINT('',#10360);
#10360 = CARTESIAN_POINT('',(0.32,-2.86,-2.84));
#10361 = LINE('',#10362,#10363);
#10362 = CARTESIAN_POINT('',(0.32,-2.86,-3.));
#10363 = VECTOR('',#10364,1.);
#10364 = DIRECTION('',(0.,0.,1.));
#10365 = ORIENTED_EDGE('',*,*,#10366,.F.);
#10366 = EDGE_CURVE('',#10335,#10359,#10367,.T.);
#10367 = LINE('',#10368,#10369);
#10368 = CARTESIAN_POINT('',(-0.32,-2.86,-2.84));
#10369 = VECTOR('',#10370,1.);
#10370 = DIRECTION('',(1.,0.,0.));
#10371 = ORIENTED_EDGE('',*,*,#10334,.T.);
#10372 = ORIENTED_EDGE('',*,*,#9184,.F.);
#10373 = PLANE('',#10374);
#10374 = AXIS2_PLACEMENT_3D('',#10375,#10376,#10377);
#10375 = CARTESIAN_POINT('',(-0.32,-2.86,-3.));
#10376 = DIRECTION('',(0.,1.,0.));
#10377 = DIRECTION('',(0.,-0.,1.));
#10378 = ADVANCED_FACE('',(#10379),#10390,.T.);
#10379 = FACE_BOUND('',#10380,.T.);
#10380 = EDGE_LOOP('',(#10381,#10382,#10388,#10389));
#10381 = ORIENTED_EDGE('',*,*,#10358,.F.);
#10382 = ORIENTED_EDGE('',*,*,#10383,.T.);
#10383 = EDGE_CURVE('',#10359,#10304,#10384,.T.);
#10384 = LINE('',#10385,#10386);
#10385 = CARTESIAN_POINT('',(0.32,-2.86,-2.84));
#10386 = VECTOR('',#10387,1.);
#10387 = DIRECTION('',(0.,1.,0.));
#10388 = ORIENTED_EDGE('',*,*,#10303,.T.);
#10389 = ORIENTED_EDGE('',*,*,#9176,.F.);
#10390 = PLANE('',#10391);
#10391 = AXIS2_PLACEMENT_3D('',#10392,#10393,#10394);
#10392 = CARTESIAN_POINT('',(0.32,-2.86,-3.));
#10393 = DIRECTION('',(1.,0.,0.));
#10394 = DIRECTION('',(0.,0.,1.));
#10395 = ADVANCED_FACE('',(#10396),#10421,.T.);
#10396 = FACE_BOUND('',#10397,.T.);
#10397 = EDGE_LOOP('',(#10398,#10406,#10414,#10420));
#10398 = ORIENTED_EDGE('',*,*,#10399,.F.);
#10399 = EDGE_CURVE('',#10400,#9201,#10402,.T.);
#10400 = VERTEX_POINT('',#10401);
#10401 = CARTESIAN_POINT('',(0.32,-4.76,-2.84));
#10402 = LINE('',#10403,#10404);
#10403 = CARTESIAN_POINT('',(0.32,-4.76,-3.));
#10404 = VECTOR('',#10405,1.);
#10405 = DIRECTION('',(0.,0.,1.));
#10406 = ORIENTED_EDGE('',*,*,#10407,.F.);
#10407 = EDGE_CURVE('',#10408,#10400,#10410,.T.);
#10408 = VERTEX_POINT('',#10409);
#10409 = CARTESIAN_POINT('',(-0.32,-4.76,-2.84));
#10410 = LINE('',#10411,#10412);
#10411 = CARTESIAN_POINT('',(-0.32,-4.76,-2.84));
#10412 = VECTOR('',#10413,1.);
#10413 = DIRECTION('',(1.,0.,0.));
#10414 = ORIENTED_EDGE('',*,*,#10415,.T.);
#10415 = EDGE_CURVE('',#10408,#9203,#10416,.T.);
#10416 = LINE('',#10417,#10418);
#10417 = CARTESIAN_POINT('',(-0.32,-4.76,-3.));
#10418 = VECTOR('',#10419,1.);
#10419 = DIRECTION('',(0.,0.,1.));
#10420 = ORIENTED_EDGE('',*,*,#9200,.F.);
#10421 = PLANE('',#10422);
#10422 = AXIS2_PLACEMENT_3D('',#10423,#10424,#10425);
#10423 = CARTESIAN_POINT('',(-0.32,-4.76,-3.));
#10424 = DIRECTION('',(0.,1.,0.));
#10425 = DIRECTION('',(0.,-0.,1.));
#10426 = ADVANCED_FACE('',(#10427),#10445,.F.);
#10427 = FACE_BOUND('',#10428,.F.);
#10428 = EDGE_LOOP('',(#10429,#10437,#10443,#10444));
#10429 = ORIENTED_EDGE('',*,*,#10430,.F.);
#10430 = EDGE_CURVE('',#10431,#9219,#10433,.T.);
#10431 = VERTEX_POINT('',#10432);
#10432 = CARTESIAN_POINT('',(-0.32,-5.4,-2.84));
#10433 = LINE('',#10434,#10435);
#10434 = CARTESIAN_POINT('',(-0.32,-5.4,-3.));
#10435 = VECTOR('',#10436,1.);
#10436 = DIRECTION('',(0.,0.,1.));
#10437 = ORIENTED_EDGE('',*,*,#10438,.T.);
#10438 = EDGE_CURVE('',#10431,#10408,#10439,.T.);
#10439 = LINE('',#10440,#10441);
#10440 = CARTESIAN_POINT('',(-0.32,-5.4,-2.84));
#10441 = VECTOR('',#10442,1.);
#10442 = DIRECTION('',(0.,1.,0.));
#10443 = ORIENTED_EDGE('',*,*,#10415,.T.);
#10444 = ORIENTED_EDGE('',*,*,#9226,.F.);
#10445 = PLANE('',#10446);
#10446 = AXIS2_PLACEMENT_3D('',#10447,#10448,#10449);
#10447 = CARTESIAN_POINT('',(-0.32,-5.4,-3.));
#10448 = DIRECTION('',(1.,0.,0.));
#10449 = DIRECTION('',(0.,0.,1.));
#10450 = ADVANCED_FACE('',(#10451),#10469,.F.);
#10451 = FACE_BOUND('',#10452,.F.);
#10452 = EDGE_LOOP('',(#10453,#10461,#10467,#10468));
#10453 = ORIENTED_EDGE('',*,*,#10454,.F.);
#10454 = EDGE_CURVE('',#10455,#9211,#10457,.T.);
#10455 = VERTEX_POINT('',#10456);
#10456 = CARTESIAN_POINT('',(0.32,-5.4,-2.84));
#10457 = LINE('',#10458,#10459);
#10458 = CARTESIAN_POINT('',(0.32,-5.4,-3.));
#10459 = VECTOR('',#10460,1.);
#10460 = DIRECTION('',(0.,0.,1.));
#10461 = ORIENTED_EDGE('',*,*,#10462,.F.);
#10462 = EDGE_CURVE('',#10431,#10455,#10463,.T.);
#10463 = LINE('',#10464,#10465);
#10464 = CARTESIAN_POINT('',(-0.32,-5.4,-2.84));
#10465 = VECTOR('',#10466,1.);
#10466 = DIRECTION('',(1.,0.,0.));
#10467 = ORIENTED_EDGE('',*,*,#10430,.T.);
#10468 = ORIENTED_EDGE('',*,*,#9218,.F.);
#10469 = PLANE('',#10470);
#10470 = AXIS2_PLACEMENT_3D('',#10471,#10472,#10473);
#10471 = CARTESIAN_POINT('',(-0.32,-5.4,-3.));
#10472 = DIRECTION('',(0.,1.,0.));
#10473 = DIRECTION('',(0.,-0.,1.));
#10474 = ADVANCED_FACE('',(#10475),#10486,.T.);
#10475 = FACE_BOUND('',#10476,.T.);
#10476 = EDGE_LOOP('',(#10477,#10478,#10484,#10485));
#10477 = ORIENTED_EDGE('',*,*,#10454,.F.);
#10478 = ORIENTED_EDGE('',*,*,#10479,.T.);
#10479 = EDGE_CURVE('',#10455,#10400,#10480,.T.);
#10480 = LINE('',#10481,#10482);
#10481 = CARTESIAN_POINT('',(0.32,-5.4,-2.84));
#10482 = VECTOR('',#10483,1.);
#10483 = DIRECTION('',(0.,1.,0.));
#10484 = ORIENTED_EDGE('',*,*,#10399,.T.);
#10485 = ORIENTED_EDGE('',*,*,#9210,.F.);
#10486 = PLANE('',#10487);
#10487 = AXIS2_PLACEMENT_3D('',#10488,#10489,#10490);
#10488 = CARTESIAN_POINT('',(0.32,-5.4,-3.));
#10489 = DIRECTION('',(1.,0.,0.));
#10490 = DIRECTION('',(0.,0.,1.));
#10491 = ADVANCED_FACE('',(#10492),#10517,.T.);
#10492 = FACE_BOUND('',#10493,.T.);
#10493 = EDGE_LOOP('',(#10494,#10502,#10510,#10516));
#10494 = ORIENTED_EDGE('',*,*,#10495,.F.);
#10495 = EDGE_CURVE('',#10496,#9235,#10498,.T.);
#10496 = VERTEX_POINT('',#10497);
#10497 = CARTESIAN_POINT('',(0.32,-9.84,-2.84));
#10498 = LINE('',#10499,#10500);
#10499 = CARTESIAN_POINT('',(0.32,-9.84,-3.));
#10500 = VECTOR('',#10501,1.);
#10501 = DIRECTION('',(0.,0.,1.));
#10502 = ORIENTED_EDGE('',*,*,#10503,.F.);
#10503 = EDGE_CURVE('',#10504,#10496,#10506,.T.);
#10504 = VERTEX_POINT('',#10505);
#10505 = CARTESIAN_POINT('',(-0.32,-9.84,-2.84));
#10506 = LINE('',#10507,#10508);
#10507 = CARTESIAN_POINT('',(-0.32,-9.84,-2.84));
#10508 = VECTOR('',#10509,1.);
#10509 = DIRECTION('',(1.,0.,0.));
#10510 = ORIENTED_EDGE('',*,*,#10511,.T.);
#10511 = EDGE_CURVE('',#10504,#9237,#10512,.T.);
#10512 = LINE('',#10513,#10514);
#10513 = CARTESIAN_POINT('',(-0.32,-9.84,-3.));
#10514 = VECTOR('',#10515,1.);
#10515 = DIRECTION('',(0.,0.,1.));
#10516 = ORIENTED_EDGE('',*,*,#9234,.F.);
#10517 = PLANE('',#10518);
#10518 = AXIS2_PLACEMENT_3D('',#10519,#10520,#10521);
#10519 = CARTESIAN_POINT('',(-0.32,-9.84,-3.));
#10520 = DIRECTION('',(0.,1.,0.));
#10521 = DIRECTION('',(0.,-0.,1.));
#10522 = ADVANCED_FACE('',(#10523),#10541,.F.);
#10523 = FACE_BOUND('',#10524,.F.);
#10524 = EDGE_LOOP('',(#10525,#10533,#10539,#10540));
#10525 = ORIENTED_EDGE('',*,*,#10526,.F.);
#10526 = EDGE_CURVE('',#10527,#9253,#10529,.T.);
#10527 = VERTEX_POINT('',#10528);
#10528 = CARTESIAN_POINT('',(-0.32,-10.48,-2.84));
#10529 = LINE('',#10530,#10531);
#10530 = CARTESIAN_POINT('',(-0.32,-10.48,-3.));
#10531 = VECTOR('',#10532,1.);
#10532 = DIRECTION('',(0.,0.,1.));
#10533 = ORIENTED_EDGE('',*,*,#10534,.T.);
#10534 = EDGE_CURVE('',#10527,#10504,#10535,.T.);
#10535 = LINE('',#10536,#10537);
#10536 = CARTESIAN_POINT('',(-0.32,-10.48,-2.84));
#10537 = VECTOR('',#10538,1.);
#10538 = DIRECTION('',(0.,1.,0.));
#10539 = ORIENTED_EDGE('',*,*,#10511,.T.);
#10540 = ORIENTED_EDGE('',*,*,#9260,.F.);
#10541 = PLANE('',#10542);
#10542 = AXIS2_PLACEMENT_3D('',#10543,#10544,#10545);
#10543 = CARTESIAN_POINT('',(-0.32,-10.48,-3.));
#10544 = DIRECTION('',(1.,0.,0.));
#10545 = DIRECTION('',(0.,0.,1.));
#10546 = ADVANCED_FACE('',(#10547),#10565,.F.);
#10547 = FACE_BOUND('',#10548,.F.);
#10548 = EDGE_LOOP('',(#10549,#10557,#10563,#10564));
#10549 = ORIENTED_EDGE('',*,*,#10550,.F.);
#10550 = EDGE_CURVE('',#10551,#9245,#10553,.T.);
#10551 = VERTEX_POINT('',#10552);
#10552 = CARTESIAN_POINT('',(0.32,-10.48,-2.84));
#10553 = LINE('',#10554,#10555);
#10554 = CARTESIAN_POINT('',(0.32,-10.48,-3.));
#10555 = VECTOR('',#10556,1.);
#10556 = DIRECTION('',(0.,0.,1.));
#10557 = ORIENTED_EDGE('',*,*,#10558,.F.);
#10558 = EDGE_CURVE('',#10527,#10551,#10559,.T.);
#10559 = LINE('',#10560,#10561);
#10560 = CARTESIAN_POINT('',(-0.32,-10.48,-2.84));
#10561 = VECTOR('',#10562,1.);
#10562 = DIRECTION('',(1.,0.,0.));
#10563 = ORIENTED_EDGE('',*,*,#10526,.T.);
#10564 = ORIENTED_EDGE('',*,*,#9252,.F.);
#10565 = PLANE('',#10566);
#10566 = AXIS2_PLACEMENT_3D('',#10567,#10568,#10569);
#10567 = CARTESIAN_POINT('',(-0.32,-10.48,-3.));
#10568 = DIRECTION('',(0.,1.,0.));
#10569 = DIRECTION('',(0.,-0.,1.));
#10570 = ADVANCED_FACE('',(#10571),#10582,.T.);
#10571 = FACE_BOUND('',#10572,.T.);
#10572 = EDGE_LOOP('',(#10573,#10574,#10580,#10581));
#10573 = ORIENTED_EDGE('',*,*,#10550,.F.);
#10574 = ORIENTED_EDGE('',*,*,#10575,.T.);
#10575 = EDGE_CURVE('',#10551,#10496,#10576,.T.);
#10576 = LINE('',#10577,#10578);
#10577 = CARTESIAN_POINT('',(0.32,-10.48,-2.84));
#10578 = VECTOR('',#10579,1.);
#10579 = DIRECTION('',(0.,1.,0.));
#10580 = ORIENTED_EDGE('',*,*,#10495,.T.);
#10581 = ORIENTED_EDGE('',*,*,#9244,.F.);
#10582 = PLANE('',#10583);
#10583 = AXIS2_PLACEMENT_3D('',#10584,#10585,#10586);
#10584 = CARTESIAN_POINT('',(0.32,-10.48,-3.));
#10585 = DIRECTION('',(1.,0.,0.));
#10586 = DIRECTION('',(0.,0.,1.));
#10587 = ADVANCED_FACE('',(#10588),#10613,.F.);
#10588 = FACE_BOUND('',#10589,.F.);
#10589 = EDGE_LOOP('',(#10590,#10598,#10606,#10612));
#10590 = ORIENTED_EDGE('',*,*,#10591,.F.);
#10591 = EDGE_CURVE('',#10592,#9269,#10594,.T.);
#10592 = VERTEX_POINT('',#10593);
#10593 = CARTESIAN_POINT('',(0.32,-7.94,-2.84));
#10594 = LINE('',#10595,#10596);
#10595 = CARTESIAN_POINT('',(0.32,-7.94,-3.));
#10596 = VECTOR('',#10597,1.);
#10597 = DIRECTION('',(0.,0.,1.));
#10598 = ORIENTED_EDGE('',*,*,#10599,.F.);
#10599 = EDGE_CURVE('',#10600,#10592,#10602,.T.);
#10600 = VERTEX_POINT('',#10601);
#10601 = CARTESIAN_POINT('',(-0.32,-7.94,-2.84));
#10602 = LINE('',#10603,#10604);
#10603 = CARTESIAN_POINT('',(-0.32,-7.94,-2.84));
#10604 = VECTOR('',#10605,1.);
#10605 = DIRECTION('',(1.,0.,0.));
#10606 = ORIENTED_EDGE('',*,*,#10607,.T.);
#10607 = EDGE_CURVE('',#10600,#9271,#10608,.T.);
#10608 = LINE('',#10609,#10610);
#10609 = CARTESIAN_POINT('',(-0.32,-7.94,-3.));
#10610 = VECTOR('',#10611,1.);
#10611 = DIRECTION('',(0.,0.,1.));
#10612 = ORIENTED_EDGE('',*,*,#9268,.F.);
#10613 = PLANE('',#10614);
#10614 = AXIS2_PLACEMENT_3D('',#10615,#10616,#10617);
#10615 = CARTESIAN_POINT('',(-0.32,-7.94,-3.));
#10616 = DIRECTION('',(0.,1.,0.));
#10617 = DIRECTION('',(0.,-0.,1.));
#10618 = ADVANCED_FACE('',(#10619),#10637,.T.);
#10619 = FACE_BOUND('',#10620,.T.);
#10620 = EDGE_LOOP('',(#10621,#10622,#10630,#10636));
#10621 = ORIENTED_EDGE('',*,*,#10591,.F.);
#10622 = ORIENTED_EDGE('',*,*,#10623,.T.);
#10623 = EDGE_CURVE('',#10592,#10624,#10626,.T.);
#10624 = VERTEX_POINT('',#10625);
#10625 = CARTESIAN_POINT('',(0.32,-7.3,-2.84));
#10626 = LINE('',#10627,#10628);
#10627 = CARTESIAN_POINT('',(0.32,-7.94,-2.84));
#10628 = VECTOR('',#10629,1.);
#10629 = DIRECTION('',(0.,1.,0.));
#10630 = ORIENTED_EDGE('',*,*,#10631,.T.);
#10631 = EDGE_CURVE('',#10624,#9287,#10632,.T.);
#10632 = LINE('',#10633,#10634);
#10633 = CARTESIAN_POINT('',(0.32,-7.3,-3.));
#10634 = VECTOR('',#10635,1.);
#10635 = DIRECTION('',(0.,0.,1.));
#10636 = ORIENTED_EDGE('',*,*,#9294,.F.);
#10637 = PLANE('',#10638);
#10638 = AXIS2_PLACEMENT_3D('',#10639,#10640,#10641);
#10639 = CARTESIAN_POINT('',(0.32,-7.94,-3.));
#10640 = DIRECTION('',(1.,0.,0.));
#10641 = DIRECTION('',(0.,0.,1.));
#10642 = ADVANCED_FACE('',(#10643),#10661,.T.);
#10643 = FACE_BOUND('',#10644,.T.);
#10644 = EDGE_LOOP('',(#10645,#10646,#10654,#10660));
#10645 = ORIENTED_EDGE('',*,*,#10631,.F.);
#10646 = ORIENTED_EDGE('',*,*,#10647,.F.);
#10647 = EDGE_CURVE('',#10648,#10624,#10650,.T.);
#10648 = VERTEX_POINT('',#10649);
#10649 = CARTESIAN_POINT('',(-0.32,-7.3,-2.84));
#10650 = LINE('',#10651,#10652);
#10651 = CARTESIAN_POINT('',(-0.32,-7.3,-2.84));
#10652 = VECTOR('',#10653,1.);
#10653 = DIRECTION('',(1.,0.,0.));
#10654 = ORIENTED_EDGE('',*,*,#10655,.T.);
#10655 = EDGE_CURVE('',#10648,#9279,#10656,.T.);
#10656 = LINE('',#10657,#10658);
#10657 = CARTESIAN_POINT('',(-0.32,-7.3,-3.));
#10658 = VECTOR('',#10659,1.);
#10659 = DIRECTION('',(0.,0.,1.));
#10660 = ORIENTED_EDGE('',*,*,#9286,.F.);
#10661 = PLANE('',#10662);
#10662 = AXIS2_PLACEMENT_3D('',#10663,#10664,#10665);
#10663 = CARTESIAN_POINT('',(-0.32,-7.3,-3.));
#10664 = DIRECTION('',(0.,1.,0.));
#10665 = DIRECTION('',(0.,-0.,1.));
#10666 = ADVANCED_FACE('',(#10667),#10678,.F.);
#10667 = FACE_BOUND('',#10668,.F.);
#10668 = EDGE_LOOP('',(#10669,#10670,#10676,#10677));
#10669 = ORIENTED_EDGE('',*,*,#10607,.F.);
#10670 = ORIENTED_EDGE('',*,*,#10671,.T.);
#10671 = EDGE_CURVE('',#10600,#10648,#10672,.T.);
#10672 = LINE('',#10673,#10674);
#10673 = CARTESIAN_POINT('',(-0.32,-7.94,-2.84));
#10674 = VECTOR('',#10675,1.);
#10675 = DIRECTION('',(0.,1.,0.));
#10676 = ORIENTED_EDGE('',*,*,#10655,.T.);
#10677 = ORIENTED_EDGE('',*,*,#9278,.F.);
#10678 = PLANE('',#10679);
#10679 = AXIS2_PLACEMENT_3D('',#10680,#10681,#10682);
#10680 = CARTESIAN_POINT('',(-0.32,-7.94,-3.));
#10681 = DIRECTION('',(1.,0.,0.));
#10682 = DIRECTION('',(0.,0.,1.));
#10683 = ADVANCED_FACE('',(#10684),#10709,.T.);
#10684 = FACE_BOUND('',#10685,.T.);
#10685 = EDGE_LOOP('',(#10686,#10694,#10695,#10703));
#10686 = ORIENTED_EDGE('',*,*,#10687,.F.);
#10687 = EDGE_CURVE('',#9544,#10688,#10690,.T.);
#10688 = VERTEX_POINT('',#10689);
#10689 = CARTESIAN_POINT('',(0.32,-0.32,8.38));
#10690 = LINE('',#10691,#10692);
#10691 = CARTESIAN_POINT('',(0.32,-0.32,-3.));
#10692 = VECTOR('',#10693,1.);
#10693 = DIRECTION('',(0.,0.,1.));
#10694 = ORIENTED_EDGE('',*,*,#9543,.T.);
#10695 = ORIENTED_EDGE('',*,*,#10696,.T.);
#10696 = EDGE_CURVE('',#9546,#10697,#10699,.T.);
#10697 = VERTEX_POINT('',#10698);
#10698 = CARTESIAN_POINT('',(0.32,0.32,8.38));
#10699 = LINE('',#10700,#10701);
#10700 = CARTESIAN_POINT('',(0.32,0.32,-3.));
#10701 = VECTOR('',#10702,1.);
#10702 = DIRECTION('',(0.,0.,1.));
#10703 = ORIENTED_EDGE('',*,*,#10704,.F.);
#10704 = EDGE_CURVE('',#10688,#10697,#10705,.T.);
#10705 = LINE('',#10706,#10707);
#10706 = CARTESIAN_POINT('',(0.32,-0.32,8.38));
#10707 = VECTOR('',#10708,1.);
#10708 = DIRECTION('',(0.,1.,0.));
#10709 = PLANE('',#10710);
#10710 = AXIS2_PLACEMENT_3D('',#10711,#10712,#10713);
#10711 = CARTESIAN_POINT('',(0.32,-0.32,-3.));
#10712 = DIRECTION('',(1.,0.,0.));
#10713 = DIRECTION('',(0.,0.,1.));
#10714 = ADVANCED_FACE('',(#10715),#10733,.T.);
#10715 = FACE_BOUND('',#10716,.T.);
#10716 = EDGE_LOOP('',(#10717,#10718,#10719,#10727));
#10717 = ORIENTED_EDGE('',*,*,#10696,.F.);
#10718 = ORIENTED_EDGE('',*,*,#9569,.T.);
#10719 = ORIENTED_EDGE('',*,*,#10720,.T.);
#10720 = EDGE_CURVE('',#9562,#10721,#10723,.T.);
#10721 = VERTEX_POINT('',#10722);
#10722 = CARTESIAN_POINT('',(-0.32,0.32,8.38));
#10723 = LINE('',#10724,#10725);
#10724 = CARTESIAN_POINT('',(-0.32,0.32,-3.));
#10725 = VECTOR('',#10726,1.);
#10726 = DIRECTION('',(0.,0.,1.));
#10727 = ORIENTED_EDGE('',*,*,#10728,.T.);
#10728 = EDGE_CURVE('',#10721,#10697,#10729,.T.);
#10729 = LINE('',#10730,#10731);
#10730 = CARTESIAN_POINT('',(-0.32,0.32,8.38));
#10731 = VECTOR('',#10732,1.);
#10732 = DIRECTION('',(1.,0.,0.));
#10733 = PLANE('',#10734);
#10734 = AXIS2_PLACEMENT_3D('',#10735,#10736,#10737);
#10735 = CARTESIAN_POINT('',(-0.32,0.32,-3.));
#10736 = DIRECTION('',(0.,1.,0.));
#10737 = DIRECTION('',(0.,-0.,1.));
#10738 = ADVANCED_FACE('',(#10739),#10757,.F.);
#10739 = FACE_BOUND('',#10740,.F.);
#10740 = EDGE_LOOP('',(#10741,#10749,#10750,#10751));
#10741 = ORIENTED_EDGE('',*,*,#10742,.F.);
#10742 = EDGE_CURVE('',#9554,#10743,#10745,.T.);
#10743 = VERTEX_POINT('',#10744);
#10744 = CARTESIAN_POINT('',(-0.32,-0.32,8.38));
#10745 = LINE('',#10746,#10747);
#10746 = CARTESIAN_POINT('',(-0.32,-0.32,-3.));
#10747 = VECTOR('',#10748,1.);
#10748 = DIRECTION('',(0.,0.,1.));
#10749 = ORIENTED_EDGE('',*,*,#9561,.T.);
#10750 = ORIENTED_EDGE('',*,*,#10720,.T.);
#10751 = ORIENTED_EDGE('',*,*,#10752,.F.);
#10752 = EDGE_CURVE('',#10743,#10721,#10753,.T.);
#10753 = LINE('',#10754,#10755);
#10754 = CARTESIAN_POINT('',(-0.32,-0.32,8.38));
#10755 = VECTOR('',#10756,1.);
#10756 = DIRECTION('',(0.,1.,0.));
#10757 = PLANE('',#10758);
#10758 = AXIS2_PLACEMENT_3D('',#10759,#10760,#10761);
#10759 = CARTESIAN_POINT('',(-0.32,-0.32,-3.));
#10760 = DIRECTION('',(1.,0.,0.));
#10761 = DIRECTION('',(0.,0.,1.));
#10762 = ADVANCED_FACE('',(#10763),#10774,.F.);
#10763 = FACE_BOUND('',#10764,.F.);
#10764 = EDGE_LOOP('',(#10765,#10766,#10767,#10768));
#10765 = ORIENTED_EDGE('',*,*,#10687,.F.);
#10766 = ORIENTED_EDGE('',*,*,#9553,.T.);
#10767 = ORIENTED_EDGE('',*,*,#10742,.T.);
#10768 = ORIENTED_EDGE('',*,*,#10769,.T.);
#10769 = EDGE_CURVE('',#10743,#10688,#10770,.T.);
#10770 = LINE('',#10771,#10772);
#10771 = CARTESIAN_POINT('',(-0.32,-0.32,8.38));
#10772 = VECTOR('',#10773,1.);
#10773 = DIRECTION('',(1.,0.,0.));
#10774 = PLANE('',#10775);
#10775 = AXIS2_PLACEMENT_3D('',#10776,#10777,#10778);
#10776 = CARTESIAN_POINT('',(-0.32,-0.32,-3.));
#10777 = DIRECTION('',(0.,1.,0.));
#10778 = DIRECTION('',(0.,-0.,1.));
#10779 = ADVANCED_FACE('',(#10780),#10805,.T.);
#10780 = FACE_BOUND('',#10781,.T.);
#10781 = EDGE_LOOP('',(#10782,#10790,#10791,#10799));
#10782 = ORIENTED_EDGE('',*,*,#10783,.F.);
#10783 = EDGE_CURVE('',#9578,#10784,#10786,.T.);
#10784 = VERTEX_POINT('',#10785);
#10785 = CARTESIAN_POINT('',(0.32,-2.22,8.38));
#10786 = LINE('',#10787,#10788);
#10787 = CARTESIAN_POINT('',(0.32,-2.22,-3.));
#10788 = VECTOR('',#10789,1.);
#10789 = DIRECTION('',(0.,0.,1.));
#10790 = ORIENTED_EDGE('',*,*,#9577,.T.);
#10791 = ORIENTED_EDGE('',*,*,#10792,.T.);
#10792 = EDGE_CURVE('',#9580,#10793,#10795,.T.);
#10793 = VERTEX_POINT('',#10794);
#10794 = CARTESIAN_POINT('',(-0.32,-2.22,8.38));
#10795 = LINE('',#10796,#10797);
#10796 = CARTESIAN_POINT('',(-0.32,-2.22,-3.));
#10797 = VECTOR('',#10798,1.);
#10798 = DIRECTION('',(0.,0.,1.));
#10799 = ORIENTED_EDGE('',*,*,#10800,.T.);
#10800 = EDGE_CURVE('',#10793,#10784,#10801,.T.);
#10801 = LINE('',#10802,#10803);
#10802 = CARTESIAN_POINT('',(-0.32,-2.22,8.38));
#10803 = VECTOR('',#10804,1.);
#10804 = DIRECTION('',(1.,0.,0.));
#10805 = PLANE('',#10806);
#10806 = AXIS2_PLACEMENT_3D('',#10807,#10808,#10809);
#10807 = CARTESIAN_POINT('',(-0.32,-2.22,-3.));
#10808 = DIRECTION('',(0.,1.,0.));
#10809 = DIRECTION('',(0.,-0.,1.));
#10810 = ADVANCED_FACE('',(#10811),#10829,.F.);
#10811 = FACE_BOUND('',#10812,.F.);
#10812 = EDGE_LOOP('',(#10813,#10821,#10822,#10823));
#10813 = ORIENTED_EDGE('',*,*,#10814,.F.);
#10814 = EDGE_CURVE('',#9596,#10815,#10817,.T.);
#10815 = VERTEX_POINT('',#10816);
#10816 = CARTESIAN_POINT('',(-0.32,-2.86,8.38));
#10817 = LINE('',#10818,#10819);
#10818 = CARTESIAN_POINT('',(-0.32,-2.86,-3.));
#10819 = VECTOR('',#10820,1.);
#10820 = DIRECTION('',(0.,0.,1.));
#10821 = ORIENTED_EDGE('',*,*,#9603,.T.);
#10822 = ORIENTED_EDGE('',*,*,#10792,.T.);
#10823 = ORIENTED_EDGE('',*,*,#10824,.F.);
#10824 = EDGE_CURVE('',#10815,#10793,#10825,.T.);
#10825 = LINE('',#10826,#10827);
#10826 = CARTESIAN_POINT('',(-0.32,-2.86,8.38));
#10827 = VECTOR('',#10828,1.);
#10828 = DIRECTION('',(0.,1.,0.));
#10829 = PLANE('',#10830);
#10830 = AXIS2_PLACEMENT_3D('',#10831,#10832,#10833);
#10831 = CARTESIAN_POINT('',(-0.32,-2.86,-3.));
#10832 = DIRECTION('',(1.,0.,0.));
#10833 = DIRECTION('',(0.,0.,1.));
#10834 = ADVANCED_FACE('',(#10835),#10853,.F.);
#10835 = FACE_BOUND('',#10836,.F.);
#10836 = EDGE_LOOP('',(#10837,#10845,#10846,#10847));
#10837 = ORIENTED_EDGE('',*,*,#10838,.F.);
#10838 = EDGE_CURVE('',#9588,#10839,#10841,.T.);
#10839 = VERTEX_POINT('',#10840);
#10840 = CARTESIAN_POINT('',(0.32,-2.86,8.38));
#10841 = LINE('',#10842,#10843);
#10842 = CARTESIAN_POINT('',(0.32,-2.86,-3.));
#10843 = VECTOR('',#10844,1.);
#10844 = DIRECTION('',(0.,0.,1.));
#10845 = ORIENTED_EDGE('',*,*,#9595,.T.);
#10846 = ORIENTED_EDGE('',*,*,#10814,.T.);
#10847 = ORIENTED_EDGE('',*,*,#10848,.T.);
#10848 = EDGE_CURVE('',#10815,#10839,#10849,.T.);
#10849 = LINE('',#10850,#10851);
#10850 = CARTESIAN_POINT('',(-0.32,-2.86,8.38));
#10851 = VECTOR('',#10852,1.);
#10852 = DIRECTION('',(1.,0.,0.));
#10853 = PLANE('',#10854);
#10854 = AXIS2_PLACEMENT_3D('',#10855,#10856,#10857);
#10855 = CARTESIAN_POINT('',(-0.32,-2.86,-3.));
#10856 = DIRECTION('',(0.,1.,0.));
#10857 = DIRECTION('',(0.,-0.,1.));
#10858 = ADVANCED_FACE('',(#10859),#10870,.T.);
#10859 = FACE_BOUND('',#10860,.T.);
#10860 = EDGE_LOOP('',(#10861,#10862,#10863,#10864));
#10861 = ORIENTED_EDGE('',*,*,#10838,.F.);
#10862 = ORIENTED_EDGE('',*,*,#9587,.T.);
#10863 = ORIENTED_EDGE('',*,*,#10783,.T.);
#10864 = ORIENTED_EDGE('',*,*,#10865,.F.);
#10865 = EDGE_CURVE('',#10839,#10784,#10866,.T.);
#10866 = LINE('',#10867,#10868);
#10867 = CARTESIAN_POINT('',(0.32,-2.86,8.38));
#10868 = VECTOR('',#10869,1.);
#10869 = DIRECTION('',(0.,1.,0.));
#10870 = PLANE('',#10871);
#10871 = AXIS2_PLACEMENT_3D('',#10872,#10873,#10874);
#10872 = CARTESIAN_POINT('',(0.32,-2.86,-3.));
#10873 = DIRECTION('',(1.,0.,0.));
#10874 = DIRECTION('',(0.,0.,1.));
#10875 = ADVANCED_FACE('',(#10876),#10901,.T.);
#10876 = FACE_BOUND('',#10877,.T.);
#10877 = EDGE_LOOP('',(#10878,#10886,#10887,#10895));
#10878 = ORIENTED_EDGE('',*,*,#10879,.F.);
#10879 = EDGE_CURVE('',#9612,#10880,#10882,.T.);
#10880 = VERTEX_POINT('',#10881);
#10881 = CARTESIAN_POINT('',(0.32,-4.76,8.38));
#10882 = LINE('',#10883,#10884);
#10883 = CARTESIAN_POINT('',(0.32,-4.76,-3.));
#10884 = VECTOR('',#10885,1.);
#10885 = DIRECTION('',(0.,0.,1.));
#10886 = ORIENTED_EDGE('',*,*,#9611,.T.);
#10887 = ORIENTED_EDGE('',*,*,#10888,.T.);
#10888 = EDGE_CURVE('',#9614,#10889,#10891,.T.);
#10889 = VERTEX_POINT('',#10890);
#10890 = CARTESIAN_POINT('',(-0.32,-4.76,8.38));
#10891 = LINE('',#10892,#10893);
#10892 = CARTESIAN_POINT('',(-0.32,-4.76,-3.));
#10893 = VECTOR('',#10894,1.);
#10894 = DIRECTION('',(0.,0.,1.));
#10895 = ORIENTED_EDGE('',*,*,#10896,.T.);
#10896 = EDGE_CURVE('',#10889,#10880,#10897,.T.);
#10897 = LINE('',#10898,#10899);
#10898 = CARTESIAN_POINT('',(-0.32,-4.76,8.38));
#10899 = VECTOR('',#10900,1.);
#10900 = DIRECTION('',(1.,0.,0.));
#10901 = PLANE('',#10902);
#10902 = AXIS2_PLACEMENT_3D('',#10903,#10904,#10905);
#10903 = CARTESIAN_POINT('',(-0.32,-4.76,-3.));
#10904 = DIRECTION('',(0.,1.,0.));
#10905 = DIRECTION('',(0.,-0.,1.));
#10906 = ADVANCED_FACE('',(#10907),#10925,.F.);
#10907 = FACE_BOUND('',#10908,.F.);
#10908 = EDGE_LOOP('',(#10909,#10917,#10918,#10919));
#10909 = ORIENTED_EDGE('',*,*,#10910,.F.);
#10910 = EDGE_CURVE('',#9630,#10911,#10913,.T.);
#10911 = VERTEX_POINT('',#10912);
#10912 = CARTESIAN_POINT('',(-0.32,-5.4,8.38));
#10913 = LINE('',#10914,#10915);
#10914 = CARTESIAN_POINT('',(-0.32,-5.4,-3.));
#10915 = VECTOR('',#10916,1.);
#10916 = DIRECTION('',(0.,0.,1.));
#10917 = ORIENTED_EDGE('',*,*,#9637,.T.);
#10918 = ORIENTED_EDGE('',*,*,#10888,.T.);
#10919 = ORIENTED_EDGE('',*,*,#10920,.F.);
#10920 = EDGE_CURVE('',#10911,#10889,#10921,.T.);
#10921 = LINE('',#10922,#10923);
#10922 = CARTESIAN_POINT('',(-0.32,-5.4,8.38));
#10923 = VECTOR('',#10924,1.);
#10924 = DIRECTION('',(0.,1.,0.));
#10925 = PLANE('',#10926);
#10926 = AXIS2_PLACEMENT_3D('',#10927,#10928,#10929);
#10927 = CARTESIAN_POINT('',(-0.32,-5.4,-3.));
#10928 = DIRECTION('',(1.,0.,0.));
#10929 = DIRECTION('',(0.,0.,1.));
#10930 = ADVANCED_FACE('',(#10931),#10949,.F.);
#10931 = FACE_BOUND('',#10932,.F.);
#10932 = EDGE_LOOP('',(#10933,#10941,#10942,#10943));
#10933 = ORIENTED_EDGE('',*,*,#10934,.F.);
#10934 = EDGE_CURVE('',#9622,#10935,#10937,.T.);
#10935 = VERTEX_POINT('',#10936);
#10936 = CARTESIAN_POINT('',(0.32,-5.4,8.38));
#10937 = LINE('',#10938,#10939);
#10938 = CARTESIAN_POINT('',(0.32,-5.4,-3.));
#10939 = VECTOR('',#10940,1.);
#10940 = DIRECTION('',(0.,0.,1.));
#10941 = ORIENTED_EDGE('',*,*,#9629,.T.);
#10942 = ORIENTED_EDGE('',*,*,#10910,.T.);
#10943 = ORIENTED_EDGE('',*,*,#10944,.T.);
#10944 = EDGE_CURVE('',#10911,#10935,#10945,.T.);
#10945 = LINE('',#10946,#10947);
#10946 = CARTESIAN_POINT('',(-0.32,-5.4,8.38));
#10947 = VECTOR('',#10948,1.);
#10948 = DIRECTION('',(1.,0.,0.));
#10949 = PLANE('',#10950);
#10950 = AXIS2_PLACEMENT_3D('',#10951,#10952,#10953);
#10951 = CARTESIAN_POINT('',(-0.32,-5.4,-3.));
#10952 = DIRECTION('',(0.,1.,0.));
#10953 = DIRECTION('',(0.,-0.,1.));
#10954 = ADVANCED_FACE('',(#10955),#10966,.T.);
#10955 = FACE_BOUND('',#10956,.T.);
#10956 = EDGE_LOOP('',(#10957,#10958,#10959,#10960));
#10957 = ORIENTED_EDGE('',*,*,#10934,.F.);
#10958 = ORIENTED_EDGE('',*,*,#9621,.T.);
#10959 = ORIENTED_EDGE('',*,*,#10879,.T.);
#10960 = ORIENTED_EDGE('',*,*,#10961,.F.);
#10961 = EDGE_CURVE('',#10935,#10880,#10962,.T.);
#10962 = LINE('',#10963,#10964);
#10963 = CARTESIAN_POINT('',(0.32,-5.4,8.38));
#10964 = VECTOR('',#10965,1.);
#10965 = DIRECTION('',(0.,1.,0.));
#10966 = PLANE('',#10967);
#10967 = AXIS2_PLACEMENT_3D('',#10968,#10969,#10970);
#10968 = CARTESIAN_POINT('',(0.32,-5.4,-3.));
#10969 = DIRECTION('',(1.,0.,0.));
#10970 = DIRECTION('',(0.,0.,1.));
#10971 = ADVANCED_FACE('',(#10972),#10997,.T.);
#10972 = FACE_BOUND('',#10973,.T.);
#10973 = EDGE_LOOP('',(#10974,#10982,#10983,#10991));
#10974 = ORIENTED_EDGE('',*,*,#10975,.F.);
#10975 = EDGE_CURVE('',#9646,#10976,#10978,.T.);
#10976 = VERTEX_POINT('',#10977);
#10977 = CARTESIAN_POINT('',(0.32,-9.84,8.38));
#10978 = LINE('',#10979,#10980);
#10979 = CARTESIAN_POINT('',(0.32,-9.84,-3.));
#10980 = VECTOR('',#10981,1.);
#10981 = DIRECTION('',(0.,0.,1.));
#10982 = ORIENTED_EDGE('',*,*,#9645,.T.);
#10983 = ORIENTED_EDGE('',*,*,#10984,.T.);
#10984 = EDGE_CURVE('',#9648,#10985,#10987,.T.);
#10985 = VERTEX_POINT('',#10986);
#10986 = CARTESIAN_POINT('',(-0.32,-9.84,8.38));
#10987 = LINE('',#10988,#10989);
#10988 = CARTESIAN_POINT('',(-0.32,-9.84,-3.));
#10989 = VECTOR('',#10990,1.);
#10990 = DIRECTION('',(0.,0.,1.));
#10991 = ORIENTED_EDGE('',*,*,#10992,.T.);
#10992 = EDGE_CURVE('',#10985,#10976,#10993,.T.);
#10993 = LINE('',#10994,#10995);
#10994 = CARTESIAN_POINT('',(-0.32,-9.84,8.38));
#10995 = VECTOR('',#10996,1.);
#10996 = DIRECTION('',(1.,0.,0.));
#10997 = PLANE('',#10998);
#10998 = AXIS2_PLACEMENT_3D('',#10999,#11000,#11001);
#10999 = CARTESIAN_POINT('',(-0.32,-9.84,-3.));
#11000 = DIRECTION('',(0.,1.,0.));
#11001 = DIRECTION('',(0.,-0.,1.));
#11002 = ADVANCED_FACE('',(#11003),#11021,.F.);
#11003 = FACE_BOUND('',#11004,.F.);
#11004 = EDGE_LOOP('',(#11005,#11013,#11014,#11015));
#11005 = ORIENTED_EDGE('',*,*,#11006,.F.);
#11006 = EDGE_CURVE('',#9664,#11007,#11009,.T.);
#11007 = VERTEX_POINT('',#11008);
#11008 = CARTESIAN_POINT('',(-0.32,-10.48,8.38));
#11009 = LINE('',#11010,#11011);
#11010 = CARTESIAN_POINT('',(-0.32,-10.48,-3.));
#11011 = VECTOR('',#11012,1.);
#11012 = DIRECTION('',(0.,0.,1.));
#11013 = ORIENTED_EDGE('',*,*,#9671,.T.);
#11014 = ORIENTED_EDGE('',*,*,#10984,.T.);
#11015 = ORIENTED_EDGE('',*,*,#11016,.F.);
#11016 = EDGE_CURVE('',#11007,#10985,#11017,.T.);
#11017 = LINE('',#11018,#11019);
#11018 = CARTESIAN_POINT('',(-0.32,-10.48,8.38));
#11019 = VECTOR('',#11020,1.);
#11020 = DIRECTION('',(0.,1.,0.));
#11021 = PLANE('',#11022);
#11022 = AXIS2_PLACEMENT_3D('',#11023,#11024,#11025);
#11023 = CARTESIAN_POINT('',(-0.32,-10.48,-3.));
#11024 = DIRECTION('',(1.,0.,0.));
#11025 = DIRECTION('',(0.,0.,1.));
#11026 = ADVANCED_FACE('',(#11027),#11045,.F.);
#11027 = FACE_BOUND('',#11028,.F.);
#11028 = EDGE_LOOP('',(#11029,#11037,#11038,#11039));
#11029 = ORIENTED_EDGE('',*,*,#11030,.F.);
#11030 = EDGE_CURVE('',#9656,#11031,#11033,.T.);
#11031 = VERTEX_POINT('',#11032);
#11032 = CARTESIAN_POINT('',(0.32,-10.48,8.38));
#11033 = LINE('',#11034,#11035);
#11034 = CARTESIAN_POINT('',(0.32,-10.48,-3.));
#11035 = VECTOR('',#11036,1.);
#11036 = DIRECTION('',(0.,0.,1.));
#11037 = ORIENTED_EDGE('',*,*,#9663,.T.);
#11038 = ORIENTED_EDGE('',*,*,#11006,.T.);
#11039 = ORIENTED_EDGE('',*,*,#11040,.T.);
#11040 = EDGE_CURVE('',#11007,#11031,#11041,.T.);
#11041 = LINE('',#11042,#11043);
#11042 = CARTESIAN_POINT('',(-0.32,-10.48,8.38));
#11043 = VECTOR('',#11044,1.);
#11044 = DIRECTION('',(1.,0.,0.));
#11045 = PLANE('',#11046);
#11046 = AXIS2_PLACEMENT_3D('',#11047,#11048,#11049);
#11047 = CARTESIAN_POINT('',(-0.32,-10.48,-3.));
#11048 = DIRECTION('',(0.,1.,0.));
#11049 = DIRECTION('',(0.,-0.,1.));
#11050 = ADVANCED_FACE('',(#11051),#11062,.T.);
#11051 = FACE_BOUND('',#11052,.T.);
#11052 = EDGE_LOOP('',(#11053,#11054,#11055,#11056));
#11053 = ORIENTED_EDGE('',*,*,#11030,.F.);
#11054 = ORIENTED_EDGE('',*,*,#9655,.T.);
#11055 = ORIENTED_EDGE('',*,*,#10975,.T.);
#11056 = ORIENTED_EDGE('',*,*,#11057,.F.);
#11057 = EDGE_CURVE('',#11031,#10976,#11058,.T.);
#11058 = LINE('',#11059,#11060);
#11059 = CARTESIAN_POINT('',(0.32,-10.48,8.38));
#11060 = VECTOR('',#11061,1.);
#11061 = DIRECTION('',(0.,1.,0.));
#11062 = PLANE('',#11063);
#11063 = AXIS2_PLACEMENT_3D('',#11064,#11065,#11066);
#11064 = CARTESIAN_POINT('',(0.32,-10.48,-3.));
#11065 = DIRECTION('',(1.,0.,0.));
#11066 = DIRECTION('',(0.,0.,1.));
#11067 = ADVANCED_FACE('',(#11068),#11093,.F.);
#11068 = FACE_BOUND('',#11069,.F.);
#11069 = EDGE_LOOP('',(#11070,#11078,#11079,#11087));
#11070 = ORIENTED_EDGE('',*,*,#11071,.F.);
#11071 = EDGE_CURVE('',#9680,#11072,#11074,.T.);
#11072 = VERTEX_POINT('',#11073);
#11073 = CARTESIAN_POINT('',(0.32,-7.94,8.38));
#11074 = LINE('',#11075,#11076);
#11075 = CARTESIAN_POINT('',(0.32,-7.94,-3.));
#11076 = VECTOR('',#11077,1.);
#11077 = DIRECTION('',(0.,0.,1.));
#11078 = ORIENTED_EDGE('',*,*,#9679,.T.);
#11079 = ORIENTED_EDGE('',*,*,#11080,.T.);
#11080 = EDGE_CURVE('',#9682,#11081,#11083,.T.);
#11081 = VERTEX_POINT('',#11082);
#11082 = CARTESIAN_POINT('',(-0.32,-7.94,8.38));
#11083 = LINE('',#11084,#11085);
#11084 = CARTESIAN_POINT('',(-0.32,-7.94,-3.));
#11085 = VECTOR('',#11086,1.);
#11086 = DIRECTION('',(0.,0.,1.));
#11087 = ORIENTED_EDGE('',*,*,#11088,.T.);
#11088 = EDGE_CURVE('',#11081,#11072,#11089,.T.);
#11089 = LINE('',#11090,#11091);
#11090 = CARTESIAN_POINT('',(-0.32,-7.94,8.38));
#11091 = VECTOR('',#11092,1.);
#11092 = DIRECTION('',(1.,0.,0.));
#11093 = PLANE('',#11094);
#11094 = AXIS2_PLACEMENT_3D('',#11095,#11096,#11097);
#11095 = CARTESIAN_POINT('',(-0.32,-7.94,-3.));
#11096 = DIRECTION('',(0.,1.,0.));
#11097 = DIRECTION('',(0.,-0.,1.));
#11098 = ADVANCED_FACE('',(#11099),#11117,.T.);
#11099 = FACE_BOUND('',#11100,.T.);
#11100 = EDGE_LOOP('',(#11101,#11102,#11103,#11111));
#11101 = ORIENTED_EDGE('',*,*,#11071,.F.);
#11102 = ORIENTED_EDGE('',*,*,#9705,.T.);
#11103 = ORIENTED_EDGE('',*,*,#11104,.T.);
#11104 = EDGE_CURVE('',#9698,#11105,#11107,.T.);
#11105 = VERTEX_POINT('',#11106);
#11106 = CARTESIAN_POINT('',(0.32,-7.3,8.38));
#11107 = LINE('',#11108,#11109);
#11108 = CARTESIAN_POINT('',(0.32,-7.3,-3.));
#11109 = VECTOR('',#11110,1.);
#11110 = DIRECTION('',(0.,0.,1.));
#11111 = ORIENTED_EDGE('',*,*,#11112,.F.);
#11112 = EDGE_CURVE('',#11072,#11105,#11113,.T.);
#11113 = LINE('',#11114,#11115);
#11114 = CARTESIAN_POINT('',(0.32,-7.94,8.38));
#11115 = VECTOR('',#11116,1.);
#11116 = DIRECTION('',(0.,1.,0.));
#11117 = PLANE('',#11118);
#11118 = AXIS2_PLACEMENT_3D('',#11119,#11120,#11121);
#11119 = CARTESIAN_POINT('',(0.32,-7.94,-3.));
#11120 = DIRECTION('',(1.,0.,0.));
#11121 = DIRECTION('',(0.,0.,1.));
#11122 = ADVANCED_FACE('',(#11123),#11141,.T.);
#11123 = FACE_BOUND('',#11124,.T.);
#11124 = EDGE_LOOP('',(#11125,#11126,#11127,#11135));
#11125 = ORIENTED_EDGE('',*,*,#11104,.F.);
#11126 = ORIENTED_EDGE('',*,*,#9697,.T.);
#11127 = ORIENTED_EDGE('',*,*,#11128,.T.);
#11128 = EDGE_CURVE('',#9690,#11129,#11131,.T.);
#11129 = VERTEX_POINT('',#11130);
#11130 = CARTESIAN_POINT('',(-0.32,-7.3,8.38));
#11131 = LINE('',#11132,#11133);
#11132 = CARTESIAN_POINT('',(-0.32,-7.3,-3.));
#11133 = VECTOR('',#11134,1.);
#11134 = DIRECTION('',(0.,0.,1.));
#11135 = ORIENTED_EDGE('',*,*,#11136,.T.);
#11136 = EDGE_CURVE('',#11129,#11105,#11137,.T.);
#11137 = LINE('',#11138,#11139);
#11138 = CARTESIAN_POINT('',(-0.32,-7.3,8.38));
#11139 = VECTOR('',#11140,1.);
#11140 = DIRECTION('',(1.,0.,0.));
#11141 = PLANE('',#11142);
#11142 = AXIS2_PLACEMENT_3D('',#11143,#11144,#11145);
#11143 = CARTESIAN_POINT('',(-0.32,-7.3,-3.));
#11144 = DIRECTION('',(0.,1.,0.));
#11145 = DIRECTION('',(0.,-0.,1.));
#11146 = ADVANCED_FACE('',(#11147),#11158,.F.);
#11147 = FACE_BOUND('',#11148,.F.);
#11148 = EDGE_LOOP('',(#11149,#11150,#11151,#11152));
#11149 = ORIENTED_EDGE('',*,*,#11080,.F.);
#11150 = ORIENTED_EDGE('',*,*,#9689,.T.);
#11151 = ORIENTED_EDGE('',*,*,#11128,.T.);
#11152 = ORIENTED_EDGE('',*,*,#11153,.F.);
#11153 = EDGE_CURVE('',#11081,#11129,#11154,.T.);
#11154 = LINE('',#11155,#11156);
#11155 = CARTESIAN_POINT('',(-0.32,-7.94,8.38));
#11156 = VECTOR('',#11157,1.);
#11157 = DIRECTION('',(0.,1.,0.));
#11158 = PLANE('',#11159);
#11159 = AXIS2_PLACEMENT_3D('',#11160,#11161,#11162);
#11160 = CARTESIAN_POINT('',(-0.32,-7.94,-3.));
#11161 = DIRECTION('',(1.,0.,0.));
#11162 = DIRECTION('',(0.,0.,1.));
#11163 = ADVANCED_FACE('',(#11164),#11189,.F.);
#11164 = FACE_BOUND('',#11165,.F.);
#11165 = EDGE_LOOP('',(#11166,#11174,#11175,#11183));
#11166 = ORIENTED_EDGE('',*,*,#11167,.F.);
#11167 = EDGE_CURVE('',#10208,#11168,#11170,.T.);
#11168 = VERTEX_POINT('',#11169);
#11169 = CARTESIAN_POINT('',(0.16,-0.16,-3.));
#11170 = LINE('',#11171,#11172);
#11171 = CARTESIAN_POINT('',(0.16,-0.16,-3.));
#11172 = VECTOR('',#11173,1.);
#11173 = DIRECTION('',(-0.57735026919,0.57735026919,-0.57735026919));
#11174 = ORIENTED_EDGE('',*,*,#10215,.T.);
#11175 = ORIENTED_EDGE('',*,*,#11176,.T.);
#11176 = EDGE_CURVE('',#10216,#11177,#11179,.T.);
#11177 = VERTEX_POINT('',#11178);
#11178 = CARTESIAN_POINT('',(0.16,0.16,-3.));
#11179 = LINE('',#11180,#11181);
#11180 = CARTESIAN_POINT('',(5.333333333333E-02,5.333333333333E-02,
    -3.106666666667));
#11181 = VECTOR('',#11182,1.);
#11182 = DIRECTION('',(-0.57735026919,-0.57735026919,-0.57735026919));
#11183 = ORIENTED_EDGE('',*,*,#11184,.F.);
#11184 = EDGE_CURVE('',#11168,#11177,#11185,.T.);
#11185 = LINE('',#11186,#11187);
#11186 = CARTESIAN_POINT('',(0.16,-0.32,-3.));
#11187 = VECTOR('',#11188,1.);
#11188 = DIRECTION('',(0.,1.,0.));
#11189 = PLANE('',#11190);
#11190 = AXIS2_PLACEMENT_3D('',#11191,#11192,#11193);
#11191 = CARTESIAN_POINT('',(0.24,-0.32,-2.92));
#11192 = DIRECTION('',(-0.707106781187,1.735167508357E-18,0.707106781187
    ));
#11193 = DIRECTION('',(1.226948711654E-18,1.,-1.226948711654E-18));
#11194 = ADVANCED_FACE('',(#11195),#11213,.F.);
#11195 = FACE_BOUND('',#11196,.T.);
#11196 = EDGE_LOOP('',(#11197,#11205,#11206,#11207));
#11197 = ORIENTED_EDGE('',*,*,#11198,.F.);
#11198 = EDGE_CURVE('',#10240,#11199,#11201,.T.);
#11199 = VERTEX_POINT('',#11200);
#11200 = CARTESIAN_POINT('',(-0.16,0.16,-3.));
#11201 = LINE('',#11202,#11203);
#11202 = CARTESIAN_POINT('',(-0.16,0.16,-3.));
#11203 = VECTOR('',#11204,1.);
#11204 = DIRECTION('',(0.57735026919,-0.57735026919,-0.57735026919));
#11205 = ORIENTED_EDGE('',*,*,#10239,.T.);
#11206 = ORIENTED_EDGE('',*,*,#11176,.T.);
#11207 = ORIENTED_EDGE('',*,*,#11208,.F.);
#11208 = EDGE_CURVE('',#11199,#11177,#11209,.T.);
#11209 = LINE('',#11210,#11211);
#11210 = CARTESIAN_POINT('',(-0.32,0.16,-3.));
#11211 = VECTOR('',#11212,1.);
#11212 = DIRECTION('',(1.,0.,0.));
#11213 = PLANE('',#11214);
#11214 = AXIS2_PLACEMENT_3D('',#11215,#11216,#11217);
#11215 = CARTESIAN_POINT('',(-0.32,0.24,-2.92));
#11216 = DIRECTION('',(-1.735167508357E-18,-0.707106781187,
    0.707106781187));
#11217 = DIRECTION('',(-1.,1.226948711654E-18,-1.226948711654E-18));
#11218 = ADVANCED_FACE('',(#11219),#11237,.T.);
#11219 = FACE_BOUND('',#11220,.T.);
#11220 = EDGE_LOOP('',(#11221,#11229,#11230,#11231));
#11221 = ORIENTED_EDGE('',*,*,#11222,.F.);
#11222 = EDGE_CURVE('',#10263,#11223,#11225,.T.);
#11223 = VERTEX_POINT('',#11224);
#11224 = CARTESIAN_POINT('',(-0.16,-0.16,-3.));
#11225 = LINE('',#11226,#11227);
#11226 = CARTESIAN_POINT('',(-0.266666666667,-0.266666666667,
    -2.893333333333));
#11227 = VECTOR('',#11228,1.);
#11228 = DIRECTION('',(0.57735026919,0.57735026919,-0.57735026919));
#11229 = ORIENTED_EDGE('',*,*,#10270,.T.);
#11230 = ORIENTED_EDGE('',*,*,#11198,.T.);
#11231 = ORIENTED_EDGE('',*,*,#11232,.F.);
#11232 = EDGE_CURVE('',#11223,#11199,#11233,.T.);
#11233 = LINE('',#11234,#11235);
#11234 = CARTESIAN_POINT('',(-0.16,-0.32,-3.));
#11235 = VECTOR('',#11236,1.);
#11236 = DIRECTION('',(0.,1.,0.));
#11237 = PLANE('',#11238);
#11238 = AXIS2_PLACEMENT_3D('',#11239,#11240,#11241);
#11239 = CARTESIAN_POINT('',(-0.24,-0.32,-2.92));
#11240 = DIRECTION('',(-0.707106781187,-1.735167508357E-18,
    -0.707106781187));
#11241 = DIRECTION('',(-1.226948711654E-18,1.,-1.226948711654E-18));
#11242 = ADVANCED_FACE('',(#11243),#11254,.T.);
#11243 = FACE_BOUND('',#11244,.F.);
#11244 = EDGE_LOOP('',(#11245,#11246,#11247,#11248));
#11245 = ORIENTED_EDGE('',*,*,#11222,.F.);
#11246 = ORIENTED_EDGE('',*,*,#10287,.T.);
#11247 = ORIENTED_EDGE('',*,*,#11167,.T.);
#11248 = ORIENTED_EDGE('',*,*,#11249,.F.);
#11249 = EDGE_CURVE('',#11223,#11168,#11250,.T.);
#11250 = LINE('',#11251,#11252);
#11251 = CARTESIAN_POINT('',(-0.32,-0.16,-3.));
#11252 = VECTOR('',#11253,1.);
#11253 = DIRECTION('',(1.,0.,0.));
#11254 = PLANE('',#11255);
#11255 = AXIS2_PLACEMENT_3D('',#11256,#11257,#11258);
#11256 = CARTESIAN_POINT('',(-0.32,-0.24,-2.92));
#11257 = DIRECTION('',(1.735167508357E-18,-0.707106781187,
    -0.707106781187));
#11258 = DIRECTION('',(-1.,-1.226948711654E-18,-1.226948711654E-18));
#11259 = ADVANCED_FACE('',(#11260),#11285,.F.);
#11260 = FACE_BOUND('',#11261,.T.);
#11261 = EDGE_LOOP('',(#11262,#11270,#11271,#11279));
#11262 = ORIENTED_EDGE('',*,*,#11263,.F.);
#11263 = EDGE_CURVE('',#10312,#11264,#11266,.T.);
#11264 = VERTEX_POINT('',#11265);
#11265 = CARTESIAN_POINT('',(-0.16,-2.38,-3.));
#11266 = LINE('',#11267,#11268);
#11267 = CARTESIAN_POINT('',(-0.16,-2.38,-3.));
#11268 = VECTOR('',#11269,1.);
#11269 = DIRECTION('',(0.57735026919,-0.57735026919,-0.57735026919));
#11270 = ORIENTED_EDGE('',*,*,#10311,.T.);
#11271 = ORIENTED_EDGE('',*,*,#11272,.T.);
#11272 = EDGE_CURVE('',#10304,#11273,#11275,.T.);
#11273 = VERTEX_POINT('',#11274);
#11274 = CARTESIAN_POINT('',(0.16,-2.38,-3.));
#11275 = LINE('',#11276,#11277);
#11276 = CARTESIAN_POINT('',(5.333333333333E-02,-2.486666666667,
    -3.106666666667));
#11277 = VECTOR('',#11278,1.);
#11278 = DIRECTION('',(-0.57735026919,-0.57735026919,-0.57735026919));
#11279 = ORIENTED_EDGE('',*,*,#11280,.F.);
#11280 = EDGE_CURVE('',#11264,#11273,#11281,.T.);
#11281 = LINE('',#11282,#11283);
#11282 = CARTESIAN_POINT('',(-0.32,-2.38,-3.));
#11283 = VECTOR('',#11284,1.);
#11284 = DIRECTION('',(1.,0.,0.));
#11285 = PLANE('',#11286);
#11286 = AXIS2_PLACEMENT_3D('',#11287,#11288,#11289);
#11287 = CARTESIAN_POINT('',(-0.32,-2.3,-2.92));
#11288 = DIRECTION('',(-1.735167508357E-18,-0.707106781187,
    0.707106781187));
#11289 = DIRECTION('',(-1.,1.226948711654E-18,-1.226948711654E-18));
#11290 = ADVANCED_FACE('',(#11291),#11309,.T.);
#11291 = FACE_BOUND('',#11292,.T.);
#11292 = EDGE_LOOP('',(#11293,#11301,#11302,#11303));
#11293 = ORIENTED_EDGE('',*,*,#11294,.F.);
#11294 = EDGE_CURVE('',#10335,#11295,#11297,.T.);
#11295 = VERTEX_POINT('',#11296);
#11296 = CARTESIAN_POINT('',(-0.16,-2.7,-3.));
#11297 = LINE('',#11298,#11299);
#11298 = CARTESIAN_POINT('',(-0.266666666667,-2.806666666667,
    -2.893333333333));
#11299 = VECTOR('',#11300,1.);
#11300 = DIRECTION('',(0.57735026919,0.57735026919,-0.57735026919));
#11301 = ORIENTED_EDGE('',*,*,#10342,.T.);
#11302 = ORIENTED_EDGE('',*,*,#11263,.T.);
#11303 = ORIENTED_EDGE('',*,*,#11304,.F.);
#11304 = EDGE_CURVE('',#11295,#11264,#11305,.T.);
#11305 = LINE('',#11306,#11307);
#11306 = CARTESIAN_POINT('',(-0.16,-2.86,-3.));
#11307 = VECTOR('',#11308,1.);
#11308 = DIRECTION('',(0.,1.,0.));
#11309 = PLANE('',#11310);
#11310 = AXIS2_PLACEMENT_3D('',#11311,#11312,#11313);
#11311 = CARTESIAN_POINT('',(-0.24,-2.86,-2.92));
#11312 = DIRECTION('',(-0.707106781187,-1.735167508357E-18,
    -0.707106781187));
#11313 = DIRECTION('',(-1.226948711654E-18,1.,-1.226948711654E-18));
#11314 = ADVANCED_FACE('',(#11315),#11333,.T.);
#11315 = FACE_BOUND('',#11316,.F.);
#11316 = EDGE_LOOP('',(#11317,#11318,#11319,#11327));
#11317 = ORIENTED_EDGE('',*,*,#11294,.F.);
#11318 = ORIENTED_EDGE('',*,*,#10366,.T.);
#11319 = ORIENTED_EDGE('',*,*,#11320,.T.);
#11320 = EDGE_CURVE('',#10359,#11321,#11323,.T.);
#11321 = VERTEX_POINT('',#11322);
#11322 = CARTESIAN_POINT('',(0.16,-2.7,-3.));
#11323 = LINE('',#11324,#11325);
#11324 = CARTESIAN_POINT('',(0.16,-2.7,-3.));
#11325 = VECTOR('',#11326,1.);
#11326 = DIRECTION('',(-0.57735026919,0.57735026919,-0.57735026919));
#11327 = ORIENTED_EDGE('',*,*,#11328,.F.);
#11328 = EDGE_CURVE('',#11295,#11321,#11329,.T.);
#11329 = LINE('',#11330,#11331);
#11330 = CARTESIAN_POINT('',(-0.32,-2.7,-3.));
#11331 = VECTOR('',#11332,1.);
#11332 = DIRECTION('',(1.,0.,0.));
#11333 = PLANE('',#11334);
#11334 = AXIS2_PLACEMENT_3D('',#11335,#11336,#11337);
#11335 = CARTESIAN_POINT('',(-0.32,-2.78,-2.92));
#11336 = DIRECTION('',(1.735167508357E-18,-0.707106781187,
    -0.707106781187));
#11337 = DIRECTION('',(-1.,-1.226948711654E-18,-1.226948711654E-18));
#11338 = ADVANCED_FACE('',(#11339),#11350,.F.);
#11339 = FACE_BOUND('',#11340,.F.);
#11340 = EDGE_LOOP('',(#11341,#11342,#11343,#11344));
#11341 = ORIENTED_EDGE('',*,*,#11320,.F.);
#11342 = ORIENTED_EDGE('',*,*,#10383,.T.);
#11343 = ORIENTED_EDGE('',*,*,#11272,.T.);
#11344 = ORIENTED_EDGE('',*,*,#11345,.F.);
#11345 = EDGE_CURVE('',#11321,#11273,#11346,.T.);
#11346 = LINE('',#11347,#11348);
#11347 = CARTESIAN_POINT('',(0.16,-2.86,-3.));
#11348 = VECTOR('',#11349,1.);
#11349 = DIRECTION('',(0.,1.,0.));
#11350 = PLANE('',#11351);
#11351 = AXIS2_PLACEMENT_3D('',#11352,#11353,#11354);
#11352 = CARTESIAN_POINT('',(0.24,-2.86,-2.92));
#11353 = DIRECTION('',(-0.707106781187,1.735167508357E-18,0.707106781187
    ));
#11354 = DIRECTION('',(1.226948711654E-18,1.,-1.226948711654E-18));
#11355 = ADVANCED_FACE('',(#11356),#11381,.F.);
#11356 = FACE_BOUND('',#11357,.T.);
#11357 = EDGE_LOOP('',(#11358,#11366,#11367,#11375));
#11358 = ORIENTED_EDGE('',*,*,#11359,.F.);
#11359 = EDGE_CURVE('',#10408,#11360,#11362,.T.);
#11360 = VERTEX_POINT('',#11361);
#11361 = CARTESIAN_POINT('',(-0.16,-4.92,-3.));
#11362 = LINE('',#11363,#11364);
#11363 = CARTESIAN_POINT('',(-0.16,-4.92,-3.));
#11364 = VECTOR('',#11365,1.);
#11365 = DIRECTION('',(0.57735026919,-0.57735026919,-0.57735026919));
#11366 = ORIENTED_EDGE('',*,*,#10407,.T.);
#11367 = ORIENTED_EDGE('',*,*,#11368,.T.);
#11368 = EDGE_CURVE('',#10400,#11369,#11371,.T.);
#11369 = VERTEX_POINT('',#11370);
#11370 = CARTESIAN_POINT('',(0.16,-4.92,-3.));
#11371 = LINE('',#11372,#11373);
#11372 = CARTESIAN_POINT('',(5.333333333333E-02,-5.026666666667,
    -3.106666666667));
#11373 = VECTOR('',#11374,1.);
#11374 = DIRECTION('',(-0.57735026919,-0.57735026919,-0.57735026919));
#11375 = ORIENTED_EDGE('',*,*,#11376,.F.);
#11376 = EDGE_CURVE('',#11360,#11369,#11377,.T.);
#11377 = LINE('',#11378,#11379);
#11378 = CARTESIAN_POINT('',(-0.32,-4.92,-3.));
#11379 = VECTOR('',#11380,1.);
#11380 = DIRECTION('',(1.,0.,0.));
#11381 = PLANE('',#11382);
#11382 = AXIS2_PLACEMENT_3D('',#11383,#11384,#11385);
#11383 = CARTESIAN_POINT('',(-0.32,-4.84,-2.92));
#11384 = DIRECTION('',(-1.735167508357E-18,-0.707106781187,
    0.707106781187));
#11385 = DIRECTION('',(-1.,1.226948711654E-18,-1.226948711654E-18));
#11386 = ADVANCED_FACE('',(#11387),#11405,.T.);
#11387 = FACE_BOUND('',#11388,.T.);
#11388 = EDGE_LOOP('',(#11389,#11397,#11398,#11399));
#11389 = ORIENTED_EDGE('',*,*,#11390,.F.);
#11390 = EDGE_CURVE('',#10431,#11391,#11393,.T.);
#11391 = VERTEX_POINT('',#11392);
#11392 = CARTESIAN_POINT('',(-0.16,-5.24,-3.));
#11393 = LINE('',#11394,#11395);
#11394 = CARTESIAN_POINT('',(-0.266666666667,-5.346666666667,
    -2.893333333333));
#11395 = VECTOR('',#11396,1.);
#11396 = DIRECTION('',(0.57735026919,0.57735026919,-0.57735026919));
#11397 = ORIENTED_EDGE('',*,*,#10438,.T.);
#11398 = ORIENTED_EDGE('',*,*,#11359,.T.);
#11399 = ORIENTED_EDGE('',*,*,#11400,.F.);
#11400 = EDGE_CURVE('',#11391,#11360,#11401,.T.);
#11401 = LINE('',#11402,#11403);
#11402 = CARTESIAN_POINT('',(-0.16,-5.4,-3.));
#11403 = VECTOR('',#11404,1.);
#11404 = DIRECTION('',(0.,1.,0.));
#11405 = PLANE('',#11406);
#11406 = AXIS2_PLACEMENT_3D('',#11407,#11408,#11409);
#11407 = CARTESIAN_POINT('',(-0.24,-5.4,-2.92));
#11408 = DIRECTION('',(-0.707106781187,-1.735167508357E-18,
    -0.707106781187));
#11409 = DIRECTION('',(-1.226948711654E-18,1.,-1.226948711654E-18));
#11410 = ADVANCED_FACE('',(#11411),#11429,.T.);
#11411 = FACE_BOUND('',#11412,.F.);
#11412 = EDGE_LOOP('',(#11413,#11414,#11415,#11423));
#11413 = ORIENTED_EDGE('',*,*,#11390,.F.);
#11414 = ORIENTED_EDGE('',*,*,#10462,.T.);
#11415 = ORIENTED_EDGE('',*,*,#11416,.T.);
#11416 = EDGE_CURVE('',#10455,#11417,#11419,.T.);
#11417 = VERTEX_POINT('',#11418);
#11418 = CARTESIAN_POINT('',(0.16,-5.24,-3.));
#11419 = LINE('',#11420,#11421);
#11420 = CARTESIAN_POINT('',(0.16,-5.24,-3.));
#11421 = VECTOR('',#11422,1.);
#11422 = DIRECTION('',(-0.57735026919,0.57735026919,-0.57735026919));
#11423 = ORIENTED_EDGE('',*,*,#11424,.F.);
#11424 = EDGE_CURVE('',#11391,#11417,#11425,.T.);
#11425 = LINE('',#11426,#11427);
#11426 = CARTESIAN_POINT('',(-0.32,-5.24,-3.));
#11427 = VECTOR('',#11428,1.);
#11428 = DIRECTION('',(1.,0.,0.));
#11429 = PLANE('',#11430);
#11430 = AXIS2_PLACEMENT_3D('',#11431,#11432,#11433);
#11431 = CARTESIAN_POINT('',(-0.32,-5.32,-2.92));
#11432 = DIRECTION('',(1.735167508357E-18,-0.707106781187,
    -0.707106781187));
#11433 = DIRECTION('',(-1.,-1.226948711654E-18,-1.226948711654E-18));
#11434 = ADVANCED_FACE('',(#11435),#11446,.F.);
#11435 = FACE_BOUND('',#11436,.F.);
#11436 = EDGE_LOOP('',(#11437,#11438,#11439,#11440));
#11437 = ORIENTED_EDGE('',*,*,#11416,.F.);
#11438 = ORIENTED_EDGE('',*,*,#10479,.T.);
#11439 = ORIENTED_EDGE('',*,*,#11368,.T.);
#11440 = ORIENTED_EDGE('',*,*,#11441,.F.);
#11441 = EDGE_CURVE('',#11417,#11369,#11442,.T.);
#11442 = LINE('',#11443,#11444);
#11443 = CARTESIAN_POINT('',(0.16,-5.4,-3.));
#11444 = VECTOR('',#11445,1.);
#11445 = DIRECTION('',(0.,1.,0.));
#11446 = PLANE('',#11447);
#11447 = AXIS2_PLACEMENT_3D('',#11448,#11449,#11450);
#11448 = CARTESIAN_POINT('',(0.24,-5.4,-2.92));
#11449 = DIRECTION('',(-0.707106781187,1.735167508357E-18,0.707106781187
    ));
#11450 = DIRECTION('',(1.226948711654E-18,1.,-1.226948711654E-18));
#11451 = ADVANCED_FACE('',(#11452),#11477,.F.);
#11452 = FACE_BOUND('',#11453,.T.);
#11453 = EDGE_LOOP('',(#11454,#11462,#11463,#11471));
#11454 = ORIENTED_EDGE('',*,*,#11455,.F.);
#11455 = EDGE_CURVE('',#10504,#11456,#11458,.T.);
#11456 = VERTEX_POINT('',#11457);
#11457 = CARTESIAN_POINT('',(-0.16,-10.,-3.));
#11458 = LINE('',#11459,#11460);
#11459 = CARTESIAN_POINT('',(-0.16,-10.,-3.));
#11460 = VECTOR('',#11461,1.);
#11461 = DIRECTION('',(0.57735026919,-0.57735026919,-0.57735026919));
#11462 = ORIENTED_EDGE('',*,*,#10503,.T.);
#11463 = ORIENTED_EDGE('',*,*,#11464,.T.);
#11464 = EDGE_CURVE('',#10496,#11465,#11467,.T.);
#11465 = VERTEX_POINT('',#11466);
#11466 = CARTESIAN_POINT('',(0.16,-10.,-3.));
#11467 = LINE('',#11468,#11469);
#11468 = CARTESIAN_POINT('',(5.333333333333E-02,-10.10666666666,
    -3.106666666667));
#11469 = VECTOR('',#11470,1.);
#11470 = DIRECTION('',(-0.57735026919,-0.57735026919,-0.57735026919));
#11471 = ORIENTED_EDGE('',*,*,#11472,.F.);
#11472 = EDGE_CURVE('',#11456,#11465,#11473,.T.);
#11473 = LINE('',#11474,#11475);
#11474 = CARTESIAN_POINT('',(-0.32,-10.,-3.));
#11475 = VECTOR('',#11476,1.);
#11476 = DIRECTION('',(1.,0.,0.));
#11477 = PLANE('',#11478);
#11478 = AXIS2_PLACEMENT_3D('',#11479,#11480,#11481);
#11479 = CARTESIAN_POINT('',(-0.32,-9.92,-2.92));
#11480 = DIRECTION('',(-1.735167508357E-18,-0.707106781187,
    0.707106781187));
#11481 = DIRECTION('',(-1.,1.226948711654E-18,-1.226948711654E-18));
#11482 = ADVANCED_FACE('',(#11483),#11501,.T.);
#11483 = FACE_BOUND('',#11484,.T.);
#11484 = EDGE_LOOP('',(#11485,#11493,#11494,#11495));
#11485 = ORIENTED_EDGE('',*,*,#11486,.F.);
#11486 = EDGE_CURVE('',#10527,#11487,#11489,.T.);
#11487 = VERTEX_POINT('',#11488);
#11488 = CARTESIAN_POINT('',(-0.16,-10.32,-3.));
#11489 = LINE('',#11490,#11491);
#11490 = CARTESIAN_POINT('',(-0.266666666667,-10.42666666666,
    -2.893333333333));
#11491 = VECTOR('',#11492,1.);
#11492 = DIRECTION('',(0.57735026919,0.57735026919,-0.57735026919));
#11493 = ORIENTED_EDGE('',*,*,#10534,.T.);
#11494 = ORIENTED_EDGE('',*,*,#11455,.T.);
#11495 = ORIENTED_EDGE('',*,*,#11496,.F.);
#11496 = EDGE_CURVE('',#11487,#11456,#11497,.T.);
#11497 = LINE('',#11498,#11499);
#11498 = CARTESIAN_POINT('',(-0.16,-10.48,-3.));
#11499 = VECTOR('',#11500,1.);
#11500 = DIRECTION('',(0.,1.,0.));
#11501 = PLANE('',#11502);
#11502 = AXIS2_PLACEMENT_3D('',#11503,#11504,#11505);
#11503 = CARTESIAN_POINT('',(-0.24,-10.48,-2.92));
#11504 = DIRECTION('',(-0.707106781187,-1.735167508357E-18,
    -0.707106781187));
#11505 = DIRECTION('',(-1.226948711654E-18,1.,-1.226948711654E-18));
#11506 = ADVANCED_FACE('',(#11507),#11525,.T.);
#11507 = FACE_BOUND('',#11508,.F.);
#11508 = EDGE_LOOP('',(#11509,#11510,#11511,#11519));
#11509 = ORIENTED_EDGE('',*,*,#11486,.F.);
#11510 = ORIENTED_EDGE('',*,*,#10558,.T.);
#11511 = ORIENTED_EDGE('',*,*,#11512,.T.);
#11512 = EDGE_CURVE('',#10551,#11513,#11515,.T.);
#11513 = VERTEX_POINT('',#11514);
#11514 = CARTESIAN_POINT('',(0.16,-10.32,-3.));
#11515 = LINE('',#11516,#11517);
#11516 = CARTESIAN_POINT('',(0.16,-10.32,-3.));
#11517 = VECTOR('',#11518,1.);
#11518 = DIRECTION('',(-0.57735026919,0.57735026919,-0.57735026919));
#11519 = ORIENTED_EDGE('',*,*,#11520,.F.);
#11520 = EDGE_CURVE('',#11487,#11513,#11521,.T.);
#11521 = LINE('',#11522,#11523);
#11522 = CARTESIAN_POINT('',(-0.32,-10.32,-3.));
#11523 = VECTOR('',#11524,1.);
#11524 = DIRECTION('',(1.,0.,0.));
#11525 = PLANE('',#11526);
#11526 = AXIS2_PLACEMENT_3D('',#11527,#11528,#11529);
#11527 = CARTESIAN_POINT('',(-0.32,-10.4,-2.92));
#11528 = DIRECTION('',(1.735167508357E-18,-0.707106781187,
    -0.707106781187));
#11529 = DIRECTION('',(-1.,-1.226948711654E-18,-1.226948711654E-18));
#11530 = ADVANCED_FACE('',(#11531),#11542,.F.);
#11531 = FACE_BOUND('',#11532,.F.);
#11532 = EDGE_LOOP('',(#11533,#11534,#11535,#11536));
#11533 = ORIENTED_EDGE('',*,*,#11512,.F.);
#11534 = ORIENTED_EDGE('',*,*,#10575,.T.);
#11535 = ORIENTED_EDGE('',*,*,#11464,.T.);
#11536 = ORIENTED_EDGE('',*,*,#11537,.F.);
#11537 = EDGE_CURVE('',#11513,#11465,#11538,.T.);
#11538 = LINE('',#11539,#11540);
#11539 = CARTESIAN_POINT('',(0.16,-10.48,-3.));
#11540 = VECTOR('',#11541,1.);
#11541 = DIRECTION('',(0.,1.,0.));
#11542 = PLANE('',#11543);
#11543 = AXIS2_PLACEMENT_3D('',#11544,#11545,#11546);
#11544 = CARTESIAN_POINT('',(0.24,-10.48,-2.92));
#11545 = DIRECTION('',(-0.707106781187,1.735167508357E-18,0.707106781187
    ));
#11546 = DIRECTION('',(1.226948711654E-18,1.,-1.226948711654E-18));
#11547 = ADVANCED_FACE('',(#11548),#11573,.T.);
#11548 = FACE_BOUND('',#11549,.F.);
#11549 = EDGE_LOOP('',(#11550,#11558,#11559,#11567));
#11550 = ORIENTED_EDGE('',*,*,#11551,.F.);
#11551 = EDGE_CURVE('',#10600,#11552,#11554,.T.);
#11552 = VERTEX_POINT('',#11553);
#11553 = CARTESIAN_POINT('',(-0.16,-7.78,-3.));
#11554 = LINE('',#11555,#11556);
#11555 = CARTESIAN_POINT('',(-0.266666666667,-7.886666666667,
    -2.893333333333));
#11556 = VECTOR('',#11557,1.);
#11557 = DIRECTION('',(0.57735026919,0.57735026919,-0.57735026919));
#11558 = ORIENTED_EDGE('',*,*,#10599,.T.);
#11559 = ORIENTED_EDGE('',*,*,#11560,.T.);
#11560 = EDGE_CURVE('',#10592,#11561,#11563,.T.);
#11561 = VERTEX_POINT('',#11562);
#11562 = CARTESIAN_POINT('',(0.16,-7.78,-3.));
#11563 = LINE('',#11564,#11565);
#11564 = CARTESIAN_POINT('',(0.16,-7.78,-3.));
#11565 = VECTOR('',#11566,1.);
#11566 = DIRECTION('',(-0.57735026919,0.57735026919,-0.57735026919));
#11567 = ORIENTED_EDGE('',*,*,#11568,.F.);
#11568 = EDGE_CURVE('',#11552,#11561,#11569,.T.);
#11569 = LINE('',#11570,#11571);
#11570 = CARTESIAN_POINT('',(-0.32,-7.78,-3.));
#11571 = VECTOR('',#11572,1.);
#11572 = DIRECTION('',(1.,0.,0.));
#11573 = PLANE('',#11574);
#11574 = AXIS2_PLACEMENT_3D('',#11575,#11576,#11577);
#11575 = CARTESIAN_POINT('',(-0.32,-7.86,-2.92));
#11576 = DIRECTION('',(1.735167508357E-18,-0.707106781187,
    -0.707106781187));
#11577 = DIRECTION('',(-1.,-1.226948711654E-18,-1.226948711654E-18));
#11578 = ADVANCED_FACE('',(#11579),#11597,.F.);
#11579 = FACE_BOUND('',#11580,.F.);
#11580 = EDGE_LOOP('',(#11581,#11582,#11583,#11591));
#11581 = ORIENTED_EDGE('',*,*,#11560,.F.);
#11582 = ORIENTED_EDGE('',*,*,#10623,.T.);
#11583 = ORIENTED_EDGE('',*,*,#11584,.T.);
#11584 = EDGE_CURVE('',#10624,#11585,#11587,.T.);
#11585 = VERTEX_POINT('',#11586);
#11586 = CARTESIAN_POINT('',(0.16,-7.46,-3.));
#11587 = LINE('',#11588,#11589);
#11588 = CARTESIAN_POINT('',(5.333333333333E-02,-7.566666666667,
    -3.106666666667));
#11589 = VECTOR('',#11590,1.);
#11590 = DIRECTION('',(-0.57735026919,-0.57735026919,-0.57735026919));
#11591 = ORIENTED_EDGE('',*,*,#11592,.F.);
#11592 = EDGE_CURVE('',#11561,#11585,#11593,.T.);
#11593 = LINE('',#11594,#11595);
#11594 = CARTESIAN_POINT('',(0.16,-7.94,-3.));
#11595 = VECTOR('',#11596,1.);
#11596 = DIRECTION('',(0.,1.,0.));
#11597 = PLANE('',#11598);
#11598 = AXIS2_PLACEMENT_3D('',#11599,#11600,#11601);
#11599 = CARTESIAN_POINT('',(0.24,-7.94,-2.92));
#11600 = DIRECTION('',(-0.707106781187,1.735167508357E-18,0.707106781187
    ));
#11601 = DIRECTION('',(1.226948711654E-18,1.,-1.226948711654E-18));
#11602 = ADVANCED_FACE('',(#11603),#11621,.F.);
#11603 = FACE_BOUND('',#11604,.T.);
#11604 = EDGE_LOOP('',(#11605,#11613,#11614,#11615));
#11605 = ORIENTED_EDGE('',*,*,#11606,.F.);
#11606 = EDGE_CURVE('',#10648,#11607,#11609,.T.);
#11607 = VERTEX_POINT('',#11608);
#11608 = CARTESIAN_POINT('',(-0.16,-7.46,-3.));
#11609 = LINE('',#11610,#11611);
#11610 = CARTESIAN_POINT('',(-0.16,-7.46,-3.));
#11611 = VECTOR('',#11612,1.);
#11612 = DIRECTION('',(0.57735026919,-0.57735026919,-0.57735026919));
#11613 = ORIENTED_EDGE('',*,*,#10647,.T.);
#11614 = ORIENTED_EDGE('',*,*,#11584,.T.);
#11615 = ORIENTED_EDGE('',*,*,#11616,.F.);
#11616 = EDGE_CURVE('',#11607,#11585,#11617,.T.);
#11617 = LINE('',#11618,#11619);
#11618 = CARTESIAN_POINT('',(-0.32,-7.46,-3.));
#11619 = VECTOR('',#11620,1.);
#11620 = DIRECTION('',(1.,0.,0.));
#11621 = PLANE('',#11622);
#11622 = AXIS2_PLACEMENT_3D('',#11623,#11624,#11625);
#11623 = CARTESIAN_POINT('',(-0.32,-7.38,-2.92));
#11624 = DIRECTION('',(-1.735167508357E-18,-0.707106781187,
    0.707106781187));
#11625 = DIRECTION('',(-1.,1.226948711654E-18,-1.226948711654E-18));
#11626 = ADVANCED_FACE('',(#11627),#11638,.T.);
#11627 = FACE_BOUND('',#11628,.T.);
#11628 = EDGE_LOOP('',(#11629,#11630,#11631,#11632));
#11629 = ORIENTED_EDGE('',*,*,#11551,.F.);
#11630 = ORIENTED_EDGE('',*,*,#10671,.T.);
#11631 = ORIENTED_EDGE('',*,*,#11606,.T.);
#11632 = ORIENTED_EDGE('',*,*,#11633,.F.);
#11633 = EDGE_CURVE('',#11552,#11607,#11634,.T.);
#11634 = LINE('',#11635,#11636);
#11635 = CARTESIAN_POINT('',(-0.16,-7.94,-3.));
#11636 = VECTOR('',#11637,1.);
#11637 = DIRECTION('',(0.,1.,0.));
#11638 = PLANE('',#11639);
#11639 = AXIS2_PLACEMENT_3D('',#11640,#11641,#11642);
#11640 = CARTESIAN_POINT('',(-0.24,-7.94,-2.92));
#11641 = DIRECTION('',(-0.707106781187,-1.735167508357E-18,
    -0.707106781187));
#11642 = DIRECTION('',(-1.226948711654E-18,1.,-1.226948711654E-18));
#11643 = ADVANCED_FACE('',(#11644),#11669,.T.);
#11644 = FACE_BOUND('',#11645,.T.);
#11645 = EDGE_LOOP('',(#11646,#11654,#11655,#11663));
#11646 = ORIENTED_EDGE('',*,*,#11647,.F.);
#11647 = EDGE_CURVE('',#10688,#11648,#11650,.T.);
#11648 = VERTEX_POINT('',#11649);
#11649 = CARTESIAN_POINT('',(0.16,-0.16,8.54));
#11650 = LINE('',#11651,#11652);
#11651 = CARTESIAN_POINT('',(0.16,-0.16,8.54));
#11652 = VECTOR('',#11653,1.);
#11653 = DIRECTION('',(-0.57735026919,0.57735026919,0.57735026919));
#11654 = ORIENTED_EDGE('',*,*,#10704,.T.);
#11655 = ORIENTED_EDGE('',*,*,#11656,.T.);
#11656 = EDGE_CURVE('',#10697,#11657,#11659,.T.);
#11657 = VERTEX_POINT('',#11658);
#11658 = CARTESIAN_POINT('',(0.16,0.16,8.54));
#11659 = LINE('',#11660,#11661);
#11660 = CARTESIAN_POINT('',(5.333333333333E-02,5.333333333333E-02,
    8.646666666667));
#11661 = VECTOR('',#11662,1.);
#11662 = DIRECTION('',(-0.57735026919,-0.57735026919,0.57735026919));
#11663 = ORIENTED_EDGE('',*,*,#11664,.F.);
#11664 = EDGE_CURVE('',#11648,#11657,#11665,.T.);
#11665 = LINE('',#11666,#11667);
#11666 = CARTESIAN_POINT('',(0.16,-0.32,8.54));
#11667 = VECTOR('',#11668,1.);
#11668 = DIRECTION('',(0.,1.,0.));
#11669 = PLANE('',#11670);
#11670 = AXIS2_PLACEMENT_3D('',#11671,#11672,#11673);
#11671 = CARTESIAN_POINT('',(0.24,-0.32,8.46));
#11672 = DIRECTION('',(0.707106781187,-1.735167508357E-18,0.707106781187
    ));
#11673 = DIRECTION('',(1.226948711654E-18,1.,1.226948711654E-18));
#11674 = ADVANCED_FACE('',(#11675),#11693,.T.);
#11675 = FACE_BOUND('',#11676,.F.);
#11676 = EDGE_LOOP('',(#11677,#11685,#11686,#11687));
#11677 = ORIENTED_EDGE('',*,*,#11678,.F.);
#11678 = EDGE_CURVE('',#10721,#11679,#11681,.T.);
#11679 = VERTEX_POINT('',#11680);
#11680 = CARTESIAN_POINT('',(-0.16,0.16,8.54));
#11681 = LINE('',#11682,#11683);
#11682 = CARTESIAN_POINT('',(-0.16,0.16,8.54));
#11683 = VECTOR('',#11684,1.);
#11684 = DIRECTION('',(0.57735026919,-0.57735026919,0.57735026919));
#11685 = ORIENTED_EDGE('',*,*,#10728,.T.);
#11686 = ORIENTED_EDGE('',*,*,#11656,.T.);
#11687 = ORIENTED_EDGE('',*,*,#11688,.F.);
#11688 = EDGE_CURVE('',#11679,#11657,#11689,.T.);
#11689 = LINE('',#11690,#11691);
#11690 = CARTESIAN_POINT('',(-0.32,0.16,8.54));
#11691 = VECTOR('',#11692,1.);
#11692 = DIRECTION('',(1.,0.,0.));
#11693 = PLANE('',#11694);
#11694 = AXIS2_PLACEMENT_3D('',#11695,#11696,#11697);
#11695 = CARTESIAN_POINT('',(-0.32,0.24,8.46));
#11696 = DIRECTION('',(1.735167508357E-18,0.707106781187,0.707106781187)
  );
#11697 = DIRECTION('',(-1.,1.226948711654E-18,1.226948711654E-18));
#11698 = ADVANCED_FACE('',(#11699),#11717,.F.);
#11699 = FACE_BOUND('',#11700,.F.);
#11700 = EDGE_LOOP('',(#11701,#11709,#11710,#11711));
#11701 = ORIENTED_EDGE('',*,*,#11702,.F.);
#11702 = EDGE_CURVE('',#10743,#11703,#11705,.T.);
#11703 = VERTEX_POINT('',#11704);
#11704 = CARTESIAN_POINT('',(-0.16,-0.16,8.54));
#11705 = LINE('',#11706,#11707);
#11706 = CARTESIAN_POINT('',(-0.266666666667,-0.266666666667,
    8.433333333333));
#11707 = VECTOR('',#11708,1.);
#11708 = DIRECTION('',(0.57735026919,0.57735026919,0.57735026919));
#11709 = ORIENTED_EDGE('',*,*,#10752,.T.);
#11710 = ORIENTED_EDGE('',*,*,#11678,.T.);
#11711 = ORIENTED_EDGE('',*,*,#11712,.F.);
#11712 = EDGE_CURVE('',#11703,#11679,#11713,.T.);
#11713 = LINE('',#11714,#11715);
#11714 = CARTESIAN_POINT('',(-0.16,-0.32,8.54));
#11715 = VECTOR('',#11716,1.);
#11716 = DIRECTION('',(0.,1.,0.));
#11717 = PLANE('',#11718);
#11718 = AXIS2_PLACEMENT_3D('',#11719,#11720,#11721);
#11719 = CARTESIAN_POINT('',(-0.24,-0.32,8.46));
#11720 = DIRECTION('',(0.707106781187,1.735167508357E-18,-0.707106781187
    ));
#11721 = DIRECTION('',(-1.226948711654E-18,1.,1.226948711654E-18));
#11722 = ADVANCED_FACE('',(#11723),#11734,.F.);
#11723 = FACE_BOUND('',#11724,.T.);
#11724 = EDGE_LOOP('',(#11725,#11726,#11727,#11728));
#11725 = ORIENTED_EDGE('',*,*,#11702,.F.);
#11726 = ORIENTED_EDGE('',*,*,#10769,.T.);
#11727 = ORIENTED_EDGE('',*,*,#11647,.T.);
#11728 = ORIENTED_EDGE('',*,*,#11729,.F.);
#11729 = EDGE_CURVE('',#11703,#11648,#11730,.T.);
#11730 = LINE('',#11731,#11732);
#11731 = CARTESIAN_POINT('',(-0.32,-0.16,8.54));
#11732 = VECTOR('',#11733,1.);
#11733 = DIRECTION('',(1.,0.,0.));
#11734 = PLANE('',#11735);
#11735 = AXIS2_PLACEMENT_3D('',#11736,#11737,#11738);
#11736 = CARTESIAN_POINT('',(-0.32,-0.24,8.46));
#11737 = DIRECTION('',(-1.735167508357E-18,0.707106781187,
    -0.707106781187));
#11738 = DIRECTION('',(-1.,-1.226948711654E-18,1.226948711654E-18));
#11739 = ADVANCED_FACE('',(#11740),#11765,.T.);
#11740 = FACE_BOUND('',#11741,.F.);
#11741 = EDGE_LOOP('',(#11742,#11750,#11751,#11759));
#11742 = ORIENTED_EDGE('',*,*,#11743,.F.);
#11743 = EDGE_CURVE('',#10793,#11744,#11746,.T.);
#11744 = VERTEX_POINT('',#11745);
#11745 = CARTESIAN_POINT('',(-0.16,-2.38,8.54));
#11746 = LINE('',#11747,#11748);
#11747 = CARTESIAN_POINT('',(-0.16,-2.38,8.54));
#11748 = VECTOR('',#11749,1.);
#11749 = DIRECTION('',(0.57735026919,-0.57735026919,0.57735026919));
#11750 = ORIENTED_EDGE('',*,*,#10800,.T.);
#11751 = ORIENTED_EDGE('',*,*,#11752,.T.);
#11752 = EDGE_CURVE('',#10784,#11753,#11755,.T.);
#11753 = VERTEX_POINT('',#11754);
#11754 = CARTESIAN_POINT('',(0.16,-2.38,8.54));
#11755 = LINE('',#11756,#11757);
#11756 = CARTESIAN_POINT('',(5.333333333333E-02,-2.486666666667,
    8.646666666667));
#11757 = VECTOR('',#11758,1.);
#11758 = DIRECTION('',(-0.57735026919,-0.57735026919,0.57735026919));
#11759 = ORIENTED_EDGE('',*,*,#11760,.F.);
#11760 = EDGE_CURVE('',#11744,#11753,#11761,.T.);
#11761 = LINE('',#11762,#11763);
#11762 = CARTESIAN_POINT('',(-0.32,-2.38,8.54));
#11763 = VECTOR('',#11764,1.);
#11764 = DIRECTION('',(1.,0.,0.));
#11765 = PLANE('',#11766);
#11766 = AXIS2_PLACEMENT_3D('',#11767,#11768,#11769);
#11767 = CARTESIAN_POINT('',(-0.32,-2.3,8.46));
#11768 = DIRECTION('',(1.735167508357E-18,0.707106781187,0.707106781187)
  );
#11769 = DIRECTION('',(-1.,1.226948711654E-18,1.226948711654E-18));
#11770 = ADVANCED_FACE('',(#11771),#11789,.F.);
#11771 = FACE_BOUND('',#11772,.F.);
#11772 = EDGE_LOOP('',(#11773,#11781,#11782,#11783));
#11773 = ORIENTED_EDGE('',*,*,#11774,.F.);
#11774 = EDGE_CURVE('',#10815,#11775,#11777,.T.);
#11775 = VERTEX_POINT('',#11776);
#11776 = CARTESIAN_POINT('',(-0.16,-2.7,8.54));
#11777 = LINE('',#11778,#11779);
#11778 = CARTESIAN_POINT('',(-0.266666666667,-2.806666666667,
    8.433333333333));
#11779 = VECTOR('',#11780,1.);
#11780 = DIRECTION('',(0.57735026919,0.57735026919,0.57735026919));
#11781 = ORIENTED_EDGE('',*,*,#10824,.T.);
#11782 = ORIENTED_EDGE('',*,*,#11743,.T.);
#11783 = ORIENTED_EDGE('',*,*,#11784,.F.);
#11784 = EDGE_CURVE('',#11775,#11744,#11785,.T.);
#11785 = LINE('',#11786,#11787);
#11786 = CARTESIAN_POINT('',(-0.16,-2.86,8.54));
#11787 = VECTOR('',#11788,1.);
#11788 = DIRECTION('',(0.,1.,0.));
#11789 = PLANE('',#11790);
#11790 = AXIS2_PLACEMENT_3D('',#11791,#11792,#11793);
#11791 = CARTESIAN_POINT('',(-0.24,-2.86,8.46));
#11792 = DIRECTION('',(0.707106781187,1.735167508357E-18,-0.707106781187
    ));
#11793 = DIRECTION('',(-1.226948711654E-18,1.,1.226948711654E-18));
#11794 = ADVANCED_FACE('',(#11795),#11813,.F.);
#11795 = FACE_BOUND('',#11796,.T.);
#11796 = EDGE_LOOP('',(#11797,#11798,#11799,#11807));
#11797 = ORIENTED_EDGE('',*,*,#11774,.F.);
#11798 = ORIENTED_EDGE('',*,*,#10848,.T.);
#11799 = ORIENTED_EDGE('',*,*,#11800,.T.);
#11800 = EDGE_CURVE('',#10839,#11801,#11803,.T.);
#11801 = VERTEX_POINT('',#11802);
#11802 = CARTESIAN_POINT('',(0.16,-2.7,8.54));
#11803 = LINE('',#11804,#11805);
#11804 = CARTESIAN_POINT('',(0.16,-2.7,8.54));
#11805 = VECTOR('',#11806,1.);
#11806 = DIRECTION('',(-0.57735026919,0.57735026919,0.57735026919));
#11807 = ORIENTED_EDGE('',*,*,#11808,.F.);
#11808 = EDGE_CURVE('',#11775,#11801,#11809,.T.);
#11809 = LINE('',#11810,#11811);
#11810 = CARTESIAN_POINT('',(-0.32,-2.7,8.54));
#11811 = VECTOR('',#11812,1.);
#11812 = DIRECTION('',(1.,0.,0.));
#11813 = PLANE('',#11814);
#11814 = AXIS2_PLACEMENT_3D('',#11815,#11816,#11817);
#11815 = CARTESIAN_POINT('',(-0.32,-2.78,8.46));
#11816 = DIRECTION('',(-1.735167508357E-18,0.707106781187,
    -0.707106781187));
#11817 = DIRECTION('',(-1.,-1.226948711654E-18,1.226948711654E-18));
#11818 = ADVANCED_FACE('',(#11819),#11830,.T.);
#11819 = FACE_BOUND('',#11820,.T.);
#11820 = EDGE_LOOP('',(#11821,#11822,#11823,#11824));
#11821 = ORIENTED_EDGE('',*,*,#11800,.F.);
#11822 = ORIENTED_EDGE('',*,*,#10865,.T.);
#11823 = ORIENTED_EDGE('',*,*,#11752,.T.);
#11824 = ORIENTED_EDGE('',*,*,#11825,.F.);
#11825 = EDGE_CURVE('',#11801,#11753,#11826,.T.);
#11826 = LINE('',#11827,#11828);
#11827 = CARTESIAN_POINT('',(0.16,-2.86,8.54));
#11828 = VECTOR('',#11829,1.);
#11829 = DIRECTION('',(0.,1.,0.));
#11830 = PLANE('',#11831);
#11831 = AXIS2_PLACEMENT_3D('',#11832,#11833,#11834);
#11832 = CARTESIAN_POINT('',(0.24,-2.86,8.46));
#11833 = DIRECTION('',(0.707106781187,-1.735167508357E-18,0.707106781187
    ));
#11834 = DIRECTION('',(1.226948711654E-18,1.,1.226948711654E-18));
#11835 = ADVANCED_FACE('',(#11836),#11861,.T.);
#11836 = FACE_BOUND('',#11837,.F.);
#11837 = EDGE_LOOP('',(#11838,#11846,#11847,#11855));
#11838 = ORIENTED_EDGE('',*,*,#11839,.F.);
#11839 = EDGE_CURVE('',#10889,#11840,#11842,.T.);
#11840 = VERTEX_POINT('',#11841);
#11841 = CARTESIAN_POINT('',(-0.16,-4.92,8.54));
#11842 = LINE('',#11843,#11844);
#11843 = CARTESIAN_POINT('',(-0.16,-4.92,8.54));
#11844 = VECTOR('',#11845,1.);
#11845 = DIRECTION('',(0.57735026919,-0.57735026919,0.57735026919));
#11846 = ORIENTED_EDGE('',*,*,#10896,.T.);
#11847 = ORIENTED_EDGE('',*,*,#11848,.T.);
#11848 = EDGE_CURVE('',#10880,#11849,#11851,.T.);
#11849 = VERTEX_POINT('',#11850);
#11850 = CARTESIAN_POINT('',(0.16,-4.92,8.54));
#11851 = LINE('',#11852,#11853);
#11852 = CARTESIAN_POINT('',(5.333333333333E-02,-5.026666666667,
    8.646666666667));
#11853 = VECTOR('',#11854,1.);
#11854 = DIRECTION('',(-0.57735026919,-0.57735026919,0.57735026919));
#11855 = ORIENTED_EDGE('',*,*,#11856,.F.);
#11856 = EDGE_CURVE('',#11840,#11849,#11857,.T.);
#11857 = LINE('',#11858,#11859);
#11858 = CARTESIAN_POINT('',(-0.32,-4.92,8.54));
#11859 = VECTOR('',#11860,1.);
#11860 = DIRECTION('',(1.,0.,0.));
#11861 = PLANE('',#11862);
#11862 = AXIS2_PLACEMENT_3D('',#11863,#11864,#11865);
#11863 = CARTESIAN_POINT('',(-0.32,-4.84,8.46));
#11864 = DIRECTION('',(1.735167508357E-18,0.707106781187,0.707106781187)
  );
#11865 = DIRECTION('',(-1.,1.226948711654E-18,1.226948711654E-18));
#11866 = ADVANCED_FACE('',(#11867),#11885,.F.);
#11867 = FACE_BOUND('',#11868,.F.);
#11868 = EDGE_LOOP('',(#11869,#11877,#11878,#11879));
#11869 = ORIENTED_EDGE('',*,*,#11870,.F.);
#11870 = EDGE_CURVE('',#10911,#11871,#11873,.T.);
#11871 = VERTEX_POINT('',#11872);
#11872 = CARTESIAN_POINT('',(-0.16,-5.24,8.54));
#11873 = LINE('',#11874,#11875);
#11874 = CARTESIAN_POINT('',(-0.266666666667,-5.346666666667,
    8.433333333333));
#11875 = VECTOR('',#11876,1.);
#11876 = DIRECTION('',(0.57735026919,0.57735026919,0.57735026919));
#11877 = ORIENTED_EDGE('',*,*,#10920,.T.);
#11878 = ORIENTED_EDGE('',*,*,#11839,.T.);
#11879 = ORIENTED_EDGE('',*,*,#11880,.F.);
#11880 = EDGE_CURVE('',#11871,#11840,#11881,.T.);
#11881 = LINE('',#11882,#11883);
#11882 = CARTESIAN_POINT('',(-0.16,-5.4,8.54));
#11883 = VECTOR('',#11884,1.);
#11884 = DIRECTION('',(0.,1.,0.));
#11885 = PLANE('',#11886);
#11886 = AXIS2_PLACEMENT_3D('',#11887,#11888,#11889);
#11887 = CARTESIAN_POINT('',(-0.24,-5.4,8.46));
#11888 = DIRECTION('',(0.707106781187,1.735167508357E-18,-0.707106781187
    ));
#11889 = DIRECTION('',(-1.226948711654E-18,1.,1.226948711654E-18));
#11890 = ADVANCED_FACE('',(#11891),#11909,.F.);
#11891 = FACE_BOUND('',#11892,.T.);
#11892 = EDGE_LOOP('',(#11893,#11894,#11895,#11903));
#11893 = ORIENTED_EDGE('',*,*,#11870,.F.);
#11894 = ORIENTED_EDGE('',*,*,#10944,.T.);
#11895 = ORIENTED_EDGE('',*,*,#11896,.T.);
#11896 = EDGE_CURVE('',#10935,#11897,#11899,.T.);
#11897 = VERTEX_POINT('',#11898);
#11898 = CARTESIAN_POINT('',(0.16,-5.24,8.54));
#11899 = LINE('',#11900,#11901);
#11900 = CARTESIAN_POINT('',(0.16,-5.24,8.54));
#11901 = VECTOR('',#11902,1.);
#11902 = DIRECTION('',(-0.57735026919,0.57735026919,0.57735026919));
#11903 = ORIENTED_EDGE('',*,*,#11904,.F.);
#11904 = EDGE_CURVE('',#11871,#11897,#11905,.T.);
#11905 = LINE('',#11906,#11907);
#11906 = CARTESIAN_POINT('',(-0.32,-5.24,8.54));
#11907 = VECTOR('',#11908,1.);
#11908 = DIRECTION('',(1.,0.,0.));
#11909 = PLANE('',#11910);
#11910 = AXIS2_PLACEMENT_3D('',#11911,#11912,#11913);
#11911 = CARTESIAN_POINT('',(-0.32,-5.32,8.46));
#11912 = DIRECTION('',(-1.735167508357E-18,0.707106781187,
    -0.707106781187));
#11913 = DIRECTION('',(-1.,-1.226948711654E-18,1.226948711654E-18));
#11914 = ADVANCED_FACE('',(#11915),#11926,.T.);
#11915 = FACE_BOUND('',#11916,.T.);
#11916 = EDGE_LOOP('',(#11917,#11918,#11919,#11920));
#11917 = ORIENTED_EDGE('',*,*,#11896,.F.);
#11918 = ORIENTED_EDGE('',*,*,#10961,.T.);
#11919 = ORIENTED_EDGE('',*,*,#11848,.T.);
#11920 = ORIENTED_EDGE('',*,*,#11921,.F.);
#11921 = EDGE_CURVE('',#11897,#11849,#11922,.T.);
#11922 = LINE('',#11923,#11924);
#11923 = CARTESIAN_POINT('',(0.16,-5.4,8.54));
#11924 = VECTOR('',#11925,1.);
#11925 = DIRECTION('',(0.,1.,0.));
#11926 = PLANE('',#11927);
#11927 = AXIS2_PLACEMENT_3D('',#11928,#11929,#11930);
#11928 = CARTESIAN_POINT('',(0.24,-5.4,8.46));
#11929 = DIRECTION('',(0.707106781187,-1.735167508357E-18,0.707106781187
    ));
#11930 = DIRECTION('',(1.226948711654E-18,1.,1.226948711654E-18));
#11931 = ADVANCED_FACE('',(#11932),#11957,.T.);
#11932 = FACE_BOUND('',#11933,.F.);
#11933 = EDGE_LOOP('',(#11934,#11942,#11943,#11951));
#11934 = ORIENTED_EDGE('',*,*,#11935,.F.);
#11935 = EDGE_CURVE('',#10985,#11936,#11938,.T.);
#11936 = VERTEX_POINT('',#11937);
#11937 = CARTESIAN_POINT('',(-0.16,-10.,8.54));
#11938 = LINE('',#11939,#11940);
#11939 = CARTESIAN_POINT('',(-0.16,-10.,8.54));
#11940 = VECTOR('',#11941,1.);
#11941 = DIRECTION('',(0.57735026919,-0.57735026919,0.57735026919));
#11942 = ORIENTED_EDGE('',*,*,#10992,.T.);
#11943 = ORIENTED_EDGE('',*,*,#11944,.T.);
#11944 = EDGE_CURVE('',#10976,#11945,#11947,.T.);
#11945 = VERTEX_POINT('',#11946);
#11946 = CARTESIAN_POINT('',(0.16,-10.,8.54));
#11947 = LINE('',#11948,#11949);
#11948 = CARTESIAN_POINT('',(5.333333333333E-02,-10.10666666666,
    8.646666666667));
#11949 = VECTOR('',#11950,1.);
#11950 = DIRECTION('',(-0.57735026919,-0.57735026919,0.57735026919));
#11951 = ORIENTED_EDGE('',*,*,#11952,.F.);
#11952 = EDGE_CURVE('',#11936,#11945,#11953,.T.);
#11953 = LINE('',#11954,#11955);
#11954 = CARTESIAN_POINT('',(-0.32,-10.,8.54));
#11955 = VECTOR('',#11956,1.);
#11956 = DIRECTION('',(1.,0.,0.));
#11957 = PLANE('',#11958);
#11958 = AXIS2_PLACEMENT_3D('',#11959,#11960,#11961);
#11959 = CARTESIAN_POINT('',(-0.32,-9.92,8.46));
#11960 = DIRECTION('',(1.735167508357E-18,0.707106781187,0.707106781187)
  );
#11961 = DIRECTION('',(-1.,1.226948711654E-18,1.226948711654E-18));
#11962 = ADVANCED_FACE('',(#11963),#11981,.F.);
#11963 = FACE_BOUND('',#11964,.F.);
#11964 = EDGE_LOOP('',(#11965,#11973,#11974,#11975));
#11965 = ORIENTED_EDGE('',*,*,#11966,.F.);
#11966 = EDGE_CURVE('',#11007,#11967,#11969,.T.);
#11967 = VERTEX_POINT('',#11968);
#11968 = CARTESIAN_POINT('',(-0.16,-10.32,8.54));
#11969 = LINE('',#11970,#11971);
#11970 = CARTESIAN_POINT('',(-0.266666666667,-10.42666666666,
    8.433333333333));
#11971 = VECTOR('',#11972,1.);
#11972 = DIRECTION('',(0.57735026919,0.57735026919,0.57735026919));
#11973 = ORIENTED_EDGE('',*,*,#11016,.T.);
#11974 = ORIENTED_EDGE('',*,*,#11935,.T.);
#11975 = ORIENTED_EDGE('',*,*,#11976,.F.);
#11976 = EDGE_CURVE('',#11967,#11936,#11977,.T.);
#11977 = LINE('',#11978,#11979);
#11978 = CARTESIAN_POINT('',(-0.16,-10.48,8.54));
#11979 = VECTOR('',#11980,1.);
#11980 = DIRECTION('',(0.,1.,0.));
#11981 = PLANE('',#11982);
#11982 = AXIS2_PLACEMENT_3D('',#11983,#11984,#11985);
#11983 = CARTESIAN_POINT('',(-0.24,-10.48,8.46));
#11984 = DIRECTION('',(0.707106781187,1.735167508357E-18,-0.707106781187
    ));
#11985 = DIRECTION('',(-1.226948711654E-18,1.,1.226948711654E-18));
#11986 = ADVANCED_FACE('',(#11987),#12005,.F.);
#11987 = FACE_BOUND('',#11988,.T.);
#11988 = EDGE_LOOP('',(#11989,#11990,#11991,#11999));
#11989 = ORIENTED_EDGE('',*,*,#11966,.F.);
#11990 = ORIENTED_EDGE('',*,*,#11040,.T.);
#11991 = ORIENTED_EDGE('',*,*,#11992,.T.);
#11992 = EDGE_CURVE('',#11031,#11993,#11995,.T.);
#11993 = VERTEX_POINT('',#11994);
#11994 = CARTESIAN_POINT('',(0.16,-10.32,8.54));
#11995 = LINE('',#11996,#11997);
#11996 = CARTESIAN_POINT('',(0.16,-10.32,8.54));
#11997 = VECTOR('',#11998,1.);
#11998 = DIRECTION('',(-0.57735026919,0.57735026919,0.57735026919));
#11999 = ORIENTED_EDGE('',*,*,#12000,.F.);
#12000 = EDGE_CURVE('',#11967,#11993,#12001,.T.);
#12001 = LINE('',#12002,#12003);
#12002 = CARTESIAN_POINT('',(-0.32,-10.32,8.54));
#12003 = VECTOR('',#12004,1.);
#12004 = DIRECTION('',(1.,0.,0.));
#12005 = PLANE('',#12006);
#12006 = AXIS2_PLACEMENT_3D('',#12007,#12008,#12009);
#12007 = CARTESIAN_POINT('',(-0.32,-10.4,8.46));
#12008 = DIRECTION('',(-1.735167508357E-18,0.707106781187,
    -0.707106781187));
#12009 = DIRECTION('',(-1.,-1.226948711654E-18,1.226948711654E-18));
#12010 = ADVANCED_FACE('',(#12011),#12022,.T.);
#12011 = FACE_BOUND('',#12012,.T.);
#12012 = EDGE_LOOP('',(#12013,#12014,#12015,#12016));
#12013 = ORIENTED_EDGE('',*,*,#11992,.F.);
#12014 = ORIENTED_EDGE('',*,*,#11057,.T.);
#12015 = ORIENTED_EDGE('',*,*,#11944,.T.);
#12016 = ORIENTED_EDGE('',*,*,#12017,.F.);
#12017 = EDGE_CURVE('',#11993,#11945,#12018,.T.);
#12018 = LINE('',#12019,#12020);
#12019 = CARTESIAN_POINT('',(0.16,-10.48,8.54));
#12020 = VECTOR('',#12021,1.);
#12021 = DIRECTION('',(0.,1.,0.));
#12022 = PLANE('',#12023);
#12023 = AXIS2_PLACEMENT_3D('',#12024,#12025,#12026);
#12024 = CARTESIAN_POINT('',(0.24,-10.48,8.46));
#12025 = DIRECTION('',(0.707106781187,-1.735167508357E-18,0.707106781187
    ));
#12026 = DIRECTION('',(1.226948711654E-18,1.,1.226948711654E-18));
#12027 = ADVANCED_FACE('',(#12028),#12053,.F.);
#12028 = FACE_BOUND('',#12029,.T.);
#12029 = EDGE_LOOP('',(#12030,#12038,#12039,#12047));
#12030 = ORIENTED_EDGE('',*,*,#12031,.F.);
#12031 = EDGE_CURVE('',#11081,#12032,#12034,.T.);
#12032 = VERTEX_POINT('',#12033);
#12033 = CARTESIAN_POINT('',(-0.16,-7.78,8.54));
#12034 = LINE('',#12035,#12036);
#12035 = CARTESIAN_POINT('',(-0.266666666667,-7.886666666667,
    8.433333333333));
#12036 = VECTOR('',#12037,1.);
#12037 = DIRECTION('',(0.57735026919,0.57735026919,0.57735026919));
#12038 = ORIENTED_EDGE('',*,*,#11088,.T.);
#12039 = ORIENTED_EDGE('',*,*,#12040,.T.);
#12040 = EDGE_CURVE('',#11072,#12041,#12043,.T.);
#12041 = VERTEX_POINT('',#12042);
#12042 = CARTESIAN_POINT('',(0.16,-7.78,8.54));
#12043 = LINE('',#12044,#12045);
#12044 = CARTESIAN_POINT('',(0.16,-7.78,8.54));
#12045 = VECTOR('',#12046,1.);
#12046 = DIRECTION('',(-0.57735026919,0.57735026919,0.57735026919));
#12047 = ORIENTED_EDGE('',*,*,#12048,.F.);
#12048 = EDGE_CURVE('',#12032,#12041,#12049,.T.);
#12049 = LINE('',#12050,#12051);
#12050 = CARTESIAN_POINT('',(-0.32,-7.78,8.54));
#12051 = VECTOR('',#12052,1.);
#12052 = DIRECTION('',(1.,0.,0.));
#12053 = PLANE('',#12054);
#12054 = AXIS2_PLACEMENT_3D('',#12055,#12056,#12057);
#12055 = CARTESIAN_POINT('',(-0.32,-7.86,8.46));
#12056 = DIRECTION('',(-1.735167508357E-18,0.707106781187,
    -0.707106781187));
#12057 = DIRECTION('',(-1.,-1.226948711654E-18,1.226948711654E-18));
#12058 = ADVANCED_FACE('',(#12059),#12077,.T.);
#12059 = FACE_BOUND('',#12060,.T.);
#12060 = EDGE_LOOP('',(#12061,#12062,#12063,#12071));
#12061 = ORIENTED_EDGE('',*,*,#12040,.F.);
#12062 = ORIENTED_EDGE('',*,*,#11112,.T.);
#12063 = ORIENTED_EDGE('',*,*,#12064,.T.);
#12064 = EDGE_CURVE('',#11105,#12065,#12067,.T.);
#12065 = VERTEX_POINT('',#12066);
#12066 = CARTESIAN_POINT('',(0.16,-7.46,8.54));
#12067 = LINE('',#12068,#12069);
#12068 = CARTESIAN_POINT('',(5.333333333333E-02,-7.566666666667,
    8.646666666667));
#12069 = VECTOR('',#12070,1.);
#12070 = DIRECTION('',(-0.57735026919,-0.57735026919,0.57735026919));
#12071 = ORIENTED_EDGE('',*,*,#12072,.F.);
#12072 = EDGE_CURVE('',#12041,#12065,#12073,.T.);
#12073 = LINE('',#12074,#12075);
#12074 = CARTESIAN_POINT('',(0.16,-7.94,8.54));
#12075 = VECTOR('',#12076,1.);
#12076 = DIRECTION('',(0.,1.,0.));
#12077 = PLANE('',#12078);
#12078 = AXIS2_PLACEMENT_3D('',#12079,#12080,#12081);
#12079 = CARTESIAN_POINT('',(0.24,-7.94,8.46));
#12080 = DIRECTION('',(0.707106781187,-1.735167508357E-18,0.707106781187
    ));
#12081 = DIRECTION('',(1.226948711654E-18,1.,1.226948711654E-18));
#12082 = ADVANCED_FACE('',(#12083),#12101,.T.);
#12083 = FACE_BOUND('',#12084,.F.);
#12084 = EDGE_LOOP('',(#12085,#12093,#12094,#12095));
#12085 = ORIENTED_EDGE('',*,*,#12086,.F.);
#12086 = EDGE_CURVE('',#11129,#12087,#12089,.T.);
#12087 = VERTEX_POINT('',#12088);
#12088 = CARTESIAN_POINT('',(-0.16,-7.46,8.54));
#12089 = LINE('',#12090,#12091);
#12090 = CARTESIAN_POINT('',(-0.16,-7.46,8.54));
#12091 = VECTOR('',#12092,1.);
#12092 = DIRECTION('',(0.57735026919,-0.57735026919,0.57735026919));
#12093 = ORIENTED_EDGE('',*,*,#11136,.T.);
#12094 = ORIENTED_EDGE('',*,*,#12064,.T.);
#12095 = ORIENTED_EDGE('',*,*,#12096,.F.);
#12096 = EDGE_CURVE('',#12087,#12065,#12097,.T.);
#12097 = LINE('',#12098,#12099);
#12098 = CARTESIAN_POINT('',(-0.32,-7.46,8.54));
#12099 = VECTOR('',#12100,1.);
#12100 = DIRECTION('',(1.,0.,0.));
#12101 = PLANE('',#12102);
#12102 = AXIS2_PLACEMENT_3D('',#12103,#12104,#12105);
#12103 = CARTESIAN_POINT('',(-0.32,-7.38,8.46));
#12104 = DIRECTION('',(1.735167508357E-18,0.707106781187,0.707106781187)
  );
#12105 = DIRECTION('',(-1.,1.226948711654E-18,1.226948711654E-18));
#12106 = ADVANCED_FACE('',(#12107),#12118,.F.);
#12107 = FACE_BOUND('',#12108,.F.);
#12108 = EDGE_LOOP('',(#12109,#12110,#12111,#12112));
#12109 = ORIENTED_EDGE('',*,*,#12031,.F.);
#12110 = ORIENTED_EDGE('',*,*,#11153,.T.);
#12111 = ORIENTED_EDGE('',*,*,#12086,.T.);
#12112 = ORIENTED_EDGE('',*,*,#12113,.F.);
#12113 = EDGE_CURVE('',#12032,#12087,#12114,.T.);
#12114 = LINE('',#12115,#12116);
#12115 = CARTESIAN_POINT('',(-0.16,-7.94,8.54));
#12116 = VECTOR('',#12117,1.);
#12117 = DIRECTION('',(0.,1.,0.));
#12118 = PLANE('',#12119);
#12119 = AXIS2_PLACEMENT_3D('',#12120,#12121,#12122);
#12120 = CARTESIAN_POINT('',(-0.24,-7.94,8.46));
#12121 = DIRECTION('',(0.707106781187,1.735167508357E-18,-0.707106781187
    ));
#12122 = DIRECTION('',(-1.226948711654E-18,1.,1.226948711654E-18));
#12123 = ADVANCED_FACE('',(#12124),#12130,.F.);
#12124 = FACE_BOUND('',#12125,.F.);
#12125 = EDGE_LOOP('',(#12126,#12127,#12128,#12129));
#12126 = ORIENTED_EDGE('',*,*,#11249,.T.);
#12127 = ORIENTED_EDGE('',*,*,#11184,.T.);
#12128 = ORIENTED_EDGE('',*,*,#11208,.F.);
#12129 = ORIENTED_EDGE('',*,*,#11232,.F.);
#12130 = PLANE('',#12131);
#12131 = AXIS2_PLACEMENT_3D('',#12132,#12133,#12134);
#12132 = CARTESIAN_POINT('',(-0.32,-0.32,-3.));
#12133 = DIRECTION('',(0.,0.,1.));
#12134 = DIRECTION('',(1.,0.,-0.));
#12135 = ADVANCED_FACE('',(#12136),#12142,.F.);
#12136 = FACE_BOUND('',#12137,.F.);
#12137 = EDGE_LOOP('',(#12138,#12139,#12140,#12141));
#12138 = ORIENTED_EDGE('',*,*,#11328,.T.);
#12139 = ORIENTED_EDGE('',*,*,#11345,.T.);
#12140 = ORIENTED_EDGE('',*,*,#11280,.F.);
#12141 = ORIENTED_EDGE('',*,*,#11304,.F.);
#12142 = PLANE('',#12143);
#12143 = AXIS2_PLACEMENT_3D('',#12144,#12145,#12146);
#12144 = CARTESIAN_POINT('',(-0.32,-2.86,-3.));
#12145 = DIRECTION('',(0.,0.,1.));
#12146 = DIRECTION('',(1.,0.,-0.));
#12147 = ADVANCED_FACE('',(#12148),#12154,.F.);
#12148 = FACE_BOUND('',#12149,.F.);
#12149 = EDGE_LOOP('',(#12150,#12151,#12152,#12153));
#12150 = ORIENTED_EDGE('',*,*,#11424,.T.);
#12151 = ORIENTED_EDGE('',*,*,#11441,.T.);
#12152 = ORIENTED_EDGE('',*,*,#11376,.F.);
#12153 = ORIENTED_EDGE('',*,*,#11400,.F.);
#12154 = PLANE('',#12155);
#12155 = AXIS2_PLACEMENT_3D('',#12156,#12157,#12158);
#12156 = CARTESIAN_POINT('',(-0.32,-5.4,-3.));
#12157 = DIRECTION('',(0.,0.,1.));
#12158 = DIRECTION('',(1.,0.,-0.));
#12159 = ADVANCED_FACE('',(#12160),#12166,.F.);
#12160 = FACE_BOUND('',#12161,.F.);
#12161 = EDGE_LOOP('',(#12162,#12163,#12164,#12165));
#12162 = ORIENTED_EDGE('',*,*,#11520,.T.);
#12163 = ORIENTED_EDGE('',*,*,#11537,.T.);
#12164 = ORIENTED_EDGE('',*,*,#11472,.F.);
#12165 = ORIENTED_EDGE('',*,*,#11496,.F.);
#12166 = PLANE('',#12167);
#12167 = AXIS2_PLACEMENT_3D('',#12168,#12169,#12170);
#12168 = CARTESIAN_POINT('',(-0.32,-10.48,-3.));
#12169 = DIRECTION('',(0.,0.,1.));
#12170 = DIRECTION('',(1.,0.,-0.));
#12171 = ADVANCED_FACE('',(#12172),#12178,.F.);
#12172 = FACE_BOUND('',#12173,.F.);
#12173 = EDGE_LOOP('',(#12174,#12175,#12176,#12177));
#12174 = ORIENTED_EDGE('',*,*,#11568,.T.);
#12175 = ORIENTED_EDGE('',*,*,#11592,.T.);
#12176 = ORIENTED_EDGE('',*,*,#11616,.F.);
#12177 = ORIENTED_EDGE('',*,*,#11633,.F.);
#12178 = PLANE('',#12179);
#12179 = AXIS2_PLACEMENT_3D('',#12180,#12181,#12182);
#12180 = CARTESIAN_POINT('',(-0.32,-7.94,-3.));
#12181 = DIRECTION('',(0.,0.,1.));
#12182 = DIRECTION('',(1.,0.,-0.));
#12183 = ADVANCED_FACE('',(#12184),#12190,.T.);
#12184 = FACE_BOUND('',#12185,.T.);
#12185 = EDGE_LOOP('',(#12186,#12187,#12188,#12189));
#12186 = ORIENTED_EDGE('',*,*,#11664,.T.);
#12187 = ORIENTED_EDGE('',*,*,#11688,.F.);
#12188 = ORIENTED_EDGE('',*,*,#11712,.F.);
#12189 = ORIENTED_EDGE('',*,*,#11729,.T.);
#12190 = PLANE('',#12191);
#12191 = AXIS2_PLACEMENT_3D('',#12192,#12193,#12194);
#12192 = CARTESIAN_POINT('',(-0.32,-0.32,8.54));
#12193 = DIRECTION('',(0.,0.,1.));
#12194 = DIRECTION('',(1.,0.,-0.));
#12195 = ADVANCED_FACE('',(#12196),#12202,.T.);
#12196 = FACE_BOUND('',#12197,.T.);
#12197 = EDGE_LOOP('',(#12198,#12199,#12200,#12201));
#12198 = ORIENTED_EDGE('',*,*,#11825,.T.);
#12199 = ORIENTED_EDGE('',*,*,#11760,.F.);
#12200 = ORIENTED_EDGE('',*,*,#11784,.F.);
#12201 = ORIENTED_EDGE('',*,*,#11808,.T.);
#12202 = PLANE('',#12203);
#12203 = AXIS2_PLACEMENT_3D('',#12204,#12205,#12206);
#12204 = CARTESIAN_POINT('',(-0.32,-2.86,8.54));
#12205 = DIRECTION('',(0.,0.,1.));
#12206 = DIRECTION('',(1.,0.,-0.));
#12207 = ADVANCED_FACE('',(#12208),#12214,.T.);
#12208 = FACE_BOUND('',#12209,.T.);
#12209 = EDGE_LOOP('',(#12210,#12211,#12212,#12213));
#12210 = ORIENTED_EDGE('',*,*,#11921,.T.);
#12211 = ORIENTED_EDGE('',*,*,#11856,.F.);
#12212 = ORIENTED_EDGE('',*,*,#11880,.F.);
#12213 = ORIENTED_EDGE('',*,*,#11904,.T.);
#12214 = PLANE('',#12215);
#12215 = AXIS2_PLACEMENT_3D('',#12216,#12217,#12218);
#12216 = CARTESIAN_POINT('',(-0.32,-5.4,8.54));
#12217 = DIRECTION('',(0.,0.,1.));
#12218 = DIRECTION('',(1.,0.,-0.));
#12219 = ADVANCED_FACE('',(#12220),#12226,.T.);
#12220 = FACE_BOUND('',#12221,.T.);
#12221 = EDGE_LOOP('',(#12222,#12223,#12224,#12225));
#12222 = ORIENTED_EDGE('',*,*,#12017,.T.);
#12223 = ORIENTED_EDGE('',*,*,#11952,.F.);
#12224 = ORIENTED_EDGE('',*,*,#11976,.F.);
#12225 = ORIENTED_EDGE('',*,*,#12000,.T.);
#12226 = PLANE('',#12227);
#12227 = AXIS2_PLACEMENT_3D('',#12228,#12229,#12230);
#12228 = CARTESIAN_POINT('',(-0.32,-10.48,8.54));
#12229 = DIRECTION('',(0.,0.,1.));
#12230 = DIRECTION('',(1.,0.,-0.));
#12231 = ADVANCED_FACE('',(#12232),#12238,.T.);
#12232 = FACE_BOUND('',#12233,.T.);
#12233 = EDGE_LOOP('',(#12234,#12235,#12236,#12237));
#12234 = ORIENTED_EDGE('',*,*,#12072,.T.);
#12235 = ORIENTED_EDGE('',*,*,#12096,.F.);
#12236 = ORIENTED_EDGE('',*,*,#12113,.F.);
#12237 = ORIENTED_EDGE('',*,*,#12048,.T.);
#12238 = PLANE('',#12239);
#12239 = AXIS2_PLACEMENT_3D('',#12240,#12241,#12242);
#12240 = CARTESIAN_POINT('',(-0.32,-7.94,8.54));
#12241 = DIRECTION('',(0.,0.,1.));
#12242 = DIRECTION('',(1.,0.,-0.));
#12243 = ( GEOMETRIC_REPRESENTATION_CONTEXT(3) 
GLOBAL_UNCERTAINTY_ASSIGNED_CONTEXT((#12247)) 
GLOBAL_UNIT_ASSIGNED_CONTEXT((#12244,#12245,#12246)) 
REPRESENTATION_CONTEXT('Context #1',
  '3D Context with UNIT and UNCERTAINTY') );
#12244 = ( LENGTH_UNIT() NAMED_UNIT(*) SI_UNIT(.MILLI.,.METRE.) );
#12245 = ( NAMED_UNIT(*) PLANE_ANGLE_UNIT() SI_UNIT($,.RADIAN.) );
#12246 = ( NAMED_UNIT(*) SI_UNIT($,.STERADIAN.) SOLID_ANGLE_UNIT() );
#12247 = UNCERTAINTY_MEASURE_WITH_UNIT(LENGTH_MEASURE(1.E-07),#12244,
  'distance_accuracy_value','confusion accuracy');
#12248 = CONTEXT_DEPENDENT_SHAPE_REPRESENTATION(#12249,#12251);
#12249 = ( REPRESENTATION_RELATIONSHIP('','',#8788,#10) 
REPRESENTATION_RELATIONSHIP_WITH_TRANSFORMATION(#12250) 
SHAPE_REPRESENTATION_RELATIONSHIP() );
#12250 = ITEM_DEFINED_TRANSFORMATION('','',#11,#31);
#12251 = PRODUCT_DEFINITION_SHAPE('Placement','Placement of an item',
  #12252);
#12252 = NEXT_ASSEMBLY_USAGE_OCCURRENCE('5','J2','',#5,#8783,$);
#12253 = PRODUCT_RELATED_PRODUCT_CATEGORY('part',$,(#8785));
#12254 = CONTEXT_DEPENDENT_SHAPE_REPRESENTATION(#12255,#12257);
#12255 = ( REPRESENTATION_RELATIONSHIP('','',#8788,#10) 
REPRESENTATION_RELATIONSHIP_WITH_TRANSFORMATION(#12256) 
SHAPE_REPRESENTATION_RELATIONSHIP() );
#12256 = ITEM_DEFINED_TRANSFORMATION('','',#11,#35);
#12257 = PRODUCT_DEFINITION_SHAPE('Placement','Placement of an item',
  #12258);
#12258 = NEXT_ASSEMBLY_USAGE_OCCURRENCE('6','J1','',#5,#8783,$);
#12259 = SHAPE_DEFINITION_REPRESENTATION(#12260,#12266);
#12260 = PRODUCT_DEFINITION_SHAPE('','',#12261);
#12261 = PRODUCT_DEFINITION('design','',#12262,#12265);
#12262 = PRODUCT_DEFINITION_FORMATION('','',#12263);
#12263 = PRODUCT('qfn-programmer_PCB','qfn-programmer_PCB','',(#12264));
#12264 = PRODUCT_CONTEXT('',#2,'mechanical');
#12265 = PRODUCT_DEFINITION_CONTEXT('part definition',#2,'design');
#12266 = ADVANCED_BREP_SHAPE_REPRESENTATION('',(#11,#12267),#13041);
#12267 = MANIFOLD_SOLID_BREP('',#12268);
#12268 = CLOSED_SHELL('',(#12269,#12309,#12340,#12371,#12564,#12757,
    #12769,#12786,#12803,#12820,#12837,#12854,#12871,#12888,#12905,
    #12922,#12939,#12956,#12973,#12990,#13007,#13024));
#12269 = ADVANCED_FACE('',(#12270),#12304,.T.);
#12270 = FACE_BOUND('',#12271,.T.);
#12271 = EDGE_LOOP('',(#12272,#12282,#12290,#12298));
#12272 = ORIENTED_EDGE('',*,*,#12273,.T.);
#12273 = EDGE_CURVE('',#12274,#12276,#12278,.T.);
#12274 = VERTEX_POINT('',#12275);
#12275 = CARTESIAN_POINT('',(98.34,-41.49,0.));
#12276 = VERTEX_POINT('',#12277);
#12277 = CARTESIAN_POINT('',(98.34,-41.49,1.51));
#12278 = LINE('',#12279,#12280);
#12279 = CARTESIAN_POINT('',(98.34,-41.49,0.));
#12280 = VECTOR('',#12281,1.);
#12281 = DIRECTION('',(0.,0.,1.));
#12282 = ORIENTED_EDGE('',*,*,#12283,.T.);
#12283 = EDGE_CURVE('',#12276,#12284,#12286,.T.);
#12284 = VERTEX_POINT('',#12285);
#12285 = CARTESIAN_POINT('',(15.06,-41.49,1.51));
#12286 = LINE('',#12287,#12288);
#12287 = CARTESIAN_POINT('',(98.34,-41.49,1.51));
#12288 = VECTOR('',#12289,1.);
#12289 = DIRECTION('',(-1.,0.,0.));
#12290 = ORIENTED_EDGE('',*,*,#12291,.F.);
#12291 = EDGE_CURVE('',#12292,#12284,#12294,.T.);
#12292 = VERTEX_POINT('',#12293);
#12293 = CARTESIAN_POINT('',(15.06,-41.49,0.));
#12294 = LINE('',#12295,#12296);
#12295 = CARTESIAN_POINT('',(15.06,-41.49,0.));
#12296 = VECTOR('',#12297,1.);
#12297 = DIRECTION('',(0.,0.,1.));
#12298 = ORIENTED_EDGE('',*,*,#12299,.F.);
#12299 = EDGE_CURVE('',#12274,#12292,#12300,.T.);
#12300 = LINE('',#12301,#12302);
#12301 = CARTESIAN_POINT('',(98.34,-41.49,0.));
#12302 = VECTOR('',#12303,1.);
#12303 = DIRECTION('',(-1.,0.,0.));
#12304 = PLANE('',#12305);
#12305 = AXIS2_PLACEMENT_3D('',#12306,#12307,#12308);
#12306 = CARTESIAN_POINT('',(98.34,-41.49,0.));
#12307 = DIRECTION('',(0.,-1.,0.));
#12308 = DIRECTION('',(-1.,0.,0.));
#12309 = ADVANCED_FACE('',(#12310),#12335,.T.);
#12310 = FACE_BOUND('',#12311,.T.);
#12311 = EDGE_LOOP('',(#12312,#12322,#12328,#12329));
#12312 = ORIENTED_EDGE('',*,*,#12313,.T.);
#12313 = EDGE_CURVE('',#12314,#12316,#12318,.T.);
#12314 = VERTEX_POINT('',#12315);
#12315 = CARTESIAN_POINT('',(98.34,16.62,0.));
#12316 = VERTEX_POINT('',#12317);
#12317 = CARTESIAN_POINT('',(98.34,16.62,1.51));
#12318 = LINE('',#12319,#12320);
#12319 = CARTESIAN_POINT('',(98.34,16.62,0.));
#12320 = VECTOR('',#12321,1.);
#12321 = DIRECTION('',(0.,0.,1.));
#12322 = ORIENTED_EDGE('',*,*,#12323,.T.);
#12323 = EDGE_CURVE('',#12316,#12276,#12324,.T.);
#12324 = LINE('',#12325,#12326);
#12325 = CARTESIAN_POINT('',(98.34,16.62,1.51));
#12326 = VECTOR('',#12327,1.);
#12327 = DIRECTION('',(0.,-1.,0.));
#12328 = ORIENTED_EDGE('',*,*,#12273,.F.);
#12329 = ORIENTED_EDGE('',*,*,#12330,.F.);
#12330 = EDGE_CURVE('',#12314,#12274,#12331,.T.);
#12331 = LINE('',#12332,#12333);
#12332 = CARTESIAN_POINT('',(98.34,16.62,0.));
#12333 = VECTOR('',#12334,1.);
#12334 = DIRECTION('',(0.,-1.,0.));
#12335 = PLANE('',#12336);
#12336 = AXIS2_PLACEMENT_3D('',#12337,#12338,#12339);
#12337 = CARTESIAN_POINT('',(98.34,16.62,0.));
#12338 = DIRECTION('',(1.,0.,-0.));
#12339 = DIRECTION('',(0.,-1.,0.));
#12340 = ADVANCED_FACE('',(#12341),#12366,.T.);
#12341 = FACE_BOUND('',#12342,.T.);
#12342 = EDGE_LOOP('',(#12343,#12344,#12352,#12360));
#12343 = ORIENTED_EDGE('',*,*,#12291,.T.);
#12344 = ORIENTED_EDGE('',*,*,#12345,.T.);
#12345 = EDGE_CURVE('',#12284,#12346,#12348,.T.);
#12346 = VERTEX_POINT('',#12347);
#12347 = CARTESIAN_POINT('',(15.06,16.62,1.51));
#12348 = LINE('',#12349,#12350);
#12349 = CARTESIAN_POINT('',(15.06,-41.49,1.51));
#12350 = VECTOR('',#12351,1.);
#12351 = DIRECTION('',(0.,1.,0.));
#12352 = ORIENTED_EDGE('',*,*,#12353,.F.);
#12353 = EDGE_CURVE('',#12354,#12346,#12356,.T.);
#12354 = VERTEX_POINT('',#12355);
#12355 = CARTESIAN_POINT('',(15.06,16.62,0.));
#12356 = LINE('',#12357,#12358);
#12357 = CARTESIAN_POINT('',(15.06,16.62,0.));
#12358 = VECTOR('',#12359,1.);
#12359 = DIRECTION('',(0.,0.,1.));
#12360 = ORIENTED_EDGE('',*,*,#12361,.F.);
#12361 = EDGE_CURVE('',#12292,#12354,#12362,.T.);
#12362 = LINE('',#12363,#12364);
#12363 = CARTESIAN_POINT('',(15.06,-41.49,0.));
#12364 = VECTOR('',#12365,1.);
#12365 = DIRECTION('',(0.,1.,0.));
#12366 = PLANE('',#12367);
#12367 = AXIS2_PLACEMENT_3D('',#12368,#12369,#12370);
#12368 = CARTESIAN_POINT('',(15.06,-41.49,0.));
#12369 = DIRECTION('',(-1.,0.,0.));
#12370 = DIRECTION('',(0.,1.,0.));
#12371 = ADVANCED_FACE('',(#12372,#12383,#12394,#12405,#12416,#12427,
    #12438,#12449,#12460,#12471,#12482,#12493,#12504,#12515,#12526,
    #12537,#12548),#12559,.F.);
#12372 = FACE_BOUND('',#12373,.F.);
#12373 = EDGE_LOOP('',(#12374,#12375,#12376,#12382));
#12374 = ORIENTED_EDGE('',*,*,#12299,.F.);
#12375 = ORIENTED_EDGE('',*,*,#12330,.F.);
#12376 = ORIENTED_EDGE('',*,*,#12377,.F.);
#12377 = EDGE_CURVE('',#12354,#12314,#12378,.T.);
#12378 = LINE('',#12379,#12380);
#12379 = CARTESIAN_POINT('',(15.06,16.62,0.));
#12380 = VECTOR('',#12381,1.);
#12381 = DIRECTION('',(1.,0.,0.));
#12382 = ORIENTED_EDGE('',*,*,#12361,.F.);
#12383 = FACE_BOUND('',#12384,.F.);
#12384 = EDGE_LOOP('',(#12385));
#12385 = ORIENTED_EDGE('',*,*,#12386,.T.);
#12386 = EDGE_CURVE('',#12387,#12387,#12389,.T.);
#12387 = VERTEX_POINT('',#12388);
#12388 = CARTESIAN_POINT('',(19.2,-39.07,0.));
#12389 = CIRCLE('',#12390,1.6);
#12390 = AXIS2_PLACEMENT_3D('',#12391,#12392,#12393);
#12391 = CARTESIAN_POINT('',(19.2,-37.47,0.));
#12392 = DIRECTION('',(-0.,0.,-1.));
#12393 = DIRECTION('',(-2.22044604925E-15,-1.,0.));
#12394 = FACE_BOUND('',#12395,.F.);
#12395 = EDGE_LOOP('',(#12396));
#12396 = ORIENTED_EDGE('',*,*,#12397,.T.);
#12397 = EDGE_CURVE('',#12398,#12398,#12400,.T.);
#12398 = VERTEX_POINT('',#12399);
#12399 = CARTESIAN_POINT('',(29.38,-26.89,0.));
#12400 = CIRCLE('',#12401,0.5);
#12401 = AXIS2_PLACEMENT_3D('',#12402,#12403,#12404);
#12402 = CARTESIAN_POINT('',(29.38,-26.39,0.));
#12403 = DIRECTION('',(-0.,0.,-1.));
#12404 = DIRECTION('',(-0.,-1.,0.));
#12405 = FACE_BOUND('',#12406,.F.);
#12406 = EDGE_LOOP('',(#12407));
#12407 = ORIENTED_EDGE('',*,*,#12408,.T.);
#12408 = EDGE_CURVE('',#12409,#12409,#12411,.T.);
#12409 = VERTEX_POINT('',#12410);
#12410 = CARTESIAN_POINT('',(29.38,-24.35,0.));
#12411 = CIRCLE('',#12412,0.5);
#12412 = AXIS2_PLACEMENT_3D('',#12413,#12414,#12415);
#12413 = CARTESIAN_POINT('',(29.38,-23.85,0.));
#12414 = DIRECTION('',(-0.,0.,-1.));
#12415 = DIRECTION('',(-0.,-1.,0.));
#12416 = FACE_BOUND('',#12417,.F.);
#12417 = EDGE_LOOP('',(#12418));
#12418 = ORIENTED_EDGE('',*,*,#12419,.T.);
#12419 = EDGE_CURVE('',#12420,#12420,#12422,.T.);
#12420 = VERTEX_POINT('',#12421);
#12421 = CARTESIAN_POINT('',(29.38,-21.81,0.));
#12422 = CIRCLE('',#12423,0.5);
#12423 = AXIS2_PLACEMENT_3D('',#12424,#12425,#12426);
#12424 = CARTESIAN_POINT('',(29.38,-21.31,0.));
#12425 = DIRECTION('',(-0.,0.,-1.));
#12426 = DIRECTION('',(-0.,-1.,0.));
#12427 = FACE_BOUND('',#12428,.F.);
#12428 = EDGE_LOOP('',(#12429));
#12429 = ORIENTED_EDGE('',*,*,#12430,.T.);
#12430 = EDGE_CURVE('',#12431,#12431,#12433,.T.);
#12431 = VERTEX_POINT('',#12432);
#12432 = CARTESIAN_POINT('',(29.38,-19.27,0.));
#12433 = CIRCLE('',#12434,0.5);
#12434 = AXIS2_PLACEMENT_3D('',#12435,#12436,#12437);
#12435 = CARTESIAN_POINT('',(29.38,-18.77,0.));
#12436 = DIRECTION('',(-0.,0.,-1.));
#12437 = DIRECTION('',(-0.,-1.,0.));
#12438 = FACE_BOUND('',#12439,.F.);
#12439 = EDGE_LOOP('',(#12440));
#12440 = ORIENTED_EDGE('',*,*,#12441,.T.);
#12441 = EDGE_CURVE('',#12442,#12442,#12444,.T.);
#12442 = VERTEX_POINT('',#12443);
#12443 = CARTESIAN_POINT('',(29.38,-16.73,0.));
#12444 = CIRCLE('',#12445,0.5);
#12445 = AXIS2_PLACEMENT_3D('',#12446,#12447,#12448);
#12446 = CARTESIAN_POINT('',(29.38,-16.23,0.));
#12447 = DIRECTION('',(-0.,0.,-1.));
#12448 = DIRECTION('',(-0.,-1.,0.));
#12449 = FACE_BOUND('',#12450,.F.);
#12450 = EDGE_LOOP('',(#12451));
#12451 = ORIENTED_EDGE('',*,*,#12452,.F.);
#12452 = EDGE_CURVE('',#12453,#12453,#12455,.T.);
#12453 = VERTEX_POINT('',#12454);
#12454 = CARTESIAN_POINT('',(87.67,-37.42,0.));
#12455 = CIRCLE('',#12456,1.E-02);
#12456 = AXIS2_PLACEMENT_3D('',#12457,#12458,#12459);
#12457 = CARTESIAN_POINT('',(87.66,-37.42,0.));
#12458 = DIRECTION('',(0.,0.,1.));
#12459 = DIRECTION('',(1.,0.,-0.));
#12460 = FACE_BOUND('',#12461,.F.);
#12461 = EDGE_LOOP('',(#12462));
#12462 = ORIENTED_EDGE('',*,*,#12463,.T.);
#12463 = EDGE_CURVE('',#12464,#12464,#12466,.T.);
#12464 = VERTEX_POINT('',#12465);
#12465 = CARTESIAN_POINT('',(94.2,-39.07,0.));
#12466 = CIRCLE('',#12467,1.6);
#12467 = AXIS2_PLACEMENT_3D('',#12468,#12469,#12470);
#12468 = CARTESIAN_POINT('',(94.2,-37.47,0.));
#12469 = DIRECTION('',(-0.,0.,-1.));
#12470 = DIRECTION('',(8.881784197001E-15,-1.,-0.));
#12471 = FACE_BOUND('',#12472,.F.);
#12472 = EDGE_LOOP('',(#12473));
#12473 = ORIENTED_EDGE('',*,*,#12474,.T.);
#12474 = EDGE_CURVE('',#12475,#12475,#12477,.T.);
#12475 = VERTEX_POINT('',#12476);
#12476 = CARTESIAN_POINT('',(29.48,-9.08,0.));
#12477 = CIRCLE('',#12478,0.5);
#12478 = AXIS2_PLACEMENT_3D('',#12479,#12480,#12481);
#12479 = CARTESIAN_POINT('',(29.48,-8.58,0.));
#12480 = DIRECTION('',(-0.,0.,-1.));
#12481 = DIRECTION('',(-0.,-1.,0.));
#12482 = FACE_BOUND('',#12483,.F.);
#12483 = EDGE_LOOP('',(#12484));
#12484 = ORIENTED_EDGE('',*,*,#12485,.T.);
#12485 = EDGE_CURVE('',#12486,#12486,#12488,.T.);
#12486 = VERTEX_POINT('',#12487);
#12487 = CARTESIAN_POINT('',(29.48,-6.54,0.));
#12488 = CIRCLE('',#12489,0.5);
#12489 = AXIS2_PLACEMENT_3D('',#12490,#12491,#12492);
#12490 = CARTESIAN_POINT('',(29.48,-6.04,0.));
#12491 = DIRECTION('',(-0.,0.,-1.));
#12492 = DIRECTION('',(-0.,-1.,0.));
#12493 = FACE_BOUND('',#12494,.F.);
#12494 = EDGE_LOOP('',(#12495));
#12495 = ORIENTED_EDGE('',*,*,#12496,.T.);
#12496 = EDGE_CURVE('',#12497,#12497,#12499,.T.);
#12497 = VERTEX_POINT('',#12498);
#12498 = CARTESIAN_POINT('',(29.48,-4.,0.));
#12499 = CIRCLE('',#12500,0.5);
#12500 = AXIS2_PLACEMENT_3D('',#12501,#12502,#12503);
#12501 = CARTESIAN_POINT('',(29.48,-3.5,0.));
#12502 = DIRECTION('',(-0.,0.,-1.));
#12503 = DIRECTION('',(-0.,-1.,0.));
#12504 = FACE_BOUND('',#12505,.F.);
#12505 = EDGE_LOOP('',(#12506));
#12506 = ORIENTED_EDGE('',*,*,#12507,.T.);
#12507 = EDGE_CURVE('',#12508,#12508,#12510,.T.);
#12508 = VERTEX_POINT('',#12509);
#12509 = CARTESIAN_POINT('',(29.48,-1.46,0.));
#12510 = CIRCLE('',#12511,0.5);
#12511 = AXIS2_PLACEMENT_3D('',#12512,#12513,#12514);
#12512 = CARTESIAN_POINT('',(29.48,-0.96,0.));
#12513 = DIRECTION('',(-0.,0.,-1.));
#12514 = DIRECTION('',(-0.,-1.,0.));
#12515 = FACE_BOUND('',#12516,.F.);
#12516 = EDGE_LOOP('',(#12517));
#12517 = ORIENTED_EDGE('',*,*,#12518,.T.);
#12518 = EDGE_CURVE('',#12519,#12519,#12521,.T.);
#12519 = VERTEX_POINT('',#12520);
#12520 = CARTESIAN_POINT('',(29.48,1.08,0.));
#12521 = CIRCLE('',#12522,0.5);
#12522 = AXIS2_PLACEMENT_3D('',#12523,#12524,#12525);
#12523 = CARTESIAN_POINT('',(29.48,1.58,0.));
#12524 = DIRECTION('',(-0.,0.,-1.));
#12525 = DIRECTION('',(-0.,-1.,0.));
#12526 = FACE_BOUND('',#12527,.F.);
#12527 = EDGE_LOOP('',(#12528));
#12528 = ORIENTED_EDGE('',*,*,#12529,.T.);
#12529 = EDGE_CURVE('',#12530,#12530,#12532,.T.);
#12530 = VERTEX_POINT('',#12531);
#12531 = CARTESIAN_POINT('',(19.2,10.93,0.));
#12532 = CIRCLE('',#12533,1.6);
#12533 = AXIS2_PLACEMENT_3D('',#12534,#12535,#12536);
#12534 = CARTESIAN_POINT('',(19.2,12.53,0.));
#12535 = DIRECTION('',(-0.,0.,-1.));
#12536 = DIRECTION('',(-2.22044604925E-15,-1.,0.));
#12537 = FACE_BOUND('',#12538,.F.);
#12538 = EDGE_LOOP('',(#12539));
#12539 = ORIENTED_EDGE('',*,*,#12540,.T.);
#12540 = EDGE_CURVE('',#12541,#12541,#12543,.T.);
#12541 = VERTEX_POINT('',#12542);
#12542 = CARTESIAN_POINT('',(94.2,10.93,0.));
#12543 = CIRCLE('',#12544,1.6);
#12544 = AXIS2_PLACEMENT_3D('',#12545,#12546,#12547);
#12545 = CARTESIAN_POINT('',(94.2,12.53,0.));
#12546 = DIRECTION('',(-0.,0.,-1.));
#12547 = DIRECTION('',(8.881784197001E-15,-1.,-0.));
#12548 = FACE_BOUND('',#12549,.F.);
#12549 = EDGE_LOOP('',(#12550));
#12550 = ORIENTED_EDGE('',*,*,#12551,.F.);
#12551 = EDGE_CURVE('',#12552,#12552,#12554,.T.);
#12552 = VERTEX_POINT('',#12553);
#12553 = CARTESIAN_POINT('',(87.692998,16.399999,0.));
#12554 = CIRCLE('',#12555,1.E-02);
#12555 = AXIS2_PLACEMENT_3D('',#12556,#12557,#12558);
#12556 = CARTESIAN_POINT('',(87.682998,16.399999,0.));
#12557 = DIRECTION('',(0.,0.,1.));
#12558 = DIRECTION('',(1.,0.,-0.));
#12559 = PLANE('',#12560);
#12560 = AXIS2_PLACEMENT_3D('',#12561,#12562,#12563);
#12561 = CARTESIAN_POINT('',(0.,0.,0.));
#12562 = DIRECTION('',(0.,0.,1.));
#12563 = DIRECTION('',(1.,0.,-0.));
#12564 = ADVANCED_FACE('',(#12565,#12576,#12587,#12598,#12609,#12620,
    #12631,#12642,#12653,#12664,#12675,#12686,#12697,#12708,#12719,
    #12730,#12741),#12752,.T.);
#12565 = FACE_BOUND('',#12566,.T.);
#12566 = EDGE_LOOP('',(#12567,#12568,#12569,#12575));
#12567 = ORIENTED_EDGE('',*,*,#12283,.F.);
#12568 = ORIENTED_EDGE('',*,*,#12323,.F.);
#12569 = ORIENTED_EDGE('',*,*,#12570,.F.);
#12570 = EDGE_CURVE('',#12346,#12316,#12571,.T.);
#12571 = LINE('',#12572,#12573);
#12572 = CARTESIAN_POINT('',(15.06,16.62,1.51));
#12573 = VECTOR('',#12574,1.);
#12574 = DIRECTION('',(1.,0.,0.));
#12575 = ORIENTED_EDGE('',*,*,#12345,.F.);
#12576 = FACE_BOUND('',#12577,.T.);
#12577 = EDGE_LOOP('',(#12578));
#12578 = ORIENTED_EDGE('',*,*,#12579,.T.);
#12579 = EDGE_CURVE('',#12580,#12580,#12582,.T.);
#12580 = VERTEX_POINT('',#12581);
#12581 = CARTESIAN_POINT('',(19.2,-39.07,1.51));
#12582 = CIRCLE('',#12583,1.6);
#12583 = AXIS2_PLACEMENT_3D('',#12584,#12585,#12586);
#12584 = CARTESIAN_POINT('',(19.2,-37.47,1.51));
#12585 = DIRECTION('',(-0.,0.,-1.));
#12586 = DIRECTION('',(-2.22044604925E-15,-1.,0.));
#12587 = FACE_BOUND('',#12588,.T.);
#12588 = EDGE_LOOP('',(#12589));
#12589 = ORIENTED_EDGE('',*,*,#12590,.T.);
#12590 = EDGE_CURVE('',#12591,#12591,#12593,.T.);
#12591 = VERTEX_POINT('',#12592);
#12592 = CARTESIAN_POINT('',(29.38,-26.89,1.51));
#12593 = CIRCLE('',#12594,0.5);
#12594 = AXIS2_PLACEMENT_3D('',#12595,#12596,#12597);
#12595 = CARTESIAN_POINT('',(29.38,-26.39,1.51));
#12596 = DIRECTION('',(-0.,0.,-1.));
#12597 = DIRECTION('',(-0.,-1.,0.));
#12598 = FACE_BOUND('',#12599,.T.);
#12599 = EDGE_LOOP('',(#12600));
#12600 = ORIENTED_EDGE('',*,*,#12601,.T.);
#12601 = EDGE_CURVE('',#12602,#12602,#12604,.T.);
#12602 = VERTEX_POINT('',#12603);
#12603 = CARTESIAN_POINT('',(29.38,-24.35,1.51));
#12604 = CIRCLE('',#12605,0.5);
#12605 = AXIS2_PLACEMENT_3D('',#12606,#12607,#12608);
#12606 = CARTESIAN_POINT('',(29.38,-23.85,1.51));
#12607 = DIRECTION('',(-0.,0.,-1.));
#12608 = DIRECTION('',(-0.,-1.,0.));
#12609 = FACE_BOUND('',#12610,.T.);
#12610 = EDGE_LOOP('',(#12611));
#12611 = ORIENTED_EDGE('',*,*,#12612,.T.);
#12612 = EDGE_CURVE('',#12613,#12613,#12615,.T.);
#12613 = VERTEX_POINT('',#12614);
#12614 = CARTESIAN_POINT('',(29.38,-21.81,1.51));
#12615 = CIRCLE('',#12616,0.5);
#12616 = AXIS2_PLACEMENT_3D('',#12617,#12618,#12619);
#12617 = CARTESIAN_POINT('',(29.38,-21.31,1.51));
#12618 = DIRECTION('',(-0.,0.,-1.));
#12619 = DIRECTION('',(-0.,-1.,0.));
#12620 = FACE_BOUND('',#12621,.T.);
#12621 = EDGE_LOOP('',(#12622));
#12622 = ORIENTED_EDGE('',*,*,#12623,.T.);
#12623 = EDGE_CURVE('',#12624,#12624,#12626,.T.);
#12624 = VERTEX_POINT('',#12625);
#12625 = CARTESIAN_POINT('',(29.38,-19.27,1.51));
#12626 = CIRCLE('',#12627,0.5);
#12627 = AXIS2_PLACEMENT_3D('',#12628,#12629,#12630);
#12628 = CARTESIAN_POINT('',(29.38,-18.77,1.51));
#12629 = DIRECTION('',(-0.,0.,-1.));
#12630 = DIRECTION('',(-0.,-1.,0.));
#12631 = FACE_BOUND('',#12632,.T.);
#12632 = EDGE_LOOP('',(#12633));
#12633 = ORIENTED_EDGE('',*,*,#12634,.T.);
#12634 = EDGE_CURVE('',#12635,#12635,#12637,.T.);
#12635 = VERTEX_POINT('',#12636);
#12636 = CARTESIAN_POINT('',(29.38,-16.73,1.51));
#12637 = CIRCLE('',#12638,0.5);
#12638 = AXIS2_PLACEMENT_3D('',#12639,#12640,#12641);
#12639 = CARTESIAN_POINT('',(29.38,-16.23,1.51));
#12640 = DIRECTION('',(-0.,0.,-1.));
#12641 = DIRECTION('',(-0.,-1.,0.));
#12642 = FACE_BOUND('',#12643,.T.);
#12643 = EDGE_LOOP('',(#12644));
#12644 = ORIENTED_EDGE('',*,*,#12645,.F.);
#12645 = EDGE_CURVE('',#12646,#12646,#12648,.T.);
#12646 = VERTEX_POINT('',#12647);
#12647 = CARTESIAN_POINT('',(87.67,-37.42,1.51));
#12648 = CIRCLE('',#12649,1.E-02);
#12649 = AXIS2_PLACEMENT_3D('',#12650,#12651,#12652);
#12650 = CARTESIAN_POINT('',(87.66,-37.42,1.51));
#12651 = DIRECTION('',(0.,0.,1.));
#12652 = DIRECTION('',(1.,0.,-0.));
#12653 = FACE_BOUND('',#12654,.T.);
#12654 = EDGE_LOOP('',(#12655));
#12655 = ORIENTED_EDGE('',*,*,#12656,.T.);
#12656 = EDGE_CURVE('',#12657,#12657,#12659,.T.);
#12657 = VERTEX_POINT('',#12658);
#12658 = CARTESIAN_POINT('',(94.2,-39.07,1.51));
#12659 = CIRCLE('',#12660,1.6);
#12660 = AXIS2_PLACEMENT_3D('',#12661,#12662,#12663);
#12661 = CARTESIAN_POINT('',(94.2,-37.47,1.51));
#12662 = DIRECTION('',(-0.,0.,-1.));
#12663 = DIRECTION('',(8.881784197001E-15,-1.,-0.));
#12664 = FACE_BOUND('',#12665,.T.);
#12665 = EDGE_LOOP('',(#12666));
#12666 = ORIENTED_EDGE('',*,*,#12667,.T.);
#12667 = EDGE_CURVE('',#12668,#12668,#12670,.T.);
#12668 = VERTEX_POINT('',#12669);
#12669 = CARTESIAN_POINT('',(29.48,-9.08,1.51));
#12670 = CIRCLE('',#12671,0.5);
#12671 = AXIS2_PLACEMENT_3D('',#12672,#12673,#12674);
#12672 = CARTESIAN_POINT('',(29.48,-8.58,1.51));
#12673 = DIRECTION('',(-0.,0.,-1.));
#12674 = DIRECTION('',(-0.,-1.,0.));
#12675 = FACE_BOUND('',#12676,.T.);
#12676 = EDGE_LOOP('',(#12677));
#12677 = ORIENTED_EDGE('',*,*,#12678,.T.);
#12678 = EDGE_CURVE('',#12679,#12679,#12681,.T.);
#12679 = VERTEX_POINT('',#12680);
#12680 = CARTESIAN_POINT('',(29.48,-6.54,1.51));
#12681 = CIRCLE('',#12682,0.5);
#12682 = AXIS2_PLACEMENT_3D('',#12683,#12684,#12685);
#12683 = CARTESIAN_POINT('',(29.48,-6.04,1.51));
#12684 = DIRECTION('',(-0.,0.,-1.));
#12685 = DIRECTION('',(-0.,-1.,0.));
#12686 = FACE_BOUND('',#12687,.T.);
#12687 = EDGE_LOOP('',(#12688));
#12688 = ORIENTED_EDGE('',*,*,#12689,.T.);
#12689 = EDGE_CURVE('',#12690,#12690,#12692,.T.);
#12690 = VERTEX_POINT('',#12691);
#12691 = CARTESIAN_POINT('',(29.48,-4.,1.51));
#12692 = CIRCLE('',#12693,0.5);
#12693 = AXIS2_PLACEMENT_3D('',#12694,#12695,#12696);
#12694 = CARTESIAN_POINT('',(29.48,-3.5,1.51));
#12695 = DIRECTION('',(-0.,0.,-1.));
#12696 = DIRECTION('',(-0.,-1.,0.));
#12697 = FACE_BOUND('',#12698,.T.);
#12698 = EDGE_LOOP('',(#12699));
#12699 = ORIENTED_EDGE('',*,*,#12700,.T.);
#12700 = EDGE_CURVE('',#12701,#12701,#12703,.T.);
#12701 = VERTEX_POINT('',#12702);
#12702 = CARTESIAN_POINT('',(29.48,-1.46,1.51));
#12703 = CIRCLE('',#12704,0.5);
#12704 = AXIS2_PLACEMENT_3D('',#12705,#12706,#12707);
#12705 = CARTESIAN_POINT('',(29.48,-0.96,1.51));
#12706 = DIRECTION('',(-0.,0.,-1.));
#12707 = DIRECTION('',(-0.,-1.,0.));
#12708 = FACE_BOUND('',#12709,.T.);
#12709 = EDGE_LOOP('',(#12710));
#12710 = ORIENTED_EDGE('',*,*,#12711,.T.);
#12711 = EDGE_CURVE('',#12712,#12712,#12714,.T.);
#12712 = VERTEX_POINT('',#12713);
#12713 = CARTESIAN_POINT('',(29.48,1.08,1.51));
#12714 = CIRCLE('',#12715,0.5);
#12715 = AXIS2_PLACEMENT_3D('',#12716,#12717,#12718);
#12716 = CARTESIAN_POINT('',(29.48,1.58,1.51));
#12717 = DIRECTION('',(-0.,0.,-1.));
#12718 = DIRECTION('',(-0.,-1.,0.));
#12719 = FACE_BOUND('',#12720,.T.);
#12720 = EDGE_LOOP('',(#12721));
#12721 = ORIENTED_EDGE('',*,*,#12722,.T.);
#12722 = EDGE_CURVE('',#12723,#12723,#12725,.T.);
#12723 = VERTEX_POINT('',#12724);
#12724 = CARTESIAN_POINT('',(19.2,10.93,1.51));
#12725 = CIRCLE('',#12726,1.6);
#12726 = AXIS2_PLACEMENT_3D('',#12727,#12728,#12729);
#12727 = CARTESIAN_POINT('',(19.2,12.53,1.51));
#12728 = DIRECTION('',(-0.,0.,-1.));
#12729 = DIRECTION('',(-2.22044604925E-15,-1.,0.));
#12730 = FACE_BOUND('',#12731,.T.);
#12731 = EDGE_LOOP('',(#12732));
#12732 = ORIENTED_EDGE('',*,*,#12733,.T.);
#12733 = EDGE_CURVE('',#12734,#12734,#12736,.T.);
#12734 = VERTEX_POINT('',#12735);
#12735 = CARTESIAN_POINT('',(94.2,10.93,1.51));
#12736 = CIRCLE('',#12737,1.6);
#12737 = AXIS2_PLACEMENT_3D('',#12738,#12739,#12740);
#12738 = CARTESIAN_POINT('',(94.2,12.53,1.51));
#12739 = DIRECTION('',(-0.,0.,-1.));
#12740 = DIRECTION('',(8.881784197001E-15,-1.,-0.));
#12741 = FACE_BOUND('',#12742,.T.);
#12742 = EDGE_LOOP('',(#12743));
#12743 = ORIENTED_EDGE('',*,*,#12744,.F.);
#12744 = EDGE_CURVE('',#12745,#12745,#12747,.T.);
#12745 = VERTEX_POINT('',#12746);
#12746 = CARTESIAN_POINT('',(87.692998,16.399999,1.51));
#12747 = CIRCLE('',#12748,1.E-02);
#12748 = AXIS2_PLACEMENT_3D('',#12749,#12750,#12751);
#12749 = CARTESIAN_POINT('',(87.682998,16.399999,1.51));
#12750 = DIRECTION('',(0.,0.,1.));
#12751 = DIRECTION('',(1.,0.,-0.));
#12752 = PLANE('',#12753);
#12753 = AXIS2_PLACEMENT_3D('',#12754,#12755,#12756);
#12754 = CARTESIAN_POINT('',(0.,0.,1.51));
#12755 = DIRECTION('',(0.,0.,1.));
#12756 = DIRECTION('',(1.,0.,-0.));
#12757 = ADVANCED_FACE('',(#12758),#12764,.T.);
#12758 = FACE_BOUND('',#12759,.T.);
#12759 = EDGE_LOOP('',(#12760,#12761,#12762,#12763));
#12760 = ORIENTED_EDGE('',*,*,#12353,.T.);
#12761 = ORIENTED_EDGE('',*,*,#12570,.T.);
#12762 = ORIENTED_EDGE('',*,*,#12313,.F.);
#12763 = ORIENTED_EDGE('',*,*,#12377,.F.);
#12764 = PLANE('',#12765);
#12765 = AXIS2_PLACEMENT_3D('',#12766,#12767,#12768);
#12766 = CARTESIAN_POINT('',(15.06,16.62,0.));
#12767 = DIRECTION('',(0.,1.,0.));
#12768 = DIRECTION('',(1.,0.,0.));
#12769 = ADVANCED_FACE('',(#12770),#12781,.F.);
#12770 = FACE_BOUND('',#12771,.T.);
#12771 = EDGE_LOOP('',(#12772,#12773,#12779,#12780));
#12772 = ORIENTED_EDGE('',*,*,#12386,.T.);
#12773 = ORIENTED_EDGE('',*,*,#12774,.T.);
#12774 = EDGE_CURVE('',#12387,#12580,#12775,.T.);
#12775 = LINE('',#12776,#12777);
#12776 = CARTESIAN_POINT('',(19.2,-39.07,-4.6E-02));
#12777 = VECTOR('',#12778,1.);
#12778 = DIRECTION('',(0.,0.,1.));
#12779 = ORIENTED_EDGE('',*,*,#12579,.F.);
#12780 = ORIENTED_EDGE('',*,*,#12774,.F.);
#12781 = CYLINDRICAL_SURFACE('',#12782,1.6);
#12782 = AXIS2_PLACEMENT_3D('',#12783,#12784,#12785);
#12783 = CARTESIAN_POINT('',(19.2,-37.47,-4.6E-02));
#12784 = DIRECTION('',(-0.,-0.,-1.));
#12785 = DIRECTION('',(-2.22044604925E-15,-1.,0.));
#12786 = ADVANCED_FACE('',(#12787),#12798,.F.);
#12787 = FACE_BOUND('',#12788,.T.);
#12788 = EDGE_LOOP('',(#12789,#12790,#12796,#12797));
#12789 = ORIENTED_EDGE('',*,*,#12397,.T.);
#12790 = ORIENTED_EDGE('',*,*,#12791,.T.);
#12791 = EDGE_CURVE('',#12398,#12591,#12792,.T.);
#12792 = LINE('',#12793,#12794);
#12793 = CARTESIAN_POINT('',(29.38,-26.89,-4.6E-02));
#12794 = VECTOR('',#12795,1.);
#12795 = DIRECTION('',(0.,0.,1.));
#12796 = ORIENTED_EDGE('',*,*,#12590,.F.);
#12797 = ORIENTED_EDGE('',*,*,#12791,.F.);
#12798 = CYLINDRICAL_SURFACE('',#12799,0.5);
#12799 = AXIS2_PLACEMENT_3D('',#12800,#12801,#12802);
#12800 = CARTESIAN_POINT('',(29.38,-26.39,-4.6E-02));
#12801 = DIRECTION('',(-0.,-0.,-1.));
#12802 = DIRECTION('',(-0.,-1.,0.));
#12803 = ADVANCED_FACE('',(#12804),#12815,.F.);
#12804 = FACE_BOUND('',#12805,.T.);
#12805 = EDGE_LOOP('',(#12806,#12807,#12813,#12814));
#12806 = ORIENTED_EDGE('',*,*,#12408,.T.);
#12807 = ORIENTED_EDGE('',*,*,#12808,.T.);
#12808 = EDGE_CURVE('',#12409,#12602,#12809,.T.);
#12809 = LINE('',#12810,#12811);
#12810 = CARTESIAN_POINT('',(29.38,-24.35,-4.6E-02));
#12811 = VECTOR('',#12812,1.);
#12812 = DIRECTION('',(0.,0.,1.));
#12813 = ORIENTED_EDGE('',*,*,#12601,.F.);
#12814 = ORIENTED_EDGE('',*,*,#12808,.F.);
#12815 = CYLINDRICAL_SURFACE('',#12816,0.5);
#12816 = AXIS2_PLACEMENT_3D('',#12817,#12818,#12819);
#12817 = CARTESIAN_POINT('',(29.38,-23.85,-4.6E-02));
#12818 = DIRECTION('',(-0.,-0.,-1.));
#12819 = DIRECTION('',(-0.,-1.,0.));
#12820 = ADVANCED_FACE('',(#12821),#12832,.F.);
#12821 = FACE_BOUND('',#12822,.T.);
#12822 = EDGE_LOOP('',(#12823,#12824,#12830,#12831));
#12823 = ORIENTED_EDGE('',*,*,#12419,.T.);
#12824 = ORIENTED_EDGE('',*,*,#12825,.T.);
#12825 = EDGE_CURVE('',#12420,#12613,#12826,.T.);
#12826 = LINE('',#12827,#12828);
#12827 = CARTESIAN_POINT('',(29.38,-21.81,-4.6E-02));
#12828 = VECTOR('',#12829,1.);
#12829 = DIRECTION('',(0.,0.,1.));
#12830 = ORIENTED_EDGE('',*,*,#12612,.F.);
#12831 = ORIENTED_EDGE('',*,*,#12825,.F.);
#12832 = CYLINDRICAL_SURFACE('',#12833,0.5);
#12833 = AXIS2_PLACEMENT_3D('',#12834,#12835,#12836);
#12834 = CARTESIAN_POINT('',(29.38,-21.31,-4.6E-02));
#12835 = DIRECTION('',(-0.,-0.,-1.));
#12836 = DIRECTION('',(-0.,-1.,0.));
#12837 = ADVANCED_FACE('',(#12838),#12849,.F.);
#12838 = FACE_BOUND('',#12839,.T.);
#12839 = EDGE_LOOP('',(#12840,#12841,#12847,#12848));
#12840 = ORIENTED_EDGE('',*,*,#12430,.T.);
#12841 = ORIENTED_EDGE('',*,*,#12842,.T.);
#12842 = EDGE_CURVE('',#12431,#12624,#12843,.T.);
#12843 = LINE('',#12844,#12845);
#12844 = CARTESIAN_POINT('',(29.38,-19.27,-4.6E-02));
#12845 = VECTOR('',#12846,1.);
#12846 = DIRECTION('',(0.,0.,1.));
#12847 = ORIENTED_EDGE('',*,*,#12623,.F.);
#12848 = ORIENTED_EDGE('',*,*,#12842,.F.);
#12849 = CYLINDRICAL_SURFACE('',#12850,0.5);
#12850 = AXIS2_PLACEMENT_3D('',#12851,#12852,#12853);
#12851 = CARTESIAN_POINT('',(29.38,-18.77,-4.6E-02));
#12852 = DIRECTION('',(-0.,-0.,-1.));
#12853 = DIRECTION('',(-0.,-1.,0.));
#12854 = ADVANCED_FACE('',(#12855),#12866,.F.);
#12855 = FACE_BOUND('',#12856,.T.);
#12856 = EDGE_LOOP('',(#12857,#12858,#12864,#12865));
#12857 = ORIENTED_EDGE('',*,*,#12441,.T.);
#12858 = ORIENTED_EDGE('',*,*,#12859,.T.);
#12859 = EDGE_CURVE('',#12442,#12635,#12860,.T.);
#12860 = LINE('',#12861,#12862);
#12861 = CARTESIAN_POINT('',(29.38,-16.73,-4.6E-02));
#12862 = VECTOR('',#12863,1.);
#12863 = DIRECTION('',(0.,0.,1.));
#12864 = ORIENTED_EDGE('',*,*,#12634,.F.);
#12865 = ORIENTED_EDGE('',*,*,#12859,.F.);
#12866 = CYLINDRICAL_SURFACE('',#12867,0.5);
#12867 = AXIS2_PLACEMENT_3D('',#12868,#12869,#12870);
#12868 = CARTESIAN_POINT('',(29.38,-16.23,-4.6E-02));
#12869 = DIRECTION('',(-0.,-0.,-1.));
#12870 = DIRECTION('',(-0.,-1.,0.));
#12871 = ADVANCED_FACE('',(#12872),#12883,.F.);
#12872 = FACE_BOUND('',#12873,.T.);
#12873 = EDGE_LOOP('',(#12874,#12880,#12881,#12882));
#12874 = ORIENTED_EDGE('',*,*,#12875,.T.);
#12875 = EDGE_CURVE('',#12453,#12646,#12876,.T.);
#12876 = LINE('',#12877,#12878);
#12877 = CARTESIAN_POINT('',(87.67,-37.42,0.));
#12878 = VECTOR('',#12879,1.);
#12879 = DIRECTION('',(0.,0.,1.));
#12880 = ORIENTED_EDGE('',*,*,#12645,.T.);
#12881 = ORIENTED_EDGE('',*,*,#12875,.F.);
#12882 = ORIENTED_EDGE('',*,*,#12452,.F.);
#12883 = CYLINDRICAL_SURFACE('',#12884,1.E-02);
#12884 = AXIS2_PLACEMENT_3D('',#12885,#12886,#12887);
#12885 = CARTESIAN_POINT('',(87.66,-37.42,0.));
#12886 = DIRECTION('',(-0.,-0.,-1.));
#12887 = DIRECTION('',(1.,0.,-0.));
#12888 = ADVANCED_FACE('',(#12889),#12900,.F.);
#12889 = FACE_BOUND('',#12890,.T.);
#12890 = EDGE_LOOP('',(#12891,#12892,#12898,#12899));
#12891 = ORIENTED_EDGE('',*,*,#12463,.T.);
#12892 = ORIENTED_EDGE('',*,*,#12893,.T.);
#12893 = EDGE_CURVE('',#12464,#12657,#12894,.T.);
#12894 = LINE('',#12895,#12896);
#12895 = CARTESIAN_POINT('',(94.2,-39.07,-4.6E-02));
#12896 = VECTOR('',#12897,1.);
#12897 = DIRECTION('',(0.,0.,1.));
#12898 = ORIENTED_EDGE('',*,*,#12656,.F.);
#12899 = ORIENTED_EDGE('',*,*,#12893,.F.);
#12900 = CYLINDRICAL_SURFACE('',#12901,1.6);
#12901 = AXIS2_PLACEMENT_3D('',#12902,#12903,#12904);
#12902 = CARTESIAN_POINT('',(94.2,-37.47,-4.6E-02));
#12903 = DIRECTION('',(-0.,0.,-1.));
#12904 = DIRECTION('',(8.881784197001E-15,-1.,-0.));
#12905 = ADVANCED_FACE('',(#12906),#12917,.F.);
#12906 = FACE_BOUND('',#12907,.T.);
#12907 = EDGE_LOOP('',(#12908,#12909,#12915,#12916));
#12908 = ORIENTED_EDGE('',*,*,#12474,.T.);
#12909 = ORIENTED_EDGE('',*,*,#12910,.T.);
#12910 = EDGE_CURVE('',#12475,#12668,#12911,.T.);
#12911 = LINE('',#12912,#12913);
#12912 = CARTESIAN_POINT('',(29.48,-9.08,-4.6E-02));
#12913 = VECTOR('',#12914,1.);
#12914 = DIRECTION('',(0.,0.,1.));
#12915 = ORIENTED_EDGE('',*,*,#12667,.F.);
#12916 = ORIENTED_EDGE('',*,*,#12910,.F.);
#12917 = CYLINDRICAL_SURFACE('',#12918,0.5);
#12918 = AXIS2_PLACEMENT_3D('',#12919,#12920,#12921);
#12919 = CARTESIAN_POINT('',(29.48,-8.58,-4.6E-02));
#12920 = DIRECTION('',(-0.,-0.,-1.));
#12921 = DIRECTION('',(-0.,-1.,0.));
#12922 = ADVANCED_FACE('',(#12923),#12934,.F.);
#12923 = FACE_BOUND('',#12924,.T.);
#12924 = EDGE_LOOP('',(#12925,#12926,#12932,#12933));
#12925 = ORIENTED_EDGE('',*,*,#12485,.T.);
#12926 = ORIENTED_EDGE('',*,*,#12927,.T.);
#12927 = EDGE_CURVE('',#12486,#12679,#12928,.T.);
#12928 = LINE('',#12929,#12930);
#12929 = CARTESIAN_POINT('',(29.48,-6.54,-4.6E-02));
#12930 = VECTOR('',#12931,1.);
#12931 = DIRECTION('',(0.,0.,1.));
#12932 = ORIENTED_EDGE('',*,*,#12678,.F.);
#12933 = ORIENTED_EDGE('',*,*,#12927,.F.);
#12934 = CYLINDRICAL_SURFACE('',#12935,0.5);
#12935 = AXIS2_PLACEMENT_3D('',#12936,#12937,#12938);
#12936 = CARTESIAN_POINT('',(29.48,-6.04,-4.6E-02));
#12937 = DIRECTION('',(-0.,-0.,-1.));
#12938 = DIRECTION('',(-0.,-1.,0.));
#12939 = ADVANCED_FACE('',(#12940),#12951,.F.);
#12940 = FACE_BOUND('',#12941,.T.);
#12941 = EDGE_LOOP('',(#12942,#12943,#12949,#12950));
#12942 = ORIENTED_EDGE('',*,*,#12496,.T.);
#12943 = ORIENTED_EDGE('',*,*,#12944,.T.);
#12944 = EDGE_CURVE('',#12497,#12690,#12945,.T.);
#12945 = LINE('',#12946,#12947);
#12946 = CARTESIAN_POINT('',(29.48,-4.,-4.6E-02));
#12947 = VECTOR('',#12948,1.);
#12948 = DIRECTION('',(0.,0.,1.));
#12949 = ORIENTED_EDGE('',*,*,#12689,.F.);
#12950 = ORIENTED_EDGE('',*,*,#12944,.F.);
#12951 = CYLINDRICAL_SURFACE('',#12952,0.5);
#12952 = AXIS2_PLACEMENT_3D('',#12953,#12954,#12955);
#12953 = CARTESIAN_POINT('',(29.48,-3.5,-4.6E-02));
#12954 = DIRECTION('',(-0.,-0.,-1.));
#12955 = DIRECTION('',(-0.,-1.,0.));
#12956 = ADVANCED_FACE('',(#12957),#12968,.F.);
#12957 = FACE_BOUND('',#12958,.T.);
#12958 = EDGE_LOOP('',(#12959,#12960,#12966,#12967));
#12959 = ORIENTED_EDGE('',*,*,#12507,.T.);
#12960 = ORIENTED_EDGE('',*,*,#12961,.T.);
#12961 = EDGE_CURVE('',#12508,#12701,#12962,.T.);
#12962 = LINE('',#12963,#12964);
#12963 = CARTESIAN_POINT('',(29.48,-1.46,-4.6E-02));
#12964 = VECTOR('',#12965,1.);
#12965 = DIRECTION('',(0.,0.,1.));
#12966 = ORIENTED_EDGE('',*,*,#12700,.F.);
#12967 = ORIENTED_EDGE('',*,*,#12961,.F.);
#12968 = CYLINDRICAL_SURFACE('',#12969,0.5);
#12969 = AXIS2_PLACEMENT_3D('',#12970,#12971,#12972);
#12970 = CARTESIAN_POINT('',(29.48,-0.96,-4.6E-02));
#12971 = DIRECTION('',(-0.,-0.,-1.));
#12972 = DIRECTION('',(-0.,-1.,0.));
#12973 = ADVANCED_FACE('',(#12974),#12985,.F.);
#12974 = FACE_BOUND('',#12975,.T.);
#12975 = EDGE_LOOP('',(#12976,#12977,#12983,#12984));
#12976 = ORIENTED_EDGE('',*,*,#12518,.T.);
#12977 = ORIENTED_EDGE('',*,*,#12978,.T.);
#12978 = EDGE_CURVE('',#12519,#12712,#12979,.T.);
#12979 = LINE('',#12980,#12981);
#12980 = CARTESIAN_POINT('',(29.48,1.08,-4.6E-02));
#12981 = VECTOR('',#12982,1.);
#12982 = DIRECTION('',(0.,0.,1.));
#12983 = ORIENTED_EDGE('',*,*,#12711,.F.);
#12984 = ORIENTED_EDGE('',*,*,#12978,.F.);
#12985 = CYLINDRICAL_SURFACE('',#12986,0.5);
#12986 = AXIS2_PLACEMENT_3D('',#12987,#12988,#12989);
#12987 = CARTESIAN_POINT('',(29.48,1.58,-4.6E-02));
#12988 = DIRECTION('',(-0.,-0.,-1.));
#12989 = DIRECTION('',(-0.,-1.,0.));
#12990 = ADVANCED_FACE('',(#12991),#13002,.F.);
#12991 = FACE_BOUND('',#12992,.T.);
#12992 = EDGE_LOOP('',(#12993,#12994,#13000,#13001));
#12993 = ORIENTED_EDGE('',*,*,#12529,.T.);
#12994 = ORIENTED_EDGE('',*,*,#12995,.T.);
#12995 = EDGE_CURVE('',#12530,#12723,#12996,.T.);
#12996 = LINE('',#12997,#12998);
#12997 = CARTESIAN_POINT('',(19.2,10.93,-4.6E-02));
#12998 = VECTOR('',#12999,1.);
#12999 = DIRECTION('',(0.,0.,1.));
#13000 = ORIENTED_EDGE('',*,*,#12722,.F.);
#13001 = ORIENTED_EDGE('',*,*,#12995,.F.);
#13002 = CYLINDRICAL_SURFACE('',#13003,1.6);
#13003 = AXIS2_PLACEMENT_3D('',#13004,#13005,#13006);
#13004 = CARTESIAN_POINT('',(19.2,12.53,-4.6E-02));
#13005 = DIRECTION('',(-0.,-0.,-1.));
#13006 = DIRECTION('',(-2.22044604925E-15,-1.,0.));
#13007 = ADVANCED_FACE('',(#13008),#13019,.F.);
#13008 = FACE_BOUND('',#13009,.T.);
#13009 = EDGE_LOOP('',(#13010,#13011,#13017,#13018));
#13010 = ORIENTED_EDGE('',*,*,#12540,.T.);
#13011 = ORIENTED_EDGE('',*,*,#13012,.T.);
#13012 = EDGE_CURVE('',#12541,#12734,#13013,.T.);
#13013 = LINE('',#13014,#13015);
#13014 = CARTESIAN_POINT('',(94.2,10.93,-4.6E-02));
#13015 = VECTOR('',#13016,1.);
#13016 = DIRECTION('',(0.,0.,1.));
#13017 = ORIENTED_EDGE('',*,*,#12733,.F.);
#13018 = ORIENTED_EDGE('',*,*,#13012,.F.);
#13019 = CYLINDRICAL_SURFACE('',#13020,1.6);
#13020 = AXIS2_PLACEMENT_3D('',#13021,#13022,#13023);
#13021 = CARTESIAN_POINT('',(94.2,12.53,-4.6E-02));
#13022 = DIRECTION('',(-0.,0.,-1.));
#13023 = DIRECTION('',(8.881784197001E-15,-1.,-0.));
#13024 = ADVANCED_FACE('',(#13025),#13036,.F.);
#13025 = FACE_BOUND('',#13026,.T.);
#13026 = EDGE_LOOP('',(#13027,#13033,#13034,#13035));
#13027 = ORIENTED_EDGE('',*,*,#13028,.T.);
#13028 = EDGE_CURVE('',#12552,#12745,#13029,.T.);
#13029 = LINE('',#13030,#13031);
#13030 = CARTESIAN_POINT('',(87.692998,16.399999,0.));
#13031 = VECTOR('',#13032,1.);
#13032 = DIRECTION('',(0.,0.,1.));
#13033 = ORIENTED_EDGE('',*,*,#12744,.T.);
#13034 = ORIENTED_EDGE('',*,*,#13028,.F.);
#13035 = ORIENTED_EDGE('',*,*,#12551,.F.);
#13036 = CYLINDRICAL_SURFACE('',#13037,1.E-02);
#13037 = AXIS2_PLACEMENT_3D('',#13038,#13039,#13040);
#13038 = CARTESIAN_POINT('',(87.682998,16.399999,0.));
#13039 = DIRECTION('',(-0.,-0.,-1.));
#13040 = DIRECTION('',(1.,0.,-0.));
#13041 = ( GEOMETRIC_REPRESENTATION_CONTEXT(3) 
GLOBAL_UNCERTAINTY_ASSIGNED_CONTEXT((#13045)) 
GLOBAL_UNIT_ASSIGNED_CONTEXT((#13042,#13043,#13044)) 
REPRESENTATION_CONTEXT('Context #1',
  '3D Context with UNIT and UNCERTAINTY') );
#13042 = ( LENGTH_UNIT() NAMED_UNIT(*) SI_UNIT(.MILLI.,.METRE.) );
#13043 = ( NAMED_UNIT(*) PLANE_ANGLE_UNIT() SI_UNIT($,.RADIAN.) );
#13044 = ( NAMED_UNIT(*) SI_UNIT($,.STERADIAN.) SOLID_ANGLE_UNIT() );
#13045 = UNCERTAINTY_MEASURE_WITH_UNIT(LENGTH_MEASURE(1.E-07),#13042,
  'distance_accuracy_value','confusion accuracy');
#13046 = CONTEXT_DEPENDENT_SHAPE_REPRESENTATION(#13047,#13049);
#13047 = ( REPRESENTATION_RELATIONSHIP('','',#12266,#10) 
REPRESENTATION_RELATIONSHIP_WITH_TRANSFORMATION(#13048) 
SHAPE_REPRESENTATION_RELATIONSHIP() );
#13048 = ITEM_DEFINED_TRANSFORMATION('','',#11,#39);
#13049 = PRODUCT_DEFINITION_SHAPE('Placement','Placement of an item',
  #13050);
#13050 = NEXT_ASSEMBLY_USAGE_OCCURRENCE('7','=>[0:1:1:7]','',#5,#12261,$
  );
#13051 = PRODUCT_RELATED_PRODUCT_CATEGORY('part',$,(#12263));
#13052 = MECHANICAL_DESIGN_GEOMETRIC_PRESENTATION_REPRESENTATION('',(
    #13053,#13061,#13068,#13075,#13082,#13089,#13096,#13103,#13110,
    #13117,#13124,#13131,#13138,#13145,#13152,#13159,#13166,#13173,
    #13180,#13187,#13194,#13201,#13208,#13215,#13222,#13229,#13236,
    #13243,#13250,#13257,#13264,#13271,#13278,#13285,#13292,#13300,
    #13307,#13314,#13321,#13328,#13335,#13342,#13349,#13356,#13363,
    #13370,#13377,#13384,#13391,#13398,#13405,#13412,#13419,#13426,
    #13433,#13440,#13447,#13454,#13461,#13468,#13475,#13482,#13489,
    #13496,#13503,#13510,#13517,#13524,#13531,#13538,#13545,#13552,
    #13559,#13566,#13573,#13580,#13587,#13594,#13601,#13608,#13615,
    #13622,#13629,#13636,#13643,#13650,#13657,#13664,#13671,#13678,
    #13685,#13692,#13699,#13706,#13713,#13720,#13727,#13734,#13741,
    #13748,#13755,#13762,#13769,#13776,#13783,#13790,#13797,#13804,
    #13811,#13818,#13825,#13832,#13839,#13846,#13853,#13860,#13867,
    #13874,#13881,#13888,#13895,#13902,#13909,#13916),#12243);
#13053 = STYLED_ITEM('color',(#13054),#8791);
#13054 = PRESENTATION_STYLE_ASSIGNMENT((#13055));
#13055 = SURFACE_STYLE_USAGE(.BOTH.,#13056);
#13056 = SURFACE_SIDE_STYLE('',(#13057));
#13057 = SURFACE_STYLE_FILL_AREA(#13058);
#13058 = FILL_AREA_STYLE('',(#13059));
#13059 = FILL_AREA_STYLE_COLOUR('',#13060);
#13060 = COLOUR_RGB('',0.147999998088,0.144999993226,0.144999993226);
#13061 = STYLED_ITEM('color',(#13062),#8831);
#13062 = PRESENTATION_STYLE_ASSIGNMENT((#13063));
#13063 = SURFACE_STYLE_USAGE(.BOTH.,#13064);
#13064 = SURFACE_SIDE_STYLE('',(#13065));
#13065 = SURFACE_STYLE_FILL_AREA(#13066);
#13066 = FILL_AREA_STYLE('',(#13067));
#13067 = FILL_AREA_STYLE_COLOUR('',#13060);
#13068 = STYLED_ITEM('color',(#13069),#8862);
#13069 = PRESENTATION_STYLE_ASSIGNMENT((#13070));
#13070 = SURFACE_STYLE_USAGE(.BOTH.,#13071);
#13071 = SURFACE_SIDE_STYLE('',(#13072));
#13072 = SURFACE_STYLE_FILL_AREA(#13073);
#13073 = FILL_AREA_STYLE('',(#13074));
#13074 = FILL_AREA_STYLE_COLOUR('',#13060);
#13075 = STYLED_ITEM('color',(#13076),#8893);
#13076 = PRESENTATION_STYLE_ASSIGNMENT((#13077));
#13077 = SURFACE_STYLE_USAGE(.BOTH.,#13078);
#13078 = SURFACE_SIDE_STYLE('',(#13079));
#13079 = SURFACE_STYLE_FILL_AREA(#13080);
#13080 = FILL_AREA_STYLE('',(#13081));
#13081 = FILL_AREA_STYLE_COLOUR('',#13060);
#13082 = STYLED_ITEM('color',(#13083),#9304);
#13083 = PRESENTATION_STYLE_ASSIGNMENT((#13084));
#13084 = SURFACE_STYLE_USAGE(.BOTH.,#13085);
#13085 = SURFACE_SIDE_STYLE('',(#13086));
#13086 = SURFACE_STYLE_FILL_AREA(#13087);
#13087 = FILL_AREA_STYLE('',(#13088));
#13088 = FILL_AREA_STYLE_COLOUR('',#13060);
#13089 = STYLED_ITEM('color',(#13090),#9715);
#13090 = PRESENTATION_STYLE_ASSIGNMENT((#13091));
#13091 = SURFACE_STYLE_USAGE(.BOTH.,#13092);
#13092 = SURFACE_SIDE_STYLE('',(#13093));
#13093 = SURFACE_STYLE_FILL_AREA(#13094);
#13094 = FILL_AREA_STYLE('',(#13095));
#13095 = FILL_AREA_STYLE_COLOUR('',#13060);
#13096 = STYLED_ITEM('color',(#13097),#9732);
#13097 = PRESENTATION_STYLE_ASSIGNMENT((#13098));
#13098 = SURFACE_STYLE_USAGE(.BOTH.,#13099);
#13099 = SURFACE_SIDE_STYLE('',(#13100));
#13100 = SURFACE_STYLE_FILL_AREA(#13101);
#13101 = FILL_AREA_STYLE('',(#13102));
#13102 = FILL_AREA_STYLE_COLOUR('',#13060);
#13103 = STYLED_ITEM('color',(#13104),#9749);
#13104 = PRESENTATION_STYLE_ASSIGNMENT((#13105));
#13105 = SURFACE_STYLE_USAGE(.BOTH.,#13106);
#13106 = SURFACE_SIDE_STYLE('',(#13107));
#13107 = SURFACE_STYLE_FILL_AREA(#13108);
#13108 = FILL_AREA_STYLE('',(#13109));
#13109 = FILL_AREA_STYLE_COLOUR('',#13060);
#13110 = STYLED_ITEM('color',(#13111),#9766);
#13111 = PRESENTATION_STYLE_ASSIGNMENT((#13112));
#13112 = SURFACE_STYLE_USAGE(.BOTH.,#13113);
#13113 = SURFACE_SIDE_STYLE('',(#13114));
#13114 = SURFACE_STYLE_FILL_AREA(#13115);
#13115 = FILL_AREA_STYLE('',(#13116));
#13116 = FILL_AREA_STYLE_COLOUR('',#13060);
#13117 = STYLED_ITEM('color',(#13118),#9783);
#13118 = PRESENTATION_STYLE_ASSIGNMENT((#13119));
#13119 = SURFACE_STYLE_USAGE(.BOTH.,#13120);
#13120 = SURFACE_SIDE_STYLE('',(#13121));
#13121 = SURFACE_STYLE_FILL_AREA(#13122);
#13122 = FILL_AREA_STYLE('',(#13123));
#13123 = FILL_AREA_STYLE_COLOUR('',#13060);
#13124 = STYLED_ITEM('color',(#13125),#9800);
#13125 = PRESENTATION_STYLE_ASSIGNMENT((#13126));
#13126 = SURFACE_STYLE_USAGE(.BOTH.,#13127);
#13127 = SURFACE_SIDE_STYLE('',(#13128));
#13128 = SURFACE_STYLE_FILL_AREA(#13129);
#13129 = FILL_AREA_STYLE('',(#13130));
#13130 = FILL_AREA_STYLE_COLOUR('',#13060);
#13131 = STYLED_ITEM('color',(#13132),#9817);
#13132 = PRESENTATION_STYLE_ASSIGNMENT((#13133));
#13133 = SURFACE_STYLE_USAGE(.BOTH.,#13134);
#13134 = SURFACE_SIDE_STYLE('',(#13135));
#13135 = SURFACE_STYLE_FILL_AREA(#13136);
#13136 = FILL_AREA_STYLE('',(#13137));
#13137 = FILL_AREA_STYLE_COLOUR('',#13060);
#13138 = STYLED_ITEM('color',(#13139),#9834);
#13139 = PRESENTATION_STYLE_ASSIGNMENT((#13140));
#13140 = SURFACE_STYLE_USAGE(.BOTH.,#13141);
#13141 = SURFACE_SIDE_STYLE('',(#13142));
#13142 = SURFACE_STYLE_FILL_AREA(#13143);
#13143 = FILL_AREA_STYLE('',(#13144));
#13144 = FILL_AREA_STYLE_COLOUR('',#13060);
#13145 = STYLED_ITEM('color',(#13146),#9851);
#13146 = PRESENTATION_STYLE_ASSIGNMENT((#13147));
#13147 = SURFACE_STYLE_USAGE(.BOTH.,#13148);
#13148 = SURFACE_SIDE_STYLE('',(#13149));
#13149 = SURFACE_STYLE_FILL_AREA(#13150);
#13150 = FILL_AREA_STYLE('',(#13151));
#13151 = FILL_AREA_STYLE_COLOUR('',#13060);
#13152 = STYLED_ITEM('color',(#13153),#9868);
#13153 = PRESENTATION_STYLE_ASSIGNMENT((#13154));
#13154 = SURFACE_STYLE_USAGE(.BOTH.,#13155);
#13155 = SURFACE_SIDE_STYLE('',(#13156));
#13156 = SURFACE_STYLE_FILL_AREA(#13157);
#13157 = FILL_AREA_STYLE('',(#13158));
#13158 = FILL_AREA_STYLE_COLOUR('',#13060);
#13159 = STYLED_ITEM('color',(#13160),#9885);
#13160 = PRESENTATION_STYLE_ASSIGNMENT((#13161));
#13161 = SURFACE_STYLE_USAGE(.BOTH.,#13162);
#13162 = SURFACE_SIDE_STYLE('',(#13163));
#13163 = SURFACE_STYLE_FILL_AREA(#13164);
#13164 = FILL_AREA_STYLE('',(#13165));
#13165 = FILL_AREA_STYLE_COLOUR('',#13060);
#13166 = STYLED_ITEM('color',(#13167),#9902);
#13167 = PRESENTATION_STYLE_ASSIGNMENT((#13168));
#13168 = SURFACE_STYLE_USAGE(.BOTH.,#13169);
#13169 = SURFACE_SIDE_STYLE('',(#13170));
#13170 = SURFACE_STYLE_FILL_AREA(#13171);
#13171 = FILL_AREA_STYLE('',(#13172));
#13172 = FILL_AREA_STYLE_COLOUR('',#13060);
#13173 = STYLED_ITEM('color',(#13174),#9919);
#13174 = PRESENTATION_STYLE_ASSIGNMENT((#13175));
#13175 = SURFACE_STYLE_USAGE(.BOTH.,#13176);
#13176 = SURFACE_SIDE_STYLE('',(#13177));
#13177 = SURFACE_STYLE_FILL_AREA(#13178);
#13178 = FILL_AREA_STYLE('',(#13179));
#13179 = FILL_AREA_STYLE_COLOUR('',#13060);
#13180 = STYLED_ITEM('color',(#13181),#9936);
#13181 = PRESENTATION_STYLE_ASSIGNMENT((#13182));
#13182 = SURFACE_STYLE_USAGE(.BOTH.,#13183);
#13183 = SURFACE_SIDE_STYLE('',(#13184));
#13184 = SURFACE_STYLE_FILL_AREA(#13185);
#13185 = FILL_AREA_STYLE('',(#13186));
#13186 = FILL_AREA_STYLE_COLOUR('',#13060);
#13187 = STYLED_ITEM('color',(#13188),#9953);
#13188 = PRESENTATION_STYLE_ASSIGNMENT((#13189));
#13189 = SURFACE_STYLE_USAGE(.BOTH.,#13190);
#13190 = SURFACE_SIDE_STYLE('',(#13191));
#13191 = SURFACE_STYLE_FILL_AREA(#13192);
#13192 = FILL_AREA_STYLE('',(#13193));
#13193 = FILL_AREA_STYLE_COLOUR('',#13060);
#13194 = STYLED_ITEM('color',(#13195),#9970);
#13195 = PRESENTATION_STYLE_ASSIGNMENT((#13196));
#13196 = SURFACE_STYLE_USAGE(.BOTH.,#13197);
#13197 = SURFACE_SIDE_STYLE('',(#13198));
#13198 = SURFACE_STYLE_FILL_AREA(#13199);
#13199 = FILL_AREA_STYLE('',(#13200));
#13200 = FILL_AREA_STYLE_COLOUR('',#13060);
#13201 = STYLED_ITEM('color',(#13202),#9987);
#13202 = PRESENTATION_STYLE_ASSIGNMENT((#13203));
#13203 = SURFACE_STYLE_USAGE(.BOTH.,#13204);
#13204 = SURFACE_SIDE_STYLE('',(#13205));
#13205 = SURFACE_STYLE_FILL_AREA(#13206);
#13206 = FILL_AREA_STYLE('',(#13207));
#13207 = FILL_AREA_STYLE_COLOUR('',#13060);
#13208 = STYLED_ITEM('color',(#13209),#10004);
#13209 = PRESENTATION_STYLE_ASSIGNMENT((#13210));
#13210 = SURFACE_STYLE_USAGE(.BOTH.,#13211);
#13211 = SURFACE_SIDE_STYLE('',(#13212));
#13212 = SURFACE_STYLE_FILL_AREA(#13213);
#13213 = FILL_AREA_STYLE('',(#13214));
#13214 = FILL_AREA_STYLE_COLOUR('',#13060);
#13215 = STYLED_ITEM('color',(#13216),#10021);
#13216 = PRESENTATION_STYLE_ASSIGNMENT((#13217));
#13217 = SURFACE_STYLE_USAGE(.BOTH.,#13218);
#13218 = SURFACE_SIDE_STYLE('',(#13219));
#13219 = SURFACE_STYLE_FILL_AREA(#13220);
#13220 = FILL_AREA_STYLE('',(#13221));
#13221 = FILL_AREA_STYLE_COLOUR('',#13060);
#13222 = STYLED_ITEM('color',(#13223),#10038);
#13223 = PRESENTATION_STYLE_ASSIGNMENT((#13224));
#13224 = SURFACE_STYLE_USAGE(.BOTH.,#13225);
#13225 = SURFACE_SIDE_STYLE('',(#13226));
#13226 = SURFACE_STYLE_FILL_AREA(#13227);
#13227 = FILL_AREA_STYLE('',(#13228));
#13228 = FILL_AREA_STYLE_COLOUR('',#13060);
#13229 = STYLED_ITEM('color',(#13230),#10055);
#13230 = PRESENTATION_STYLE_ASSIGNMENT((#13231));
#13231 = SURFACE_STYLE_USAGE(.BOTH.,#13232);
#13232 = SURFACE_SIDE_STYLE('',(#13233));
#13233 = SURFACE_STYLE_FILL_AREA(#13234);
#13234 = FILL_AREA_STYLE('',(#13235));
#13235 = FILL_AREA_STYLE_COLOUR('',#13060);
#13236 = STYLED_ITEM('color',(#13237),#10072);
#13237 = PRESENTATION_STYLE_ASSIGNMENT((#13238));
#13238 = SURFACE_STYLE_USAGE(.BOTH.,#13239);
#13239 = SURFACE_SIDE_STYLE('',(#13240));
#13240 = SURFACE_STYLE_FILL_AREA(#13241);
#13241 = FILL_AREA_STYLE('',(#13242));
#13242 = FILL_AREA_STYLE_COLOUR('',#13060);
#13243 = STYLED_ITEM('color',(#13244),#10089);
#13244 = PRESENTATION_STYLE_ASSIGNMENT((#13245));
#13245 = SURFACE_STYLE_USAGE(.BOTH.,#13246);
#13246 = SURFACE_SIDE_STYLE('',(#13247));
#13247 = SURFACE_STYLE_FILL_AREA(#13248);
#13248 = FILL_AREA_STYLE('',(#13249));
#13249 = FILL_AREA_STYLE_COLOUR('',#13060);
#13250 = STYLED_ITEM('color',(#13251),#10106);
#13251 = PRESENTATION_STYLE_ASSIGNMENT((#13252));
#13252 = SURFACE_STYLE_USAGE(.BOTH.,#13253);
#13253 = SURFACE_SIDE_STYLE('',(#13254));
#13254 = SURFACE_STYLE_FILL_AREA(#13255);
#13255 = FILL_AREA_STYLE('',(#13256));
#13256 = FILL_AREA_STYLE_COLOUR('',#13060);
#13257 = STYLED_ITEM('color',(#13258),#10123);
#13258 = PRESENTATION_STYLE_ASSIGNMENT((#13259));
#13259 = SURFACE_STYLE_USAGE(.BOTH.,#13260);
#13260 = SURFACE_SIDE_STYLE('',(#13261));
#13261 = SURFACE_STYLE_FILL_AREA(#13262);
#13262 = FILL_AREA_STYLE('',(#13263));
#13263 = FILL_AREA_STYLE_COLOUR('',#13060);
#13264 = STYLED_ITEM('color',(#13265),#10140);
#13265 = PRESENTATION_STYLE_ASSIGNMENT((#13266));
#13266 = SURFACE_STYLE_USAGE(.BOTH.,#13267);
#13267 = SURFACE_SIDE_STYLE('',(#13268));
#13268 = SURFACE_STYLE_FILL_AREA(#13269);
#13269 = FILL_AREA_STYLE('',(#13270));
#13270 = FILL_AREA_STYLE_COLOUR('',#13060);
#13271 = STYLED_ITEM('color',(#13272),#10157);
#13272 = PRESENTATION_STYLE_ASSIGNMENT((#13273));
#13273 = SURFACE_STYLE_USAGE(.BOTH.,#13274);
#13274 = SURFACE_SIDE_STYLE('',(#13275));
#13275 = SURFACE_STYLE_FILL_AREA(#13276);
#13276 = FILL_AREA_STYLE('',(#13277));
#13277 = FILL_AREA_STYLE_COLOUR('',#13060);
#13278 = STYLED_ITEM('color',(#13279),#10174);
#13279 = PRESENTATION_STYLE_ASSIGNMENT((#13280));
#13280 = SURFACE_STYLE_USAGE(.BOTH.,#13281);
#13281 = SURFACE_SIDE_STYLE('',(#13282));
#13282 = SURFACE_STYLE_FILL_AREA(#13283);
#13283 = FILL_AREA_STYLE('',(#13284));
#13284 = FILL_AREA_STYLE_COLOUR('',#13060);
#13285 = STYLED_ITEM('color',(#13286),#10191);
#13286 = PRESENTATION_STYLE_ASSIGNMENT((#13287));
#13287 = SURFACE_STYLE_USAGE(.BOTH.,#13288);
#13288 = SURFACE_SIDE_STYLE('',(#13289));
#13289 = SURFACE_STYLE_FILL_AREA(#13290);
#13290 = FILL_AREA_STYLE('',(#13291));
#13291 = FILL_AREA_STYLE_COLOUR('',#13060);
#13292 = STYLED_ITEM('color',(#13293),#10203);
#13293 = PRESENTATION_STYLE_ASSIGNMENT((#13294));
#13294 = SURFACE_STYLE_USAGE(.BOTH.,#13295);
#13295 = SURFACE_SIDE_STYLE('',(#13296));
#13296 = SURFACE_STYLE_FILL_AREA(#13297);
#13297 = FILL_AREA_STYLE('',(#13298));
#13298 = FILL_AREA_STYLE_COLOUR('',#13299);
#13299 = COLOUR_RGB('',0.859000020776,0.737999965183,0.495999988746);
#13300 = STYLED_ITEM('color',(#13301),#10234);
#13301 = PRESENTATION_STYLE_ASSIGNMENT((#13302));
#13302 = SURFACE_STYLE_USAGE(.BOTH.,#13303);
#13303 = SURFACE_SIDE_STYLE('',(#13304));
#13304 = SURFACE_STYLE_FILL_AREA(#13305);
#13305 = FILL_AREA_STYLE('',(#13306));
#13306 = FILL_AREA_STYLE_COLOUR('',#13299);
#13307 = STYLED_ITEM('color',(#13308),#10258);
#13308 = PRESENTATION_STYLE_ASSIGNMENT((#13309));
#13309 = SURFACE_STYLE_USAGE(.BOTH.,#13310);
#13310 = SURFACE_SIDE_STYLE('',(#13311));
#13311 = SURFACE_STYLE_FILL_AREA(#13312);
#13312 = FILL_AREA_STYLE('',(#13313));
#13313 = FILL_AREA_STYLE_COLOUR('',#13299);
#13314 = STYLED_ITEM('color',(#13315),#10282);
#13315 = PRESENTATION_STYLE_ASSIGNMENT((#13316));
#13316 = SURFACE_STYLE_USAGE(.BOTH.,#13317);
#13317 = SURFACE_SIDE_STYLE('',(#13318));
#13318 = SURFACE_STYLE_FILL_AREA(#13319);
#13319 = FILL_AREA_STYLE('',(#13320));
#13320 = FILL_AREA_STYLE_COLOUR('',#13299);
#13321 = STYLED_ITEM('color',(#13322),#10299);
#13322 = PRESENTATION_STYLE_ASSIGNMENT((#13323));
#13323 = SURFACE_STYLE_USAGE(.BOTH.,#13324);
#13324 = SURFACE_SIDE_STYLE('',(#13325));
#13325 = SURFACE_STYLE_FILL_AREA(#13326);
#13326 = FILL_AREA_STYLE('',(#13327));
#13327 = FILL_AREA_STYLE_COLOUR('',#13299);
#13328 = STYLED_ITEM('color',(#13329),#10330);
#13329 = PRESENTATION_STYLE_ASSIGNMENT((#13330));
#13330 = SURFACE_STYLE_USAGE(.BOTH.,#13331);
#13331 = SURFACE_SIDE_STYLE('',(#13332));
#13332 = SURFACE_STYLE_FILL_AREA(#13333);
#13333 = FILL_AREA_STYLE('',(#13334));
#13334 = FILL_AREA_STYLE_COLOUR('',#13299);
#13335 = STYLED_ITEM('color',(#13336),#10354);
#13336 = PRESENTATION_STYLE_ASSIGNMENT((#13337));
#13337 = SURFACE_STYLE_USAGE(.BOTH.,#13338);
#13338 = SURFACE_SIDE_STYLE('',(#13339));
#13339 = SURFACE_STYLE_FILL_AREA(#13340);
#13340 = FILL_AREA_STYLE('',(#13341));
#13341 = FILL_AREA_STYLE_COLOUR('',#13299);
#13342 = STYLED_ITEM('color',(#13343),#10378);
#13343 = PRESENTATION_STYLE_ASSIGNMENT((#13344));
#13344 = SURFACE_STYLE_USAGE(.BOTH.,#13345);
#13345 = SURFACE_SIDE_STYLE('',(#13346));
#13346 = SURFACE_STYLE_FILL_AREA(#13347);
#13347 = FILL_AREA_STYLE('',(#13348));
#13348 = FILL_AREA_STYLE_COLOUR('',#13299);
#13349 = STYLED_ITEM('color',(#13350),#10395);
#13350 = PRESENTATION_STYLE_ASSIGNMENT((#13351));
#13351 = SURFACE_STYLE_USAGE(.BOTH.,#13352);
#13352 = SURFACE_SIDE_STYLE('',(#13353));
#13353 = SURFACE_STYLE_FILL_AREA(#13354);
#13354 = FILL_AREA_STYLE('',(#13355));
#13355 = FILL_AREA_STYLE_COLOUR('',#13299);
#13356 = STYLED_ITEM('color',(#13357),#10426);
#13357 = PRESENTATION_STYLE_ASSIGNMENT((#13358));
#13358 = SURFACE_STYLE_USAGE(.BOTH.,#13359);
#13359 = SURFACE_SIDE_STYLE('',(#13360));
#13360 = SURFACE_STYLE_FILL_AREA(#13361);
#13361 = FILL_AREA_STYLE('',(#13362));
#13362 = FILL_AREA_STYLE_COLOUR('',#13299);
#13363 = STYLED_ITEM('color',(#13364),#10450);
#13364 = PRESENTATION_STYLE_ASSIGNMENT((#13365));
#13365 = SURFACE_STYLE_USAGE(.BOTH.,#13366);
#13366 = SURFACE_SIDE_STYLE('',(#13367));
#13367 = SURFACE_STYLE_FILL_AREA(#13368);
#13368 = FILL_AREA_STYLE('',(#13369));
#13369 = FILL_AREA_STYLE_COLOUR('',#13299);
#13370 = STYLED_ITEM('color',(#13371),#10474);
#13371 = PRESENTATION_STYLE_ASSIGNMENT((#13372));
#13372 = SURFACE_STYLE_USAGE(.BOTH.,#13373);
#13373 = SURFACE_SIDE_STYLE('',(#13374));
#13374 = SURFACE_STYLE_FILL_AREA(#13375);
#13375 = FILL_AREA_STYLE('',(#13376));
#13376 = FILL_AREA_STYLE_COLOUR('',#13299);
#13377 = STYLED_ITEM('color',(#13378),#10491);
#13378 = PRESENTATION_STYLE_ASSIGNMENT((#13379));
#13379 = SURFACE_STYLE_USAGE(.BOTH.,#13380);
#13380 = SURFACE_SIDE_STYLE('',(#13381));
#13381 = SURFACE_STYLE_FILL_AREA(#13382);
#13382 = FILL_AREA_STYLE('',(#13383));
#13383 = FILL_AREA_STYLE_COLOUR('',#13299);
#13384 = STYLED_ITEM('color',(#13385),#10522);
#13385 = PRESENTATION_STYLE_ASSIGNMENT((#13386));
#13386 = SURFACE_STYLE_USAGE(.BOTH.,#13387);
#13387 = SURFACE_SIDE_STYLE('',(#13388));
#13388 = SURFACE_STYLE_FILL_AREA(#13389);
#13389 = FILL_AREA_STYLE('',(#13390));
#13390 = FILL_AREA_STYLE_COLOUR('',#13299);
#13391 = STYLED_ITEM('color',(#13392),#10546);
#13392 = PRESENTATION_STYLE_ASSIGNMENT((#13393));
#13393 = SURFACE_STYLE_USAGE(.BOTH.,#13394);
#13394 = SURFACE_SIDE_STYLE('',(#13395));
#13395 = SURFACE_STYLE_FILL_AREA(#13396);
#13396 = FILL_AREA_STYLE('',(#13397));
#13397 = FILL_AREA_STYLE_COLOUR('',#13299);
#13398 = STYLED_ITEM('color',(#13399),#10570);
#13399 = PRESENTATION_STYLE_ASSIGNMENT((#13400));
#13400 = SURFACE_STYLE_USAGE(.BOTH.,#13401);
#13401 = SURFACE_SIDE_STYLE('',(#13402));
#13402 = SURFACE_STYLE_FILL_AREA(#13403);
#13403 = FILL_AREA_STYLE('',(#13404));
#13404 = FILL_AREA_STYLE_COLOUR('',#13299);
#13405 = STYLED_ITEM('color',(#13406),#10587);
#13406 = PRESENTATION_STYLE_ASSIGNMENT((#13407));
#13407 = SURFACE_STYLE_USAGE(.BOTH.,#13408);
#13408 = SURFACE_SIDE_STYLE('',(#13409));
#13409 = SURFACE_STYLE_FILL_AREA(#13410);
#13410 = FILL_AREA_STYLE('',(#13411));
#13411 = FILL_AREA_STYLE_COLOUR('',#13299);
#13412 = STYLED_ITEM('color',(#13413),#10618);
#13413 = PRESENTATION_STYLE_ASSIGNMENT((#13414));
#13414 = SURFACE_STYLE_USAGE(.BOTH.,#13415);
#13415 = SURFACE_SIDE_STYLE('',(#13416));
#13416 = SURFACE_STYLE_FILL_AREA(#13417);
#13417 = FILL_AREA_STYLE('',(#13418));
#13418 = FILL_AREA_STYLE_COLOUR('',#13299);
#13419 = STYLED_ITEM('color',(#13420),#10642);
#13420 = PRESENTATION_STYLE_ASSIGNMENT((#13421));
#13421 = SURFACE_STYLE_USAGE(.BOTH.,#13422);
#13422 = SURFACE_SIDE_STYLE('',(#13423));
#13423 = SURFACE_STYLE_FILL_AREA(#13424);
#13424 = FILL_AREA_STYLE('',(#13425));
#13425 = FILL_AREA_STYLE_COLOUR('',#13299);
#13426 = STYLED_ITEM('color',(#13427),#10666);
#13427 = PRESENTATION_STYLE_ASSIGNMENT((#13428));
#13428 = SURFACE_STYLE_USAGE(.BOTH.,#13429);
#13429 = SURFACE_SIDE_STYLE('',(#13430));
#13430 = SURFACE_STYLE_FILL_AREA(#13431);
#13431 = FILL_AREA_STYLE('',(#13432));
#13432 = FILL_AREA_STYLE_COLOUR('',#13299);
#13433 = STYLED_ITEM('color',(#13434),#10683);
#13434 = PRESENTATION_STYLE_ASSIGNMENT((#13435));
#13435 = SURFACE_STYLE_USAGE(.BOTH.,#13436);
#13436 = SURFACE_SIDE_STYLE('',(#13437));
#13437 = SURFACE_STYLE_FILL_AREA(#13438);
#13438 = FILL_AREA_STYLE('',(#13439));
#13439 = FILL_AREA_STYLE_COLOUR('',#13299);
#13440 = STYLED_ITEM('color',(#13441),#10714);
#13441 = PRESENTATION_STYLE_ASSIGNMENT((#13442));
#13442 = SURFACE_STYLE_USAGE(.BOTH.,#13443);
#13443 = SURFACE_SIDE_STYLE('',(#13444));
#13444 = SURFACE_STYLE_FILL_AREA(#13445);
#13445 = FILL_AREA_STYLE('',(#13446));
#13446 = FILL_AREA_STYLE_COLOUR('',#13299);
#13447 = STYLED_ITEM('color',(#13448),#10738);
#13448 = PRESENTATION_STYLE_ASSIGNMENT((#13449));
#13449 = SURFACE_STYLE_USAGE(.BOTH.,#13450);
#13450 = SURFACE_SIDE_STYLE('',(#13451));
#13451 = SURFACE_STYLE_FILL_AREA(#13452);
#13452 = FILL_AREA_STYLE('',(#13453));
#13453 = FILL_AREA_STYLE_COLOUR('',#13299);
#13454 = STYLED_ITEM('color',(#13455),#10762);
#13455 = PRESENTATION_STYLE_ASSIGNMENT((#13456));
#13456 = SURFACE_STYLE_USAGE(.BOTH.,#13457);
#13457 = SURFACE_SIDE_STYLE('',(#13458));
#13458 = SURFACE_STYLE_FILL_AREA(#13459);
#13459 = FILL_AREA_STYLE('',(#13460));
#13460 = FILL_AREA_STYLE_COLOUR('',#13299);
#13461 = STYLED_ITEM('color',(#13462),#10779);
#13462 = PRESENTATION_STYLE_ASSIGNMENT((#13463));
#13463 = SURFACE_STYLE_USAGE(.BOTH.,#13464);
#13464 = SURFACE_SIDE_STYLE('',(#13465));
#13465 = SURFACE_STYLE_FILL_AREA(#13466);
#13466 = FILL_AREA_STYLE('',(#13467));
#13467 = FILL_AREA_STYLE_COLOUR('',#13299);
#13468 = STYLED_ITEM('color',(#13469),#10810);
#13469 = PRESENTATION_STYLE_ASSIGNMENT((#13470));
#13470 = SURFACE_STYLE_USAGE(.BOTH.,#13471);
#13471 = SURFACE_SIDE_STYLE('',(#13472));
#13472 = SURFACE_STYLE_FILL_AREA(#13473);
#13473 = FILL_AREA_STYLE('',(#13474));
#13474 = FILL_AREA_STYLE_COLOUR('',#13299);
#13475 = STYLED_ITEM('color',(#13476),#10834);
#13476 = PRESENTATION_STYLE_ASSIGNMENT((#13477));
#13477 = SURFACE_STYLE_USAGE(.BOTH.,#13478);
#13478 = SURFACE_SIDE_STYLE('',(#13479));
#13479 = SURFACE_STYLE_FILL_AREA(#13480);
#13480 = FILL_AREA_STYLE('',(#13481));
#13481 = FILL_AREA_STYLE_COLOUR('',#13299);
#13482 = STYLED_ITEM('color',(#13483),#10858);
#13483 = PRESENTATION_STYLE_ASSIGNMENT((#13484));
#13484 = SURFACE_STYLE_USAGE(.BOTH.,#13485);
#13485 = SURFACE_SIDE_STYLE('',(#13486));
#13486 = SURFACE_STYLE_FILL_AREA(#13487);
#13487 = FILL_AREA_STYLE('',(#13488));
#13488 = FILL_AREA_STYLE_COLOUR('',#13299);
#13489 = STYLED_ITEM('color',(#13490),#10875);
#13490 = PRESENTATION_STYLE_ASSIGNMENT((#13491));
#13491 = SURFACE_STYLE_USAGE(.BOTH.,#13492);
#13492 = SURFACE_SIDE_STYLE('',(#13493));
#13493 = SURFACE_STYLE_FILL_AREA(#13494);
#13494 = FILL_AREA_STYLE('',(#13495));
#13495 = FILL_AREA_STYLE_COLOUR('',#13299);
#13496 = STYLED_ITEM('color',(#13497),#10906);
#13497 = PRESENTATION_STYLE_ASSIGNMENT((#13498));
#13498 = SURFACE_STYLE_USAGE(.BOTH.,#13499);
#13499 = SURFACE_SIDE_STYLE('',(#13500));
#13500 = SURFACE_STYLE_FILL_AREA(#13501);
#13501 = FILL_AREA_STYLE('',(#13502));
#13502 = FILL_AREA_STYLE_COLOUR('',#13299);
#13503 = STYLED_ITEM('color',(#13504),#10930);
#13504 = PRESENTATION_STYLE_ASSIGNMENT((#13505));
#13505 = SURFACE_STYLE_USAGE(.BOTH.,#13506);
#13506 = SURFACE_SIDE_STYLE('',(#13507));
#13507 = SURFACE_STYLE_FILL_AREA(#13508);
#13508 = FILL_AREA_STYLE('',(#13509));
#13509 = FILL_AREA_STYLE_COLOUR('',#13299);
#13510 = STYLED_ITEM('color',(#13511),#10954);
#13511 = PRESENTATION_STYLE_ASSIGNMENT((#13512));
#13512 = SURFACE_STYLE_USAGE(.BOTH.,#13513);
#13513 = SURFACE_SIDE_STYLE('',(#13514));
#13514 = SURFACE_STYLE_FILL_AREA(#13515);
#13515 = FILL_AREA_STYLE('',(#13516));
#13516 = FILL_AREA_STYLE_COLOUR('',#13299);
#13517 = STYLED_ITEM('color',(#13518),#10971);
#13518 = PRESENTATION_STYLE_ASSIGNMENT((#13519));
#13519 = SURFACE_STYLE_USAGE(.BOTH.,#13520);
#13520 = SURFACE_SIDE_STYLE('',(#13521));
#13521 = SURFACE_STYLE_FILL_AREA(#13522);
#13522 = FILL_AREA_STYLE('',(#13523));
#13523 = FILL_AREA_STYLE_COLOUR('',#13299);
#13524 = STYLED_ITEM('color',(#13525),#11002);
#13525 = PRESENTATION_STYLE_ASSIGNMENT((#13526));
#13526 = SURFACE_STYLE_USAGE(.BOTH.,#13527);
#13527 = SURFACE_SIDE_STYLE('',(#13528));
#13528 = SURFACE_STYLE_FILL_AREA(#13529);
#13529 = FILL_AREA_STYLE('',(#13530));
#13530 = FILL_AREA_STYLE_COLOUR('',#13299);
#13531 = STYLED_ITEM('color',(#13532),#11026);
#13532 = PRESENTATION_STYLE_ASSIGNMENT((#13533));
#13533 = SURFACE_STYLE_USAGE(.BOTH.,#13534);
#13534 = SURFACE_SIDE_STYLE('',(#13535));
#13535 = SURFACE_STYLE_FILL_AREA(#13536);
#13536 = FILL_AREA_STYLE('',(#13537));
#13537 = FILL_AREA_STYLE_COLOUR('',#13299);
#13538 = STYLED_ITEM('color',(#13539),#11050);
#13539 = PRESENTATION_STYLE_ASSIGNMENT((#13540));
#13540 = SURFACE_STYLE_USAGE(.BOTH.,#13541);
#13541 = SURFACE_SIDE_STYLE('',(#13542));
#13542 = SURFACE_STYLE_FILL_AREA(#13543);
#13543 = FILL_AREA_STYLE('',(#13544));
#13544 = FILL_AREA_STYLE_COLOUR('',#13299);
#13545 = STYLED_ITEM('color',(#13546),#11067);
#13546 = PRESENTATION_STYLE_ASSIGNMENT((#13547));
#13547 = SURFACE_STYLE_USAGE(.BOTH.,#13548);
#13548 = SURFACE_SIDE_STYLE('',(#13549));
#13549 = SURFACE_STYLE_FILL_AREA(#13550);
#13550 = FILL_AREA_STYLE('',(#13551));
#13551 = FILL_AREA_STYLE_COLOUR('',#13299);
#13552 = STYLED_ITEM('color',(#13553),#11098);
#13553 = PRESENTATION_STYLE_ASSIGNMENT((#13554));
#13554 = SURFACE_STYLE_USAGE(.BOTH.,#13555);
#13555 = SURFACE_SIDE_STYLE('',(#13556));
#13556 = SURFACE_STYLE_FILL_AREA(#13557);
#13557 = FILL_AREA_STYLE('',(#13558));
#13558 = FILL_AREA_STYLE_COLOUR('',#13299);
#13559 = STYLED_ITEM('color',(#13560),#11122);
#13560 = PRESENTATION_STYLE_ASSIGNMENT((#13561));
#13561 = SURFACE_STYLE_USAGE(.BOTH.,#13562);
#13562 = SURFACE_SIDE_STYLE('',(#13563));
#13563 = SURFACE_STYLE_FILL_AREA(#13564);
#13564 = FILL_AREA_STYLE('',(#13565));
#13565 = FILL_AREA_STYLE_COLOUR('',#13299);
#13566 = STYLED_ITEM('color',(#13567),#11146);
#13567 = PRESENTATION_STYLE_ASSIGNMENT((#13568));
#13568 = SURFACE_STYLE_USAGE(.BOTH.,#13569);
#13569 = SURFACE_SIDE_STYLE('',(#13570));
#13570 = SURFACE_STYLE_FILL_AREA(#13571);
#13571 = FILL_AREA_STYLE('',(#13572));
#13572 = FILL_AREA_STYLE_COLOUR('',#13299);
#13573 = STYLED_ITEM('color',(#13574),#11163);
#13574 = PRESENTATION_STYLE_ASSIGNMENT((#13575));
#13575 = SURFACE_STYLE_USAGE(.BOTH.,#13576);
#13576 = SURFACE_SIDE_STYLE('',(#13577));
#13577 = SURFACE_STYLE_FILL_AREA(#13578);
#13578 = FILL_AREA_STYLE('',(#13579));
#13579 = FILL_AREA_STYLE_COLOUR('',#13299);
#13580 = STYLED_ITEM('color',(#13581),#11194);
#13581 = PRESENTATION_STYLE_ASSIGNMENT((#13582));
#13582 = SURFACE_STYLE_USAGE(.BOTH.,#13583);
#13583 = SURFACE_SIDE_STYLE('',(#13584));
#13584 = SURFACE_STYLE_FILL_AREA(#13585);
#13585 = FILL_AREA_STYLE('',(#13586));
#13586 = FILL_AREA_STYLE_COLOUR('',#13299);
#13587 = STYLED_ITEM('color',(#13588),#11218);
#13588 = PRESENTATION_STYLE_ASSIGNMENT((#13589));
#13589 = SURFACE_STYLE_USAGE(.BOTH.,#13590);
#13590 = SURFACE_SIDE_STYLE('',(#13591));
#13591 = SURFACE_STYLE_FILL_AREA(#13592);
#13592 = FILL_AREA_STYLE('',(#13593));
#13593 = FILL_AREA_STYLE_COLOUR('',#13299);
#13594 = STYLED_ITEM('color',(#13595),#11242);
#13595 = PRESENTATION_STYLE_ASSIGNMENT((#13596));
#13596 = SURFACE_STYLE_USAGE(.BOTH.,#13597);
#13597 = SURFACE_SIDE_STYLE('',(#13598));
#13598 = SURFACE_STYLE_FILL_AREA(#13599);
#13599 = FILL_AREA_STYLE('',(#13600));
#13600 = FILL_AREA_STYLE_COLOUR('',#13299);
#13601 = STYLED_ITEM('color',(#13602),#11259);
#13602 = PRESENTATION_STYLE_ASSIGNMENT((#13603));
#13603 = SURFACE_STYLE_USAGE(.BOTH.,#13604);
#13604 = SURFACE_SIDE_STYLE('',(#13605));
#13605 = SURFACE_STYLE_FILL_AREA(#13606);
#13606 = FILL_AREA_STYLE('',(#13607));
#13607 = FILL_AREA_STYLE_COLOUR('',#13299);
#13608 = STYLED_ITEM('color',(#13609),#11290);
#13609 = PRESENTATION_STYLE_ASSIGNMENT((#13610));
#13610 = SURFACE_STYLE_USAGE(.BOTH.,#13611);
#13611 = SURFACE_SIDE_STYLE('',(#13612));
#13612 = SURFACE_STYLE_FILL_AREA(#13613);
#13613 = FILL_AREA_STYLE('',(#13614));
#13614 = FILL_AREA_STYLE_COLOUR('',#13299);
#13615 = STYLED_ITEM('color',(#13616),#11314);
#13616 = PRESENTATION_STYLE_ASSIGNMENT((#13617));
#13617 = SURFACE_STYLE_USAGE(.BOTH.,#13618);
#13618 = SURFACE_SIDE_STYLE('',(#13619));
#13619 = SURFACE_STYLE_FILL_AREA(#13620);
#13620 = FILL_AREA_STYLE('',(#13621));
#13621 = FILL_AREA_STYLE_COLOUR('',#13299);
#13622 = STYLED_ITEM('color',(#13623),#11338);
#13623 = PRESENTATION_STYLE_ASSIGNMENT((#13624));
#13624 = SURFACE_STYLE_USAGE(.BOTH.,#13625);
#13625 = SURFACE_SIDE_STYLE('',(#13626));
#13626 = SURFACE_STYLE_FILL_AREA(#13627);
#13627 = FILL_AREA_STYLE('',(#13628));
#13628 = FILL_AREA_STYLE_COLOUR('',#13299);
#13629 = STYLED_ITEM('color',(#13630),#11355);
#13630 = PRESENTATION_STYLE_ASSIGNMENT((#13631));
#13631 = SURFACE_STYLE_USAGE(.BOTH.,#13632);
#13632 = SURFACE_SIDE_STYLE('',(#13633));
#13633 = SURFACE_STYLE_FILL_AREA(#13634);
#13634 = FILL_AREA_STYLE('',(#13635));
#13635 = FILL_AREA_STYLE_COLOUR('',#13299);
#13636 = STYLED_ITEM('color',(#13637),#11386);
#13637 = PRESENTATION_STYLE_ASSIGNMENT((#13638));
#13638 = SURFACE_STYLE_USAGE(.BOTH.,#13639);
#13639 = SURFACE_SIDE_STYLE('',(#13640));
#13640 = SURFACE_STYLE_FILL_AREA(#13641);
#13641 = FILL_AREA_STYLE('',(#13642));
#13642 = FILL_AREA_STYLE_COLOUR('',#13299);
#13643 = STYLED_ITEM('color',(#13644),#11410);
#13644 = PRESENTATION_STYLE_ASSIGNMENT((#13645));
#13645 = SURFACE_STYLE_USAGE(.BOTH.,#13646);
#13646 = SURFACE_SIDE_STYLE('',(#13647));
#13647 = SURFACE_STYLE_FILL_AREA(#13648);
#13648 = FILL_AREA_STYLE('',(#13649));
#13649 = FILL_AREA_STYLE_COLOUR('',#13299);
#13650 = STYLED_ITEM('color',(#13651),#11434);
#13651 = PRESENTATION_STYLE_ASSIGNMENT((#13652));
#13652 = SURFACE_STYLE_USAGE(.BOTH.,#13653);
#13653 = SURFACE_SIDE_STYLE('',(#13654));
#13654 = SURFACE_STYLE_FILL_AREA(#13655);
#13655 = FILL_AREA_STYLE('',(#13656));
#13656 = FILL_AREA_STYLE_COLOUR('',#13299);
#13657 = STYLED_ITEM('color',(#13658),#11451);
#13658 = PRESENTATION_STYLE_ASSIGNMENT((#13659));
#13659 = SURFACE_STYLE_USAGE(.BOTH.,#13660);
#13660 = SURFACE_SIDE_STYLE('',(#13661));
#13661 = SURFACE_STYLE_FILL_AREA(#13662);
#13662 = FILL_AREA_STYLE('',(#13663));
#13663 = FILL_AREA_STYLE_COLOUR('',#13299);
#13664 = STYLED_ITEM('color',(#13665),#11482);
#13665 = PRESENTATION_STYLE_ASSIGNMENT((#13666));
#13666 = SURFACE_STYLE_USAGE(.BOTH.,#13667);
#13667 = SURFACE_SIDE_STYLE('',(#13668));
#13668 = SURFACE_STYLE_FILL_AREA(#13669);
#13669 = FILL_AREA_STYLE('',(#13670));
#13670 = FILL_AREA_STYLE_COLOUR('',#13299);
#13671 = STYLED_ITEM('color',(#13672),#11506);
#13672 = PRESENTATION_STYLE_ASSIGNMENT((#13673));
#13673 = SURFACE_STYLE_USAGE(.BOTH.,#13674);
#13674 = SURFACE_SIDE_STYLE('',(#13675));
#13675 = SURFACE_STYLE_FILL_AREA(#13676);
#13676 = FILL_AREA_STYLE('',(#13677));
#13677 = FILL_AREA_STYLE_COLOUR('',#13299);
#13678 = STYLED_ITEM('color',(#13679),#11530);
#13679 = PRESENTATION_STYLE_ASSIGNMENT((#13680));
#13680 = SURFACE_STYLE_USAGE(.BOTH.,#13681);
#13681 = SURFACE_SIDE_STYLE('',(#13682));
#13682 = SURFACE_STYLE_FILL_AREA(#13683);
#13683 = FILL_AREA_STYLE('',(#13684));
#13684 = FILL_AREA_STYLE_COLOUR('',#13299);
#13685 = STYLED_ITEM('color',(#13686),#11547);
#13686 = PRESENTATION_STYLE_ASSIGNMENT((#13687));
#13687 = SURFACE_STYLE_USAGE(.BOTH.,#13688);
#13688 = SURFACE_SIDE_STYLE('',(#13689));
#13689 = SURFACE_STYLE_FILL_AREA(#13690);
#13690 = FILL_AREA_STYLE('',(#13691));
#13691 = FILL_AREA_STYLE_COLOUR('',#13299);
#13692 = STYLED_ITEM('color',(#13693),#11578);
#13693 = PRESENTATION_STYLE_ASSIGNMENT((#13694));
#13694 = SURFACE_STYLE_USAGE(.BOTH.,#13695);
#13695 = SURFACE_SIDE_STYLE('',(#13696));
#13696 = SURFACE_STYLE_FILL_AREA(#13697);
#13697 = FILL_AREA_STYLE('',(#13698));
#13698 = FILL_AREA_STYLE_COLOUR('',#13299);
#13699 = STYLED_ITEM('color',(#13700),#11602);
#13700 = PRESENTATION_STYLE_ASSIGNMENT((#13701));
#13701 = SURFACE_STYLE_USAGE(.BOTH.,#13702);
#13702 = SURFACE_SIDE_STYLE('',(#13703));
#13703 = SURFACE_STYLE_FILL_AREA(#13704);
#13704 = FILL_AREA_STYLE('',(#13705));
#13705 = FILL_AREA_STYLE_COLOUR('',#13299);
#13706 = STYLED_ITEM('color',(#13707),#11626);
#13707 = PRESENTATION_STYLE_ASSIGNMENT((#13708));
#13708 = SURFACE_STYLE_USAGE(.BOTH.,#13709);
#13709 = SURFACE_SIDE_STYLE('',(#13710));
#13710 = SURFACE_STYLE_FILL_AREA(#13711);
#13711 = FILL_AREA_STYLE('',(#13712));
#13712 = FILL_AREA_STYLE_COLOUR('',#13299);
#13713 = STYLED_ITEM('color',(#13714),#11643);
#13714 = PRESENTATION_STYLE_ASSIGNMENT((#13715));
#13715 = SURFACE_STYLE_USAGE(.BOTH.,#13716);
#13716 = SURFACE_SIDE_STYLE('',(#13717));
#13717 = SURFACE_STYLE_FILL_AREA(#13718);
#13718 = FILL_AREA_STYLE('',(#13719));
#13719 = FILL_AREA_STYLE_COLOUR('',#13299);
#13720 = STYLED_ITEM('color',(#13721),#11674);
#13721 = PRESENTATION_STYLE_ASSIGNMENT((#13722));
#13722 = SURFACE_STYLE_USAGE(.BOTH.,#13723);
#13723 = SURFACE_SIDE_STYLE('',(#13724));
#13724 = SURFACE_STYLE_FILL_AREA(#13725);
#13725 = FILL_AREA_STYLE('',(#13726));
#13726 = FILL_AREA_STYLE_COLOUR('',#13299);
#13727 = STYLED_ITEM('color',(#13728),#11698);
#13728 = PRESENTATION_STYLE_ASSIGNMENT((#13729));
#13729 = SURFACE_STYLE_USAGE(.BOTH.,#13730);
#13730 = SURFACE_SIDE_STYLE('',(#13731));
#13731 = SURFACE_STYLE_FILL_AREA(#13732);
#13732 = FILL_AREA_STYLE('',(#13733));
#13733 = FILL_AREA_STYLE_COLOUR('',#13299);
#13734 = STYLED_ITEM('color',(#13735),#11722);
#13735 = PRESENTATION_STYLE_ASSIGNMENT((#13736));
#13736 = SURFACE_STYLE_USAGE(.BOTH.,#13737);
#13737 = SURFACE_SIDE_STYLE('',(#13738));
#13738 = SURFACE_STYLE_FILL_AREA(#13739);
#13739 = FILL_AREA_STYLE('',(#13740));
#13740 = FILL_AREA_STYLE_COLOUR('',#13299);
#13741 = STYLED_ITEM('color',(#13742),#11739);
#13742 = PRESENTATION_STYLE_ASSIGNMENT((#13743));
#13743 = SURFACE_STYLE_USAGE(.BOTH.,#13744);
#13744 = SURFACE_SIDE_STYLE('',(#13745));
#13745 = SURFACE_STYLE_FILL_AREA(#13746);
#13746 = FILL_AREA_STYLE('',(#13747));
#13747 = FILL_AREA_STYLE_COLOUR('',#13299);
#13748 = STYLED_ITEM('color',(#13749),#11770);
#13749 = PRESENTATION_STYLE_ASSIGNMENT((#13750));
#13750 = SURFACE_STYLE_USAGE(.BOTH.,#13751);
#13751 = SURFACE_SIDE_STYLE('',(#13752));
#13752 = SURFACE_STYLE_FILL_AREA(#13753);
#13753 = FILL_AREA_STYLE('',(#13754));
#13754 = FILL_AREA_STYLE_COLOUR('',#13299);
#13755 = STYLED_ITEM('color',(#13756),#11794);
#13756 = PRESENTATION_STYLE_ASSIGNMENT((#13757));
#13757 = SURFACE_STYLE_USAGE(.BOTH.,#13758);
#13758 = SURFACE_SIDE_STYLE('',(#13759));
#13759 = SURFACE_STYLE_FILL_AREA(#13760);
#13760 = FILL_AREA_STYLE('',(#13761));
#13761 = FILL_AREA_STYLE_COLOUR('',#13299);
#13762 = STYLED_ITEM('color',(#13763),#11818);
#13763 = PRESENTATION_STYLE_ASSIGNMENT((#13764));
#13764 = SURFACE_STYLE_USAGE(.BOTH.,#13765);
#13765 = SURFACE_SIDE_STYLE('',(#13766));
#13766 = SURFACE_STYLE_FILL_AREA(#13767);
#13767 = FILL_AREA_STYLE('',(#13768));
#13768 = FILL_AREA_STYLE_COLOUR('',#13299);
#13769 = STYLED_ITEM('color',(#13770),#11835);
#13770 = PRESENTATION_STYLE_ASSIGNMENT((#13771));
#13771 = SURFACE_STYLE_USAGE(.BOTH.,#13772);
#13772 = SURFACE_SIDE_STYLE('',(#13773));
#13773 = SURFACE_STYLE_FILL_AREA(#13774);
#13774 = FILL_AREA_STYLE('',(#13775));
#13775 = FILL_AREA_STYLE_COLOUR('',#13299);
#13776 = STYLED_ITEM('color',(#13777),#11866);
#13777 = PRESENTATION_STYLE_ASSIGNMENT((#13778));
#13778 = SURFACE_STYLE_USAGE(.BOTH.,#13779);
#13779 = SURFACE_SIDE_STYLE('',(#13780));
#13780 = SURFACE_STYLE_FILL_AREA(#13781);
#13781 = FILL_AREA_STYLE('',(#13782));
#13782 = FILL_AREA_STYLE_COLOUR('',#13299);
#13783 = STYLED_ITEM('color',(#13784),#11890);
#13784 = PRESENTATION_STYLE_ASSIGNMENT((#13785));
#13785 = SURFACE_STYLE_USAGE(.BOTH.,#13786);
#13786 = SURFACE_SIDE_STYLE('',(#13787));
#13787 = SURFACE_STYLE_FILL_AREA(#13788);
#13788 = FILL_AREA_STYLE('',(#13789));
#13789 = FILL_AREA_STYLE_COLOUR('',#13299);
#13790 = STYLED_ITEM('color',(#13791),#11914);
#13791 = PRESENTATION_STYLE_ASSIGNMENT((#13792));
#13792 = SURFACE_STYLE_USAGE(.BOTH.,#13793);
#13793 = SURFACE_SIDE_STYLE('',(#13794));
#13794 = SURFACE_STYLE_FILL_AREA(#13795);
#13795 = FILL_AREA_STYLE('',(#13796));
#13796 = FILL_AREA_STYLE_COLOUR('',#13299);
#13797 = STYLED_ITEM('color',(#13798),#11931);
#13798 = PRESENTATION_STYLE_ASSIGNMENT((#13799));
#13799 = SURFACE_STYLE_USAGE(.BOTH.,#13800);
#13800 = SURFACE_SIDE_STYLE('',(#13801));
#13801 = SURFACE_STYLE_FILL_AREA(#13802);
#13802 = FILL_AREA_STYLE('',(#13803));
#13803 = FILL_AREA_STYLE_COLOUR('',#13299);
#13804 = STYLED_ITEM('color',(#13805),#11962);
#13805 = PRESENTATION_STYLE_ASSIGNMENT((#13806));
#13806 = SURFACE_STYLE_USAGE(.BOTH.,#13807);
#13807 = SURFACE_SIDE_STYLE('',(#13808));
#13808 = SURFACE_STYLE_FILL_AREA(#13809);
#13809 = FILL_AREA_STYLE('',(#13810));
#13810 = FILL_AREA_STYLE_COLOUR('',#13299);
#13811 = STYLED_ITEM('color',(#13812),#11986);
#13812 = PRESENTATION_STYLE_ASSIGNMENT((#13813));
#13813 = SURFACE_STYLE_USAGE(.BOTH.,#13814);
#13814 = SURFACE_SIDE_STYLE('',(#13815));
#13815 = SURFACE_STYLE_FILL_AREA(#13816);
#13816 = FILL_AREA_STYLE('',(#13817));
#13817 = FILL_AREA_STYLE_COLOUR('',#13299);
#13818 = STYLED_ITEM('color',(#13819),#12010);
#13819 = PRESENTATION_STYLE_ASSIGNMENT((#13820));
#13820 = SURFACE_STYLE_USAGE(.BOTH.,#13821);
#13821 = SURFACE_SIDE_STYLE('',(#13822));
#13822 = SURFACE_STYLE_FILL_AREA(#13823);
#13823 = FILL_AREA_STYLE('',(#13824));
#13824 = FILL_AREA_STYLE_COLOUR('',#13299);
#13825 = STYLED_ITEM('color',(#13826),#12027);
#13826 = PRESENTATION_STYLE_ASSIGNMENT((#13827));
#13827 = SURFACE_STYLE_USAGE(.BOTH.,#13828);
#13828 = SURFACE_SIDE_STYLE('',(#13829));
#13829 = SURFACE_STYLE_FILL_AREA(#13830);
#13830 = FILL_AREA_STYLE('',(#13831));
#13831 = FILL_AREA_STYLE_COLOUR('',#13299);
#13832 = STYLED_ITEM('color',(#13833),#12058);
#13833 = PRESENTATION_STYLE_ASSIGNMENT((#13834));
#13834 = SURFACE_STYLE_USAGE(.BOTH.,#13835);
#13835 = SURFACE_SIDE_STYLE('',(#13836));
#13836 = SURFACE_STYLE_FILL_AREA(#13837);
#13837 = FILL_AREA_STYLE('',(#13838));
#13838 = FILL_AREA_STYLE_COLOUR('',#13299);
#13839 = STYLED_ITEM('color',(#13840),#12082);
#13840 = PRESENTATION_STYLE_ASSIGNMENT((#13841));
#13841 = SURFACE_STYLE_USAGE(.BOTH.,#13842);
#13842 = SURFACE_SIDE_STYLE('',(#13843));
#13843 = SURFACE_STYLE_FILL_AREA(#13844);
#13844 = FILL_AREA_STYLE('',(#13845));
#13845 = FILL_AREA_STYLE_COLOUR('',#13299);
#13846 = STYLED_ITEM('color',(#13847),#12106);
#13847 = PRESENTATION_STYLE_ASSIGNMENT((#13848));
#13848 = SURFACE_STYLE_USAGE(.BOTH.,#13849);
#13849 = SURFACE_SIDE_STYLE('',(#13850));
#13850 = SURFACE_STYLE_FILL_AREA(#13851);
#13851 = FILL_AREA_STYLE('',(#13852));
#13852 = FILL_AREA_STYLE_COLOUR('',#13299);
#13853 = STYLED_ITEM('color',(#13854),#12123);
#13854 = PRESENTATION_STYLE_ASSIGNMENT((#13855));
#13855 = SURFACE_STYLE_USAGE(.BOTH.,#13856);
#13856 = SURFACE_SIDE_STYLE('',(#13857));
#13857 = SURFACE_STYLE_FILL_AREA(#13858);
#13858 = FILL_AREA_STYLE('',(#13859));
#13859 = FILL_AREA_STYLE_COLOUR('',#13299);
#13860 = STYLED_ITEM('color',(#13861),#12135);
#13861 = PRESENTATION_STYLE_ASSIGNMENT((#13862));
#13862 = SURFACE_STYLE_USAGE(.BOTH.,#13863);
#13863 = SURFACE_SIDE_STYLE('',(#13864));
#13864 = SURFACE_STYLE_FILL_AREA(#13865);
#13865 = FILL_AREA_STYLE('',(#13866));
#13866 = FILL_AREA_STYLE_COLOUR('',#13299);
#13867 = STYLED_ITEM('color',(#13868),#12147);
#13868 = PRESENTATION_STYLE_ASSIGNMENT((#13869));
#13869 = SURFACE_STYLE_USAGE(.BOTH.,#13870);
#13870 = SURFACE_SIDE_STYLE('',(#13871));
#13871 = SURFACE_STYLE_FILL_AREA(#13872);
#13872 = FILL_AREA_STYLE('',(#13873));
#13873 = FILL_AREA_STYLE_COLOUR('',#13299);
#13874 = STYLED_ITEM('color',(#13875),#12159);
#13875 = PRESENTATION_STYLE_ASSIGNMENT((#13876));
#13876 = SURFACE_STYLE_USAGE(.BOTH.,#13877);
#13877 = SURFACE_SIDE_STYLE('',(#13878));
#13878 = SURFACE_STYLE_FILL_AREA(#13879);
#13879 = FILL_AREA_STYLE('',(#13880));
#13880 = FILL_AREA_STYLE_COLOUR('',#13299);
#13881 = STYLED_ITEM('color',(#13882),#12171);
#13882 = PRESENTATION_STYLE_ASSIGNMENT((#13883));
#13883 = SURFACE_STYLE_USAGE(.BOTH.,#13884);
#13884 = SURFACE_SIDE_STYLE('',(#13885));
#13885 = SURFACE_STYLE_FILL_AREA(#13886);
#13886 = FILL_AREA_STYLE('',(#13887));
#13887 = FILL_AREA_STYLE_COLOUR('',#13299);
#13888 = STYLED_ITEM('color',(#13889),#12183);
#13889 = PRESENTATION_STYLE_ASSIGNMENT((#13890));
#13890 = SURFACE_STYLE_USAGE(.BOTH.,#13891);
#13891 = SURFACE_SIDE_STYLE('',(#13892));
#13892 = SURFACE_STYLE_FILL_AREA(#13893);
#13893 = FILL_AREA_STYLE('',(#13894));
#13894 = FILL_AREA_STYLE_COLOUR('',#13299);
#13895 = STYLED_ITEM('color',(#13896),#12195);
#13896 = PRESENTATION_STYLE_ASSIGNMENT((#13897));
#13897 = SURFACE_STYLE_USAGE(.BOTH.,#13898);
#13898 = SURFACE_SIDE_STYLE('',(#13899));
#13899 = SURFACE_STYLE_FILL_AREA(#13900);
#13900 = FILL_AREA_STYLE('',(#13901));
#13901 = FILL_AREA_STYLE_COLOUR('',#13299);
#13902 = STYLED_ITEM('color',(#13903),#12207);
#13903 = PRESENTATION_STYLE_ASSIGNMENT((#13904));
#13904 = SURFACE_STYLE_USAGE(.BOTH.,#13905);
#13905 = SURFACE_SIDE_STYLE('',(#13906));
#13906 = SURFACE_STYLE_FILL_AREA(#13907);
#13907 = FILL_AREA_STYLE('',(#13908));
#13908 = FILL_AREA_STYLE_COLOUR('',#13299);
#13909 = STYLED_ITEM('color',(#13910),#12219);
#13910 = PRESENTATION_STYLE_ASSIGNMENT((#13911));
#13911 = SURFACE_STYLE_USAGE(.BOTH.,#13912);
#13912 = SURFACE_SIDE_STYLE('',(#13913));
#13913 = SURFACE_STYLE_FILL_AREA(#13914);
#13914 = FILL_AREA_STYLE('',(#13915));
#13915 = FILL_AREA_STYLE_COLOUR('',#13299);
#13916 = STYLED_ITEM('color',(#13917),#12231);
#13917 = PRESENTATION_STYLE_ASSIGNMENT((#13918));
#13918 = SURFACE_STYLE_USAGE(.BOTH.,#13919);
#13919 = SURFACE_SIDE_STYLE('',(#13920));
#13920 = SURFACE_STYLE_FILL_AREA(#13921);
#13921 = FILL_AREA_STYLE('',(#13922));
#13922 = FILL_AREA_STYLE_COLOUR('',#13299);
#13923 = MECHANICAL_DESIGN_GEOMETRIC_PRESENTATION_REPRESENTATION('',(
    #13924),#13041);
#13924 = STYLED_ITEM('color',(#13925),#12267);
#13925 = PRESENTATION_STYLE_ASSIGNMENT((#13926));
#13926 = SURFACE_STYLE_USAGE(.BOTH.,#13927);
#13927 = SURFACE_SIDE_STYLE('',(#13928));
#13928 = SURFACE_STYLE_FILL_AREA(#13929);
#13929 = FILL_AREA_STYLE('',(#13930));
#13930 = FILL_AREA_STYLE_COLOUR('',#13931);
#13931 = COLOUR_RGB('',0.313304153717,0.484529207832,0.410020903123);
#13932 = MECHANICAL_DESIGN_GEOMETRIC_PRESENTATION_REPRESENTATION('',(
    #13933,#13941,#13948,#13955,#13962,#13969,#13976,#13983,#13990,
    #13997,#14004,#14011,#14018,#14025,#14032,#14039,#14046,#14053,
    #14060,#14067,#14074,#14081,#14088,#14095,#14102,#14109,#14116,
    #14123,#14130,#14137,#14144,#14151,#14158,#14165,#14172,#14179,
    #14187,#14194,#14201,#14208,#14215,#14222,#14229,#14236,#14243,
    #14250,#14257,#14264,#14271,#14278),#2453);
#13933 = STYLED_ITEM('color',(#13934),#932);
#13934 = PRESENTATION_STYLE_ASSIGNMENT((#13935));
#13935 = SURFACE_STYLE_USAGE(.BOTH.,#13936);
#13936 = SURFACE_SIDE_STYLE('',(#13937));
#13937 = SURFACE_STYLE_FILL_AREA(#13938);
#13938 = FILL_AREA_STYLE('',(#13939));
#13939 = FILL_AREA_STYLE_COLOUR('',#13940);
#13940 = COLOUR_RGB('',0.894999966383,0.890999961016,0.813000030345);
#13941 = STYLED_ITEM('color',(#13942),#972);
#13942 = PRESENTATION_STYLE_ASSIGNMENT((#13943));
#13943 = SURFACE_STYLE_USAGE(.BOTH.,#13944);
#13944 = SURFACE_SIDE_STYLE('',(#13945));
#13945 = SURFACE_STYLE_FILL_AREA(#13946);
#13946 = FILL_AREA_STYLE('',(#13947));
#13947 = FILL_AREA_STYLE_COLOUR('',#13940);
#13948 = STYLED_ITEM('color',(#13949),#1019);
#13949 = PRESENTATION_STYLE_ASSIGNMENT((#13950));
#13950 = SURFACE_STYLE_USAGE(.BOTH.,#13951);
#13951 = SURFACE_SIDE_STYLE('',(#13952));
#13952 = SURFACE_STYLE_FILL_AREA(#13953);
#13953 = FILL_AREA_STYLE('',(#13954));
#13954 = FILL_AREA_STYLE_COLOUR('',#13940);
#13955 = STYLED_ITEM('color',(#13956),#1098);
#13956 = PRESENTATION_STYLE_ASSIGNMENT((#13957));
#13957 = SURFACE_STYLE_USAGE(.BOTH.,#13958);
#13958 = SURFACE_SIDE_STYLE('',(#13959));
#13959 = SURFACE_STYLE_FILL_AREA(#13960);
#13960 = FILL_AREA_STYLE('',(#13961));
#13961 = FILL_AREA_STYLE_COLOUR('',#13940);
#13962 = STYLED_ITEM('color',(#13963),#1122);
#13963 = PRESENTATION_STYLE_ASSIGNMENT((#13964));
#13964 = SURFACE_STYLE_USAGE(.BOTH.,#13965);
#13965 = SURFACE_SIDE_STYLE('',(#13966));
#13966 = SURFACE_STYLE_FILL_AREA(#13967);
#13967 = FILL_AREA_STYLE('',(#13968));
#13968 = FILL_AREA_STYLE_COLOUR('',#13940);
#13969 = STYLED_ITEM('color',(#13970),#1162);
#13970 = PRESENTATION_STYLE_ASSIGNMENT((#13971));
#13971 = SURFACE_STYLE_USAGE(.BOTH.,#13972);
#13972 = SURFACE_SIDE_STYLE('',(#13973));
#13973 = SURFACE_STYLE_FILL_AREA(#13974);
#13974 = FILL_AREA_STYLE('',(#13975));
#13975 = FILL_AREA_STYLE_COLOUR('',#13940);
#13976 = STYLED_ITEM('color',(#13977),#1193);
#13977 = PRESENTATION_STYLE_ASSIGNMENT((#13978));
#13978 = SURFACE_STYLE_USAGE(.BOTH.,#13979);
#13979 = SURFACE_SIDE_STYLE('',(#13980));
#13980 = SURFACE_STYLE_FILL_AREA(#13981);
#13981 = FILL_AREA_STYLE('',(#13982));
#13982 = FILL_AREA_STYLE_COLOUR('',#13940);
#13983 = STYLED_ITEM('color',(#13984),#1210);
#13984 = PRESENTATION_STYLE_ASSIGNMENT((#13985));
#13985 = SURFACE_STYLE_USAGE(.BOTH.,#13986);
#13986 = SURFACE_SIDE_STYLE('',(#13987));
#13987 = SURFACE_STYLE_FILL_AREA(#13988);
#13988 = FILL_AREA_STYLE('',(#13989));
#13989 = FILL_AREA_STYLE_COLOUR('',#13299);
#13990 = STYLED_ITEM('color',(#13991),#1243);
#13991 = PRESENTATION_STYLE_ASSIGNMENT((#13992));
#13992 = SURFACE_STYLE_USAGE(.BOTH.,#13993);
#13993 = SURFACE_SIDE_STYLE('',(#13994));
#13994 = SURFACE_STYLE_FILL_AREA(#13995);
#13995 = FILL_AREA_STYLE('',(#13996));
#13996 = FILL_AREA_STYLE_COLOUR('',#13940);
#13997 = STYLED_ITEM('color',(#13998),#1267);
#13998 = PRESENTATION_STYLE_ASSIGNMENT((#13999));
#13999 = SURFACE_STYLE_USAGE(.BOTH.,#14000);
#14000 = SURFACE_SIDE_STYLE('',(#14001));
#14001 = SURFACE_STYLE_FILL_AREA(#14002);
#14002 = FILL_AREA_STYLE('',(#14003));
#14003 = FILL_AREA_STYLE_COLOUR('',#13299);
#14004 = STYLED_ITEM('color',(#14005),#1334);
#14005 = PRESENTATION_STYLE_ASSIGNMENT((#14006));
#14006 = SURFACE_STYLE_USAGE(.BOTH.,#14007);
#14007 = SURFACE_SIDE_STYLE('',(#14008));
#14008 = SURFACE_STYLE_FILL_AREA(#14009);
#14009 = FILL_AREA_STYLE('',(#14010));
#14010 = FILL_AREA_STYLE_COLOUR('',#13940);
#14011 = STYLED_ITEM('color',(#14012),#1455);
#14012 = PRESENTATION_STYLE_ASSIGNMENT((#14013));
#14013 = SURFACE_STYLE_USAGE(.BOTH.,#14014);
#14014 = SURFACE_SIDE_STYLE('',(#14015));
#14015 = SURFACE_STYLE_FILL_AREA(#14016);
#14016 = FILL_AREA_STYLE('',(#14017));
#14017 = FILL_AREA_STYLE_COLOUR('',#13299);
#14018 = STYLED_ITEM('color',(#14019),#1522);
#14019 = PRESENTATION_STYLE_ASSIGNMENT((#14020));
#14020 = SURFACE_STYLE_USAGE(.BOTH.,#14021);
#14021 = SURFACE_SIDE_STYLE('',(#14022));
#14022 = SURFACE_STYLE_FILL_AREA(#14023);
#14023 = FILL_AREA_STYLE('',(#14024));
#14024 = FILL_AREA_STYLE_COLOUR('',#13940);
#14025 = STYLED_ITEM('color',(#14026),#1546);
#14026 = PRESENTATION_STYLE_ASSIGNMENT((#14027));
#14027 = SURFACE_STYLE_USAGE(.BOTH.,#14028);
#14028 = SURFACE_SIDE_STYLE('',(#14029));
#14029 = SURFACE_STYLE_FILL_AREA(#14030);
#14030 = FILL_AREA_STYLE('',(#14031));
#14031 = FILL_AREA_STYLE_COLOUR('',#13940);
#14032 = STYLED_ITEM('color',(#14033),#1577);
#14033 = PRESENTATION_STYLE_ASSIGNMENT((#14034));
#14034 = SURFACE_STYLE_USAGE(.BOTH.,#14035);
#14035 = SURFACE_SIDE_STYLE('',(#14036));
#14036 = SURFACE_STYLE_FILL_AREA(#14037);
#14037 = FILL_AREA_STYLE('',(#14038));
#14038 = FILL_AREA_STYLE_COLOUR('',#13299);
#14039 = STYLED_ITEM('color',(#14040),#1610);
#14040 = PRESENTATION_STYLE_ASSIGNMENT((#14041));
#14041 = SURFACE_STYLE_USAGE(.BOTH.,#14042);
#14042 = SURFACE_SIDE_STYLE('',(#14043));
#14043 = SURFACE_STYLE_FILL_AREA(#14044);
#14044 = FILL_AREA_STYLE('',(#14045));
#14045 = FILL_AREA_STYLE_COLOUR('',#13940);
#14046 = STYLED_ITEM('color',(#14047),#1666);
#14047 = PRESENTATION_STYLE_ASSIGNMENT((#14048));
#14048 = SURFACE_STYLE_USAGE(.BOTH.,#14049);
#14049 = SURFACE_SIDE_STYLE('',(#14050));
#14050 = SURFACE_STYLE_FILL_AREA(#14051);
#14051 = FILL_AREA_STYLE('',(#14052));
#14052 = FILL_AREA_STYLE_COLOUR('',#13299);
#14053 = STYLED_ITEM('color',(#14054),#1690);
#14054 = PRESENTATION_STYLE_ASSIGNMENT((#14055));
#14055 = SURFACE_STYLE_USAGE(.BOTH.,#14056);
#14056 = SURFACE_SIDE_STYLE('',(#14057));
#14057 = SURFACE_STYLE_FILL_AREA(#14058);
#14058 = FILL_AREA_STYLE('',(#14059));
#14059 = FILL_AREA_STYLE_COLOUR('',#13299);
#14060 = STYLED_ITEM('color',(#14061),#1714);
#14061 = PRESENTATION_STYLE_ASSIGNMENT((#14062));
#14062 = SURFACE_STYLE_USAGE(.BOTH.,#14063);
#14063 = SURFACE_SIDE_STYLE('',(#14064));
#14064 = SURFACE_STYLE_FILL_AREA(#14065);
#14065 = FILL_AREA_STYLE('',(#14066));
#14066 = FILL_AREA_STYLE_COLOUR('',#13299);
#14067 = STYLED_ITEM('color',(#14068),#1738);
#14068 = PRESENTATION_STYLE_ASSIGNMENT((#14069));
#14069 = SURFACE_STYLE_USAGE(.BOTH.,#14070);
#14070 = SURFACE_SIDE_STYLE('',(#14071));
#14071 = SURFACE_STYLE_FILL_AREA(#14072);
#14072 = FILL_AREA_STYLE('',(#14073));
#14073 = FILL_AREA_STYLE_COLOUR('',#13299);
#14074 = STYLED_ITEM('color',(#14075),#1771);
#14075 = PRESENTATION_STYLE_ASSIGNMENT((#14076));
#14076 = SURFACE_STYLE_USAGE(.BOTH.,#14077);
#14077 = SURFACE_SIDE_STYLE('',(#14078));
#14078 = SURFACE_STYLE_FILL_AREA(#14079);
#14079 = FILL_AREA_STYLE('',(#14080));
#14080 = FILL_AREA_STYLE_COLOUR('',#13299);
#14081 = STYLED_ITEM('color',(#14082),#1783);
#14082 = PRESENTATION_STYLE_ASSIGNMENT((#14083));
#14083 = SURFACE_STYLE_USAGE(.BOTH.,#14084);
#14084 = SURFACE_SIDE_STYLE('',(#14085));
#14085 = SURFACE_STYLE_FILL_AREA(#14086);
#14086 = FILL_AREA_STYLE('',(#14087));
#14087 = FILL_AREA_STYLE_COLOUR('',#13299);
#14088 = STYLED_ITEM('color',(#14089),#1846);
#14089 = PRESENTATION_STYLE_ASSIGNMENT((#14090));
#14090 = SURFACE_STYLE_USAGE(.BOTH.,#14091);
#14091 = SURFACE_SIDE_STYLE('',(#14092));
#14092 = SURFACE_STYLE_FILL_AREA(#14093);
#14093 = FILL_AREA_STYLE('',(#14094));
#14094 = FILL_AREA_STYLE_COLOUR('',#13299);
#14095 = STYLED_ITEM('color',(#14096),#1871);
#14096 = PRESENTATION_STYLE_ASSIGNMENT((#14097));
#14097 = SURFACE_STYLE_USAGE(.BOTH.,#14098);
#14098 = SURFACE_SIDE_STYLE('',(#14099));
#14099 = SURFACE_STYLE_FILL_AREA(#14100);
#14100 = FILL_AREA_STYLE('',(#14101));
#14101 = FILL_AREA_STYLE_COLOUR('',#13299);
#14102 = STYLED_ITEM('color',(#14103),#1888);
#14103 = PRESENTATION_STYLE_ASSIGNMENT((#14104));
#14104 = SURFACE_STYLE_USAGE(.BOTH.,#14105);
#14105 = SURFACE_SIDE_STYLE('',(#14106));
#14106 = SURFACE_STYLE_FILL_AREA(#14107);
#14107 = FILL_AREA_STYLE('',(#14108));
#14108 = FILL_AREA_STYLE_COLOUR('',#13299);
#14109 = STYLED_ITEM('color',(#14110),#1912);
#14110 = PRESENTATION_STYLE_ASSIGNMENT((#14111));
#14111 = SURFACE_STYLE_USAGE(.BOTH.,#14112);
#14112 = SURFACE_SIDE_STYLE('',(#14113));
#14113 = SURFACE_STYLE_FILL_AREA(#14114);
#14114 = FILL_AREA_STYLE('',(#14115));
#14115 = FILL_AREA_STYLE_COLOUR('',#13299);
#14116 = STYLED_ITEM('color',(#14117),#1930);
#14117 = PRESENTATION_STYLE_ASSIGNMENT((#14118));
#14118 = SURFACE_STYLE_USAGE(.BOTH.,#14119);
#14119 = SURFACE_SIDE_STYLE('',(#14120));
#14120 = SURFACE_STYLE_FILL_AREA(#14121);
#14121 = FILL_AREA_STYLE('',(#14122));
#14122 = FILL_AREA_STYLE_COLOUR('',#13299);
#14123 = STYLED_ITEM('color',(#14124),#1948);
#14124 = PRESENTATION_STYLE_ASSIGNMENT((#14125));
#14125 = SURFACE_STYLE_USAGE(.BOTH.,#14126);
#14126 = SURFACE_SIDE_STYLE('',(#14127));
#14127 = SURFACE_STYLE_FILL_AREA(#14128);
#14128 = FILL_AREA_STYLE('',(#14129));
#14129 = FILL_AREA_STYLE_COLOUR('',#13299);
#14130 = STYLED_ITEM('color',(#14131),#1966);
#14131 = PRESENTATION_STYLE_ASSIGNMENT((#14132));
#14132 = SURFACE_STYLE_USAGE(.BOTH.,#14133);
#14133 = SURFACE_SIDE_STYLE('',(#14134));
#14134 = SURFACE_STYLE_FILL_AREA(#14135);
#14135 = FILL_AREA_STYLE('',(#14136));
#14136 = FILL_AREA_STYLE_COLOUR('',#13299);
#14137 = STYLED_ITEM('color',(#14138),#1983);
#14138 = PRESENTATION_STYLE_ASSIGNMENT((#14139));
#14139 = SURFACE_STYLE_USAGE(.BOTH.,#14140);
#14140 = SURFACE_SIDE_STYLE('',(#14141));
#14141 = SURFACE_STYLE_FILL_AREA(#14142);
#14142 = FILL_AREA_STYLE('',(#14143));
#14143 = FILL_AREA_STYLE_COLOUR('',#13299);
#14144 = STYLED_ITEM('color',(#14145),#2000);
#14145 = PRESENTATION_STYLE_ASSIGNMENT((#14146));
#14146 = SURFACE_STYLE_USAGE(.BOTH.,#14147);
#14147 = SURFACE_SIDE_STYLE('',(#14148));
#14148 = SURFACE_STYLE_FILL_AREA(#14149);
#14149 = FILL_AREA_STYLE('',(#14150));
#14150 = FILL_AREA_STYLE_COLOUR('',#13299);
#14151 = STYLED_ITEM('color',(#14152),#2031);
#14152 = PRESENTATION_STYLE_ASSIGNMENT((#14153));
#14153 = SURFACE_STYLE_USAGE(.BOTH.,#14154);
#14154 = SURFACE_SIDE_STYLE('',(#14155));
#14155 = SURFACE_STYLE_FILL_AREA(#14156);
#14156 = FILL_AREA_STYLE('',(#14157));
#14157 = FILL_AREA_STYLE_COLOUR('',#13299);
#14158 = STYLED_ITEM('color',(#14159),#2056);
#14159 = PRESENTATION_STYLE_ASSIGNMENT((#14160));
#14160 = SURFACE_STYLE_USAGE(.BOTH.,#14161);
#14161 = SURFACE_SIDE_STYLE('',(#14162));
#14162 = SURFACE_STYLE_FILL_AREA(#14163);
#14163 = FILL_AREA_STYLE('',(#14164));
#14164 = FILL_AREA_STYLE_COLOUR('',#13299);
#14165 = STYLED_ITEM('color',(#14166),#2081);
#14166 = PRESENTATION_STYLE_ASSIGNMENT((#14167));
#14167 = SURFACE_STYLE_USAGE(.BOTH.,#14168);
#14168 = SURFACE_SIDE_STYLE('',(#14169));
#14169 = SURFACE_STYLE_FILL_AREA(#14170);
#14170 = FILL_AREA_STYLE('',(#14171));
#14171 = FILL_AREA_STYLE_COLOUR('',#13299);
#14172 = STYLED_ITEM('color',(#14173),#2105);
#14173 = PRESENTATION_STYLE_ASSIGNMENT((#14174));
#14174 = SURFACE_STYLE_USAGE(.BOTH.,#14175);
#14175 = SURFACE_SIDE_STYLE('',(#14176));
#14176 = SURFACE_STYLE_FILL_AREA(#14177);
#14177 = FILL_AREA_STYLE('',(#14178));
#14178 = FILL_AREA_STYLE_COLOUR('',#13299);
#14179 = STYLED_ITEM('color',(#14180),#2122);
#14180 = PRESENTATION_STYLE_ASSIGNMENT((#14181));
#14181 = SURFACE_STYLE_USAGE(.BOTH.,#14182);
#14182 = SURFACE_SIDE_STYLE('',(#14183));
#14183 = SURFACE_STYLE_FILL_AREA(#14184);
#14184 = FILL_AREA_STYLE('',(#14185));
#14185 = FILL_AREA_STYLE_COLOUR('',#14186);
#14186 = COLOUR_RGB('',0.340000006699,0.68000001254,0.444999988852);
#14187 = STYLED_ITEM('color',(#14188),#2153);
#14188 = PRESENTATION_STYLE_ASSIGNMENT((#14189));
#14189 = SURFACE_STYLE_USAGE(.BOTH.,#14190);
#14190 = SURFACE_SIDE_STYLE('',(#14191));
#14191 = SURFACE_STYLE_FILL_AREA(#14192);
#14192 = FILL_AREA_STYLE('',(#14193));
#14193 = FILL_AREA_STYLE_COLOUR('',#14186);
#14194 = STYLED_ITEM('color',(#14195),#2177);
#14195 = PRESENTATION_STYLE_ASSIGNMENT((#14196));
#14196 = SURFACE_STYLE_USAGE(.BOTH.,#14197);
#14197 = SURFACE_SIDE_STYLE('',(#14198));
#14198 = SURFACE_STYLE_FILL_AREA(#14199);
#14199 = FILL_AREA_STYLE('',(#14200));
#14200 = FILL_AREA_STYLE_COLOUR('',#14186);
#14201 = STYLED_ITEM('color',(#14202),#2194);
#14202 = PRESENTATION_STYLE_ASSIGNMENT((#14203));
#14203 = SURFACE_STYLE_USAGE(.BOTH.,#14204);
#14204 = SURFACE_SIDE_STYLE('',(#14205));
#14205 = SURFACE_STYLE_FILL_AREA(#14206);
#14206 = FILL_AREA_STYLE('',(#14207));
#14207 = FILL_AREA_STYLE_COLOUR('',#13299);
#14208 = STYLED_ITEM('color',(#14209),#2222);
#14209 = PRESENTATION_STYLE_ASSIGNMENT((#14210));
#14210 = SURFACE_STYLE_USAGE(.BOTH.,#14211);
#14211 = SURFACE_SIDE_STYLE('',(#14212));
#14212 = SURFACE_STYLE_FILL_AREA(#14213);
#14213 = FILL_AREA_STYLE('',(#14214));
#14214 = FILL_AREA_STYLE_COLOUR('',#13299);
#14215 = STYLED_ITEM('color',(#14216),#2247);
#14216 = PRESENTATION_STYLE_ASSIGNMENT((#14217));
#14217 = SURFACE_STYLE_USAGE(.BOTH.,#14218);
#14218 = SURFACE_SIDE_STYLE('',(#14219));
#14219 = SURFACE_STYLE_FILL_AREA(#14220);
#14220 = FILL_AREA_STYLE('',(#14221));
#14221 = FILL_AREA_STYLE_COLOUR('',#13299);
#14222 = STYLED_ITEM('color',(#14223),#2271);
#14223 = PRESENTATION_STYLE_ASSIGNMENT((#14224));
#14224 = SURFACE_STYLE_USAGE(.BOTH.,#14225);
#14225 = SURFACE_SIDE_STYLE('',(#14226));
#14226 = SURFACE_STYLE_FILL_AREA(#14227);
#14227 = FILL_AREA_STYLE('',(#14228));
#14228 = FILL_AREA_STYLE_COLOUR('',#13299);
#14229 = STYLED_ITEM('color',(#14230),#2296);
#14230 = PRESENTATION_STYLE_ASSIGNMENT((#14231));
#14231 = SURFACE_STYLE_USAGE(.BOTH.,#14232);
#14232 = SURFACE_SIDE_STYLE('',(#14233));
#14233 = SURFACE_STYLE_FILL_AREA(#14234);
#14234 = FILL_AREA_STYLE('',(#14235));
#14235 = FILL_AREA_STYLE_COLOUR('',#13299);
#14236 = STYLED_ITEM('color',(#14237),#2343);
#14237 = PRESENTATION_STYLE_ASSIGNMENT((#14238));
#14238 = SURFACE_STYLE_USAGE(.BOTH.,#14239);
#14239 = SURFACE_SIDE_STYLE('',(#14240));
#14240 = SURFACE_STYLE_FILL_AREA(#14241);
#14241 = FILL_AREA_STYLE('',(#14242));
#14242 = FILL_AREA_STYLE_COLOUR('',#13299);
#14243 = STYLED_ITEM('color',(#14244),#2360);
#14244 = PRESENTATION_STYLE_ASSIGNMENT((#14245));
#14245 = SURFACE_STYLE_USAGE(.BOTH.,#14246);
#14246 = SURFACE_SIDE_STYLE('',(#14247));
#14247 = SURFACE_STYLE_FILL_AREA(#14248);
#14248 = FILL_AREA_STYLE('',(#14249));
#14249 = FILL_AREA_STYLE_COLOUR('',#13299);
#14250 = STYLED_ITEM('color',(#14251),#2372);
#14251 = PRESENTATION_STYLE_ASSIGNMENT((#14252));
#14252 = SURFACE_STYLE_USAGE(.BOTH.,#14253);
#14253 = SURFACE_SIDE_STYLE('',(#14254));
#14254 = SURFACE_STYLE_FILL_AREA(#14255);
#14255 = FILL_AREA_STYLE('',(#14256));
#14256 = FILL_AREA_STYLE_COLOUR('',#13299);
#14257 = STYLED_ITEM('color',(#14258),#2394);
#14258 = PRESENTATION_STYLE_ASSIGNMENT((#14259));
#14259 = SURFACE_STYLE_USAGE(.BOTH.,#14260);
#14260 = SURFACE_SIDE_STYLE('',(#14261));
#14261 = SURFACE_STYLE_FILL_AREA(#14262);
#14262 = FILL_AREA_STYLE('',(#14263));
#14263 = FILL_AREA_STYLE_COLOUR('',#13299);
#14264 = STYLED_ITEM('color',(#14265),#2406);
#14265 = PRESENTATION_STYLE_ASSIGNMENT((#14266));
#14266 = SURFACE_STYLE_USAGE(.BOTH.,#14267);
#14267 = SURFACE_SIDE_STYLE('',(#14268));
#14268 = SURFACE_STYLE_FILL_AREA(#14269);
#14269 = FILL_AREA_STYLE('',(#14270));
#14270 = FILL_AREA_STYLE_COLOUR('',#13299);
#14271 = STYLED_ITEM('color',(#14272),#2424);
#14272 = PRESENTATION_STYLE_ASSIGNMENT((#14273));
#14273 = SURFACE_STYLE_USAGE(.BOTH.,#14274);
#14274 = SURFACE_SIDE_STYLE('',(#14275));
#14275 = SURFACE_STYLE_FILL_AREA(#14276);
#14276 = FILL_AREA_STYLE('',(#14277));
#14277 = FILL_AREA_STYLE_COLOUR('',#13299);
#14278 = STYLED_ITEM('color',(#14279),#2442);
#14279 = PRESENTATION_STYLE_ASSIGNMENT((#14280));
#14280 = SURFACE_STYLE_USAGE(.BOTH.,#14281);
#14281 = SURFACE_SIDE_STYLE('',(#14282));
#14282 = SURFACE_STYLE_FILL_AREA(#14283);
#14283 = FILL_AREA_STYLE('',(#14284));
#14284 = FILL_AREA_STYLE_COLOUR('',#14186);
#14285 = MECHANICAL_DESIGN_GEOMETRIC_PRESENTATION_REPRESENTATION('',(
    #14286,#14294,#14301,#14308,#14315,#14322,#14329,#14336,#14344),
  #7961);
#14286 = STYLED_ITEM('color',(#14287),#2472);
#14287 = PRESENTATION_STYLE_ASSIGNMENT((#14288));
#14288 = SURFACE_STYLE_USAGE(.BOTH.,#14289);
#14289 = SURFACE_SIDE_STYLE('',(#14290));
#14290 = SURFACE_STYLE_FILL_AREA(#14291);
#14291 = FILL_AREA_STYLE('',(#14292));
#14292 = FILL_AREA_STYLE_COLOUR('',#14293);
#14293 = COLOUR_RGB('',0.792156867455,0.819607826924,0.933333342953);
#14294 = STYLED_ITEM('color',(#14295),#2622);
#14295 = PRESENTATION_STYLE_ASSIGNMENT((#14296));
#14296 = SURFACE_STYLE_USAGE(.BOTH.,#14297);
#14297 = SURFACE_SIDE_STYLE('',(#14298));
#14298 = SURFACE_STYLE_FILL_AREA(#14299);
#14299 = FILL_AREA_STYLE('',(#14300));
#14300 = FILL_AREA_STYLE_COLOUR('',#14293);
#14301 = STYLED_ITEM('color',(#14302),#2772);
#14302 = PRESENTATION_STYLE_ASSIGNMENT((#14303));
#14303 = SURFACE_STYLE_USAGE(.BOTH.,#14304);
#14304 = SURFACE_SIDE_STYLE('',(#14305));
#14305 = SURFACE_STYLE_FILL_AREA(#14306);
#14306 = FILL_AREA_STYLE('',(#14307));
#14307 = FILL_AREA_STYLE_COLOUR('',#14293);
#14308 = STYLED_ITEM('color',(#14309),#3813);
#14309 = PRESENTATION_STYLE_ASSIGNMENT((#14310));
#14310 = SURFACE_STYLE_USAGE(.BOTH.,#14311);
#14311 = SURFACE_SIDE_STYLE('',(#14312));
#14312 = SURFACE_STYLE_FILL_AREA(#14313);
#14313 = FILL_AREA_STYLE('',(#14314));
#14314 = FILL_AREA_STYLE_COLOUR('',#14293);
#14315 = STYLED_ITEM('color',(#14316),#4755);
#14316 = PRESENTATION_STYLE_ASSIGNMENT((#14317));
#14317 = SURFACE_STYLE_USAGE(.BOTH.,#14318);
#14318 = SURFACE_SIDE_STYLE('',(#14319));
#14319 = SURFACE_STYLE_FILL_AREA(#14320);
#14320 = FILL_AREA_STYLE('',(#14321));
#14321 = FILL_AREA_STYLE_COLOUR('',#14293);
#14322 = STYLED_ITEM('color',(#14323),#4905);
#14323 = PRESENTATION_STYLE_ASSIGNMENT((#14324));
#14324 = SURFACE_STYLE_USAGE(.BOTH.,#14325);
#14325 = SURFACE_SIDE_STYLE('',(#14326));
#14326 = SURFACE_STYLE_FILL_AREA(#14327);
#14327 = FILL_AREA_STYLE('',(#14328));
#14328 = FILL_AREA_STYLE_COLOUR('',#14293);
#14329 = STYLED_ITEM('color',(#14330),#5055);
#14330 = PRESENTATION_STYLE_ASSIGNMENT((#14331));
#14331 = SURFACE_STYLE_USAGE(.BOTH.,#14332);
#14332 = SURFACE_SIDE_STYLE('',(#14333));
#14333 = SURFACE_STYLE_FILL_AREA(#14334);
#14334 = FILL_AREA_STYLE('',(#14335));
#14335 = FILL_AREA_STYLE_COLOUR('',#14293);
#14336 = STYLED_ITEM('color',(#14337),#5205);
#14337 = PRESENTATION_STYLE_ASSIGNMENT((#14338));
#14338 = SURFACE_STYLE_USAGE(.BOTH.,#14339);
#14339 = SURFACE_SIDE_STYLE('',(#14340));
#14340 = SURFACE_STYLE_FILL_AREA(#14341);
#14341 = FILL_AREA_STYLE('',(#14342));
#14342 = FILL_AREA_STYLE_COLOUR('',#14343);
#14343 = COLOUR_RGB('',0.250980388104,0.250980388104,0.250980388104);
#14344 = STYLED_ITEM('color',(#14345),#7873);
#14345 = PRESENTATION_STYLE_ASSIGNMENT((#14346));
#14346 = SURFACE_STYLE_USAGE(.BOTH.,#14347);
#14347 = SURFACE_SIDE_STYLE('',(#14348));
#14348 = SURFACE_STYLE_FILL_AREA(#14349);
#14349 = FILL_AREA_STYLE('',(#14350));
#14350 = FILL_AREA_STYLE_COLOUR('',#14351);
#14351 = DRAUGHTING_PRE_DEFINED_COLOUR('white');
#14352 = MECHANICAL_DESIGN_GEOMETRIC_PRESENTATION_REPRESENTATION('',(
    #14353,#14361,#14368,#14375,#14382,#14389,#14396,#14403,#14410,
    #14417,#14424,#14431,#14438,#14445,#14453,#14460,#14467,#14474,
    #14481,#14488,#14495,#14502,#14509,#14516,#14523,#14530),#8770);
#14353 = STYLED_ITEM('color',(#14354),#7982);
#14354 = PRESENTATION_STYLE_ASSIGNMENT((#14355));
#14355 = SURFACE_STYLE_USAGE(.BOTH.,#14356);
#14356 = SURFACE_SIDE_STYLE('',(#14357));
#14357 = SURFACE_STYLE_FILL_AREA(#14358);
#14358 = FILL_AREA_STYLE('',(#14359));
#14359 = FILL_AREA_STYLE_COLOUR('',#14360);
#14360 = COLOUR_RGB('',0.823999987314,0.819999987296,0.781000009244);
#14361 = STYLED_ITEM('color',(#14362),#8022);
#14362 = PRESENTATION_STYLE_ASSIGNMENT((#14363));
#14363 = SURFACE_STYLE_USAGE(.BOTH.,#14364);
#14364 = SURFACE_SIDE_STYLE('',(#14365));
#14365 = SURFACE_STYLE_FILL_AREA(#14366);
#14366 = FILL_AREA_STYLE('',(#14367));
#14367 = FILL_AREA_STYLE_COLOUR('',#14360);
#14368 = STYLED_ITEM('color',(#14369),#8105);
#14369 = PRESENTATION_STYLE_ASSIGNMENT((#14370));
#14370 = SURFACE_STYLE_USAGE(.BOTH.,#14371);
#14371 = SURFACE_SIDE_STYLE('',(#14372));
#14372 = SURFACE_STYLE_FILL_AREA(#14373);
#14373 = FILL_AREA_STYLE('',(#14374));
#14374 = FILL_AREA_STYLE_COLOUR('',#14360);
#14375 = STYLED_ITEM('color',(#14376),#8130);
#14376 = PRESENTATION_STYLE_ASSIGNMENT((#14377));
#14377 = SURFACE_STYLE_USAGE(.BOTH.,#14378);
#14378 = SURFACE_SIDE_STYLE('',(#14379));
#14379 = SURFACE_STYLE_FILL_AREA(#14380);
#14380 = FILL_AREA_STYLE('',(#14381));
#14381 = FILL_AREA_STYLE_COLOUR('',#14360);
#14382 = STYLED_ITEM('color',(#14383),#8155);
#14383 = PRESENTATION_STYLE_ASSIGNMENT((#14384));
#14384 = SURFACE_STYLE_USAGE(.BOTH.,#14385);
#14385 = SURFACE_SIDE_STYLE('',(#14386));
#14386 = SURFACE_STYLE_FILL_AREA(#14387);
#14387 = FILL_AREA_STYLE('',(#14388));
#14388 = FILL_AREA_STYLE_COLOUR('',#14360);
#14389 = STYLED_ITEM('color',(#14390),#8222);
#14390 = PRESENTATION_STYLE_ASSIGNMENT((#14391));
#14391 = SURFACE_STYLE_USAGE(.BOTH.,#14392);
#14392 = SURFACE_SIDE_STYLE('',(#14393));
#14393 = SURFACE_STYLE_FILL_AREA(#14394);
#14394 = FILL_AREA_STYLE('',(#14395));
#14395 = FILL_AREA_STYLE_COLOUR('',#14360);
#14396 = STYLED_ITEM('color',(#14397),#8239);
#14397 = PRESENTATION_STYLE_ASSIGNMENT((#14398));
#14398 = SURFACE_STYLE_USAGE(.BOTH.,#14399);
#14399 = SURFACE_SIDE_STYLE('',(#14400));
#14400 = SURFACE_STYLE_FILL_AREA(#14401);
#14401 = FILL_AREA_STYLE('',(#14402));
#14402 = FILL_AREA_STYLE_COLOUR('',#14360);
#14403 = STYLED_ITEM('color',(#14404),#8256);
#14404 = PRESENTATION_STYLE_ASSIGNMENT((#14405));
#14405 = SURFACE_STYLE_USAGE(.BOTH.,#14406);
#14406 = SURFACE_SIDE_STYLE('',(#14407));
#14407 = SURFACE_STYLE_FILL_AREA(#14408);
#14408 = FILL_AREA_STYLE('',(#14409));
#14409 = FILL_AREA_STYLE_COLOUR('',#13940);
#14410 = STYLED_ITEM('color',(#14411),#8305);
#14411 = PRESENTATION_STYLE_ASSIGNMENT((#14412));
#14412 = SURFACE_STYLE_USAGE(.BOTH.,#14413);
#14413 = SURFACE_SIDE_STYLE('',(#14414));
#14414 = SURFACE_STYLE_FILL_AREA(#14415);
#14415 = FILL_AREA_STYLE('',(#14416));
#14416 = FILL_AREA_STYLE_COLOUR('',#14360);
#14417 = STYLED_ITEM('color',(#14418),#8322);
#14418 = PRESENTATION_STYLE_ASSIGNMENT((#14419));
#14419 = SURFACE_STYLE_USAGE(.BOTH.,#14420);
#14420 = SURFACE_SIDE_STYLE('',(#14421));
#14421 = SURFACE_STYLE_FILL_AREA(#14422);
#14422 = FILL_AREA_STYLE('',(#14423));
#14423 = FILL_AREA_STYLE_COLOUR('',#14360);
#14424 = STYLED_ITEM('color',(#14425),#8339);
#14425 = PRESENTATION_STYLE_ASSIGNMENT((#14426));
#14426 = SURFACE_STYLE_USAGE(.BOTH.,#14427);
#14427 = SURFACE_SIDE_STYLE('',(#14428));
#14428 = SURFACE_STYLE_FILL_AREA(#14429);
#14429 = FILL_AREA_STYLE('',(#14430));
#14430 = FILL_AREA_STYLE_COLOUR('',#13940);
#14431 = STYLED_ITEM('color',(#14432),#8388);
#14432 = PRESENTATION_STYLE_ASSIGNMENT((#14433));
#14433 = SURFACE_STYLE_USAGE(.BOTH.,#14434);
#14434 = SURFACE_SIDE_STYLE('',(#14435));
#14435 = SURFACE_STYLE_FILL_AREA(#14436);
#14436 = FILL_AREA_STYLE('',(#14437));
#14437 = FILL_AREA_STYLE_COLOUR('',#13940);
#14438 = STYLED_ITEM('color',(#14439),#8405);
#14439 = PRESENTATION_STYLE_ASSIGNMENT((#14440));
#14440 = SURFACE_STYLE_USAGE(.BOTH.,#14441);
#14441 = SURFACE_SIDE_STYLE('',(#14442));
#14442 = SURFACE_STYLE_FILL_AREA(#14443);
#14443 = FILL_AREA_STYLE('',(#14444));
#14444 = FILL_AREA_STYLE_COLOUR('',#14360);
#14445 = STYLED_ITEM('color',(#14446),#8474);
#14446 = PRESENTATION_STYLE_ASSIGNMENT((#14447));
#14447 = SURFACE_STYLE_USAGE(.BOTH.,#14448);
#14448 = SURFACE_SIDE_STYLE('',(#14449));
#14449 = SURFACE_STYLE_FILL_AREA(#14450);
#14450 = FILL_AREA_STYLE('',(#14451));
#14451 = FILL_AREA_STYLE_COLOUR('',#14452);
#14452 = COLOUR_RGB('',8.200000279077E-02,8.600000121357E-02,
  9.399999706163E-02);
#14453 = STYLED_ITEM('color',(#14454),#8505);
#14454 = PRESENTATION_STYLE_ASSIGNMENT((#14455));
#14455 = SURFACE_STYLE_USAGE(.BOTH.,#14456);
#14456 = SURFACE_SIDE_STYLE('',(#14457));
#14457 = SURFACE_STYLE_FILL_AREA(#14458);
#14458 = FILL_AREA_STYLE('',(#14459));
#14459 = FILL_AREA_STYLE_COLOUR('',#14452);
#14460 = STYLED_ITEM('color',(#14461),#8529);
#14461 = PRESENTATION_STYLE_ASSIGNMENT((#14462));
#14462 = SURFACE_STYLE_USAGE(.BOTH.,#14463);
#14463 = SURFACE_SIDE_STYLE('',(#14464));
#14464 = SURFACE_STYLE_FILL_AREA(#14465);
#14465 = FILL_AREA_STYLE('',(#14466));
#14466 = FILL_AREA_STYLE_COLOUR('',#14360);
#14467 = STYLED_ITEM('color',(#14468),#8598);
#14468 = PRESENTATION_STYLE_ASSIGNMENT((#14469));
#14469 = SURFACE_STYLE_USAGE(.BOTH.,#14470);
#14470 = SURFACE_SIDE_STYLE('',(#14471));
#14471 = SURFACE_STYLE_FILL_AREA(#14472);
#14472 = FILL_AREA_STYLE('',(#14473));
#14473 = FILL_AREA_STYLE_COLOUR('',#14452);
#14474 = STYLED_ITEM('color',(#14475),#8622);
#14475 = PRESENTATION_STYLE_ASSIGNMENT((#14476));
#14476 = SURFACE_STYLE_USAGE(.BOTH.,#14477);
#14477 = SURFACE_SIDE_STYLE('',(#14478));
#14478 = SURFACE_STYLE_FILL_AREA(#14479);
#14479 = FILL_AREA_STYLE('',(#14480));
#14480 = FILL_AREA_STYLE_COLOUR('',#14360);
#14481 = STYLED_ITEM('color',(#14482),#8639);
#14482 = PRESENTATION_STYLE_ASSIGNMENT((#14483));
#14483 = SURFACE_STYLE_USAGE(.BOTH.,#14484);
#14484 = SURFACE_SIDE_STYLE('',(#14485));
#14485 = SURFACE_STYLE_FILL_AREA(#14486);
#14486 = FILL_AREA_STYLE('',(#14487));
#14487 = FILL_AREA_STYLE_COLOUR('',#14360);
#14488 = STYLED_ITEM('color',(#14489),#8656);
#14489 = PRESENTATION_STYLE_ASSIGNMENT((#14490));
#14490 = SURFACE_STYLE_USAGE(.BOTH.,#14491);
#14491 = SURFACE_SIDE_STYLE('',(#14492));
#14492 = SURFACE_STYLE_FILL_AREA(#14493);
#14493 = FILL_AREA_STYLE('',(#14494));
#14494 = FILL_AREA_STYLE_COLOUR('',#14360);
#14495 = STYLED_ITEM('color',(#14496),#8673);
#14496 = PRESENTATION_STYLE_ASSIGNMENT((#14497));
#14497 = SURFACE_STYLE_USAGE(.BOTH.,#14498);
#14498 = SURFACE_SIDE_STYLE('',(#14499));
#14499 = SURFACE_STYLE_FILL_AREA(#14500);
#14500 = FILL_AREA_STYLE('',(#14501));
#14501 = FILL_AREA_STYLE_COLOUR('',#14360);
#14502 = STYLED_ITEM('color',(#14503),#8690);
#14503 = PRESENTATION_STYLE_ASSIGNMENT((#14504));
#14504 = SURFACE_STYLE_USAGE(.BOTH.,#14505);
#14505 = SURFACE_SIDE_STYLE('',(#14506));
#14506 = SURFACE_STYLE_FILL_AREA(#14507);
#14507 = FILL_AREA_STYLE('',(#14508));
#14508 = FILL_AREA_STYLE_COLOUR('',#14360);
#14509 = STYLED_ITEM('color',(#14510),#8707);
#14510 = PRESENTATION_STYLE_ASSIGNMENT((#14511));
#14511 = SURFACE_STYLE_USAGE(.BOTH.,#14512);
#14512 = SURFACE_SIDE_STYLE('',(#14513));
#14513 = SURFACE_STYLE_FILL_AREA(#14514);
#14514 = FILL_AREA_STYLE('',(#14515));
#14515 = FILL_AREA_STYLE_COLOUR('',#14360);
#14516 = STYLED_ITEM('color',(#14517),#8724);
#14517 = PRESENTATION_STYLE_ASSIGNMENT((#14518));
#14518 = SURFACE_STYLE_USAGE(.BOTH.,#14519);
#14519 = SURFACE_SIDE_STYLE('',(#14520));
#14520 = SURFACE_STYLE_FILL_AREA(#14521);
#14521 = FILL_AREA_STYLE('',(#14522));
#14522 = FILL_AREA_STYLE_COLOUR('',#14360);
#14523 = STYLED_ITEM('color',(#14524),#8741);
#14524 = PRESENTATION_STYLE_ASSIGNMENT((#14525));
#14525 = SURFACE_STYLE_USAGE(.BOTH.,#14526);
#14526 = SURFACE_SIDE_STYLE('',(#14527));
#14527 = SURFACE_STYLE_FILL_AREA(#14528);
#14528 = FILL_AREA_STYLE('',(#14529));
#14529 = FILL_AREA_STYLE_COLOUR('',#14452);
#14530 = STYLED_ITEM('color',(#14531),#8758);
#14531 = PRESENTATION_STYLE_ASSIGNMENT((#14532));
#14532 = SURFACE_STYLE_USAGE(.BOTH.,#14533);
#14533 = SURFACE_SIDE_STYLE('',(#14534));
#14534 = SURFACE_STYLE_FILL_AREA(#14535);
#14535 = FILL_AREA_STYLE('',(#14536));
#14536 = FILL_AREA_STYLE_COLOUR('',#14452);
#14537 = MECHANICAL_DESIGN_GEOMETRIC_PRESENTATION_REPRESENTATION('',(
    #14538,#14545,#14552,#14559,#14566,#14573,#14580,#14587,#14594,
    #14601,#14608,#14616,#14623,#14630,#14637,#14644,#14651,#14658,
    #14665,#14672,#14679,#14686,#14693,#14700,#14707,#14714,#14721,
    #14728),#911);
#14538 = STYLED_ITEM('color',(#14539),#59);
#14539 = PRESENTATION_STYLE_ASSIGNMENT((#14540));
#14540 = SURFACE_STYLE_USAGE(.BOTH.,#14541);
#14541 = SURFACE_SIDE_STYLE('',(#14542));
#14542 = SURFACE_STYLE_FILL_AREA(#14543);
#14543 = FILL_AREA_STYLE('',(#14544));
#14544 = FILL_AREA_STYLE_COLOUR('',#14360);
#14545 = STYLED_ITEM('color',(#14546),#135);
#14546 = PRESENTATION_STYLE_ASSIGNMENT((#14547));
#14547 = SURFACE_STYLE_USAGE(.BOTH.,#14548);
#14548 = SURFACE_SIDE_STYLE('',(#14549));
#14549 = SURFACE_STYLE_FILL_AREA(#14550);
#14550 = FILL_AREA_STYLE('',(#14551));
#14551 = FILL_AREA_STYLE_COLOUR('',#14360);
#14552 = STYLED_ITEM('color',(#14553),#166);
#14553 = PRESENTATION_STYLE_ASSIGNMENT((#14554));
#14554 = SURFACE_STYLE_USAGE(.BOTH.,#14555);
#14555 = SURFACE_SIDE_STYLE('',(#14556));
#14556 = SURFACE_STYLE_FILL_AREA(#14557);
#14557 = FILL_AREA_STYLE('',(#14558));
#14558 = FILL_AREA_STYLE_COLOUR('',#14360);
#14559 = STYLED_ITEM('color',(#14560),#191);
#14560 = PRESENTATION_STYLE_ASSIGNMENT((#14561));
#14561 = SURFACE_STYLE_USAGE(.BOTH.,#14562);
#14562 = SURFACE_SIDE_STYLE('',(#14563));
#14563 = SURFACE_STYLE_FILL_AREA(#14564);
#14564 = FILL_AREA_STYLE('',(#14565));
#14565 = FILL_AREA_STYLE_COLOUR('',#14360);
#14566 = STYLED_ITEM('color',(#14567),#216);
#14567 = PRESENTATION_STYLE_ASSIGNMENT((#14568));
#14568 = SURFACE_STYLE_USAGE(.BOTH.,#14569);
#14569 = SURFACE_SIDE_STYLE('',(#14570));
#14570 = SURFACE_STYLE_FILL_AREA(#14571);
#14571 = FILL_AREA_STYLE('',(#14572));
#14572 = FILL_AREA_STYLE_COLOUR('',#14360);
#14573 = STYLED_ITEM('color',(#14574),#240);
#14574 = PRESENTATION_STYLE_ASSIGNMENT((#14575));
#14575 = SURFACE_STYLE_USAGE(.BOTH.,#14576);
#14576 = SURFACE_SIDE_STYLE('',(#14577));
#14577 = SURFACE_STYLE_FILL_AREA(#14578);
#14578 = FILL_AREA_STYLE('',(#14579));
#14579 = FILL_AREA_STYLE_COLOUR('',#14360);
#14580 = STYLED_ITEM('color',(#14581),#264);
#14581 = PRESENTATION_STYLE_ASSIGNMENT((#14582));
#14582 = SURFACE_STYLE_USAGE(.BOTH.,#14583);
#14583 = SURFACE_SIDE_STYLE('',(#14584));
#14584 = SURFACE_STYLE_FILL_AREA(#14585);
#14585 = FILL_AREA_STYLE('',(#14586));
#14586 = FILL_AREA_STYLE_COLOUR('',#14360);
#14587 = STYLED_ITEM('color',(#14588),#289);
#14588 = PRESENTATION_STYLE_ASSIGNMENT((#14589));
#14589 = SURFACE_STYLE_USAGE(.BOTH.,#14590);
#14590 = SURFACE_SIDE_STYLE('',(#14591));
#14591 = SURFACE_STYLE_FILL_AREA(#14592);
#14592 = FILL_AREA_STYLE('',(#14593));
#14593 = FILL_AREA_STYLE_COLOUR('',#14360);
#14594 = STYLED_ITEM('color',(#14595),#314);
#14595 = PRESENTATION_STYLE_ASSIGNMENT((#14596));
#14596 = SURFACE_STYLE_USAGE(.BOTH.,#14597);
#14597 = SURFACE_SIDE_STYLE('',(#14598));
#14598 = SURFACE_STYLE_FILL_AREA(#14599);
#14599 = FILL_AREA_STYLE('',(#14600));
#14600 = FILL_AREA_STYLE_COLOUR('',#14360);
#14601 = STYLED_ITEM('color',(#14602),#331);
#14602 = PRESENTATION_STYLE_ASSIGNMENT((#14603));
#14603 = SURFACE_STYLE_USAGE(.BOTH.,#14604);
#14604 = SURFACE_SIDE_STYLE('',(#14605));
#14605 = SURFACE_STYLE_FILL_AREA(#14606);
#14606 = FILL_AREA_STYLE('',(#14607));
#14607 = FILL_AREA_STYLE_COLOUR('',#14360);
#14608 = STYLED_ITEM('color',(#14609),#417);
#14609 = PRESENTATION_STYLE_ASSIGNMENT((#14610));
#14610 = SURFACE_STYLE_USAGE(.BOTH.,#14611);
#14611 = SURFACE_SIDE_STYLE('',(#14612));
#14612 = SURFACE_STYLE_FILL_AREA(#14613);
#14613 = FILL_AREA_STYLE('',(#14614));
#14614 = FILL_AREA_STYLE_COLOUR('',#14615);
#14615 = COLOUR_RGB('',0.379000005575,0.270000008848,0.214999999939);
#14616 = STYLED_ITEM('color',(#14617),#449);
#14617 = PRESENTATION_STYLE_ASSIGNMENT((#14618));
#14618 = SURFACE_STYLE_USAGE(.BOTH.,#14619);
#14619 = SURFACE_SIDE_STYLE('',(#14620));
#14620 = SURFACE_STYLE_FILL_AREA(#14621);
#14621 = FILL_AREA_STYLE('',(#14622));
#14622 = FILL_AREA_STYLE_COLOUR('',#14615);
#14623 = STYLED_ITEM('color',(#14624),#473);
#14624 = PRESENTATION_STYLE_ASSIGNMENT((#14625));
#14625 = SURFACE_STYLE_USAGE(.BOTH.,#14626);
#14626 = SURFACE_SIDE_STYLE('',(#14627));
#14627 = SURFACE_STYLE_FILL_AREA(#14628);
#14628 = FILL_AREA_STYLE('',(#14629));
#14629 = FILL_AREA_STYLE_COLOUR('',#14615);
#14630 = STYLED_ITEM('color',(#14631),#498);
#14631 = PRESENTATION_STYLE_ASSIGNMENT((#14632));
#14632 = SURFACE_STYLE_USAGE(.BOTH.,#14633);
#14633 = SURFACE_SIDE_STYLE('',(#14634));
#14634 = SURFACE_STYLE_FILL_AREA(#14635);
#14635 = FILL_AREA_STYLE('',(#14636));
#14636 = FILL_AREA_STYLE_COLOUR('',#14615);
#14637 = STYLED_ITEM('color',(#14638),#522);
#14638 = PRESENTATION_STYLE_ASSIGNMENT((#14639));
#14639 = SURFACE_STYLE_USAGE(.BOTH.,#14640);
#14640 = SURFACE_SIDE_STYLE('',(#14641));
#14641 = SURFACE_STYLE_FILL_AREA(#14642);
#14642 = FILL_AREA_STYLE('',(#14643));
#14643 = FILL_AREA_STYLE_COLOUR('',#14615);
#14644 = STYLED_ITEM('color',(#14645),#547);
#14645 = PRESENTATION_STYLE_ASSIGNMENT((#14646));
#14646 = SURFACE_STYLE_USAGE(.BOTH.,#14647);
#14647 = SURFACE_SIDE_STYLE('',(#14648));
#14648 = SURFACE_STYLE_FILL_AREA(#14649);
#14649 = FILL_AREA_STYLE('',(#14650));
#14650 = FILL_AREA_STYLE_COLOUR('',#14615);
#14651 = STYLED_ITEM('color',(#14652),#571);
#14652 = PRESENTATION_STYLE_ASSIGNMENT((#14653));
#14653 = SURFACE_STYLE_USAGE(.BOTH.,#14654);
#14654 = SURFACE_SIDE_STYLE('',(#14655));
#14655 = SURFACE_STYLE_FILL_AREA(#14656);
#14656 = FILL_AREA_STYLE('',(#14657));
#14657 = FILL_AREA_STYLE_COLOUR('',#14615);
#14658 = STYLED_ITEM('color',(#14659),#596);
#14659 = PRESENTATION_STYLE_ASSIGNMENT((#14660));
#14660 = SURFACE_STYLE_USAGE(.BOTH.,#14661);
#14661 = SURFACE_SIDE_STYLE('',(#14662));
#14662 = SURFACE_STYLE_FILL_AREA(#14663);
#14663 = FILL_AREA_STYLE('',(#14664));
#14664 = FILL_AREA_STYLE_COLOUR('',#14615);
#14665 = STYLED_ITEM('color',(#14666),#613);
#14666 = PRESENTATION_STYLE_ASSIGNMENT((#14667));
#14667 = SURFACE_STYLE_USAGE(.BOTH.,#14668);
#14668 = SURFACE_SIDE_STYLE('',(#14669));
#14669 = SURFACE_STYLE_FILL_AREA(#14670);
#14670 = FILL_AREA_STYLE('',(#14671));
#14671 = FILL_AREA_STYLE_COLOUR('',#14360);
#14672 = STYLED_ITEM('color',(#14673),#699);
#14673 = PRESENTATION_STYLE_ASSIGNMENT((#14674));
#14674 = SURFACE_STYLE_USAGE(.BOTH.,#14675);
#14675 = SURFACE_SIDE_STYLE('',(#14676));
#14676 = SURFACE_STYLE_FILL_AREA(#14677);
#14677 = FILL_AREA_STYLE('',(#14678));
#14678 = FILL_AREA_STYLE_COLOUR('',#14360);
#14679 = STYLED_ITEM('color',(#14680),#730);
#14680 = PRESENTATION_STYLE_ASSIGNMENT((#14681));
#14681 = SURFACE_STYLE_USAGE(.BOTH.,#14682);
#14682 = SURFACE_SIDE_STYLE('',(#14683));
#14683 = SURFACE_STYLE_FILL_AREA(#14684);
#14684 = FILL_AREA_STYLE('',(#14685));
#14685 = FILL_AREA_STYLE_COLOUR('',#14360);
#14686 = STYLED_ITEM('color',(#14687),#755);
#14687 = PRESENTATION_STYLE_ASSIGNMENT((#14688));
#14688 = SURFACE_STYLE_USAGE(.BOTH.,#14689);
#14689 = SURFACE_SIDE_STYLE('',(#14690));
#14690 = SURFACE_STYLE_FILL_AREA(#14691);
#14691 = FILL_AREA_STYLE('',(#14692));
#14692 = FILL_AREA_STYLE_COLOUR('',#14360);
#14693 = STYLED_ITEM('color',(#14694),#780);
#14694 = PRESENTATION_STYLE_ASSIGNMENT((#14695));
#14695 = SURFACE_STYLE_USAGE(.BOTH.,#14696);
#14696 = SURFACE_SIDE_STYLE('',(#14697));
#14697 = SURFACE_STYLE_FILL_AREA(#14698);
#14698 = FILL_AREA_STYLE('',(#14699));
#14699 = FILL_AREA_STYLE_COLOUR('',#14360);
#14700 = STYLED_ITEM('color',(#14701),#804);
#14701 = PRESENTATION_STYLE_ASSIGNMENT((#14702));
#14702 = SURFACE_STYLE_USAGE(.BOTH.,#14703);
#14703 = SURFACE_SIDE_STYLE('',(#14704));
#14704 = SURFACE_STYLE_FILL_AREA(#14705);
#14705 = FILL_AREA_STYLE('',(#14706));
#14706 = FILL_AREA_STYLE_COLOUR('',#14360);
#14707 = STYLED_ITEM('color',(#14708),#828);
#14708 = PRESENTATION_STYLE_ASSIGNMENT((#14709));
#14709 = SURFACE_STYLE_USAGE(.BOTH.,#14710);
#14710 = SURFACE_SIDE_STYLE('',(#14711));
#14711 = SURFACE_STYLE_FILL_AREA(#14712);
#14712 = FILL_AREA_STYLE('',(#14713));
#14713 = FILL_AREA_STYLE_COLOUR('',#14360);
#14714 = STYLED_ITEM('color',(#14715),#853);
#14715 = PRESENTATION_STYLE_ASSIGNMENT((#14716));
#14716 = SURFACE_STYLE_USAGE(.BOTH.,#14717);
#14717 = SURFACE_SIDE_STYLE('',(#14718));
#14718 = SURFACE_STYLE_FILL_AREA(#14719);
#14719 = FILL_AREA_STYLE('',(#14720));
#14720 = FILL_AREA_STYLE_COLOUR('',#14360);
#14721 = STYLED_ITEM('color',(#14722),#878);
#14722 = PRESENTATION_STYLE_ASSIGNMENT((#14723));
#14723 = SURFACE_STYLE_USAGE(.BOTH.,#14724);
#14724 = SURFACE_SIDE_STYLE('',(#14725));
#14725 = SURFACE_STYLE_FILL_AREA(#14726);
#14726 = FILL_AREA_STYLE('',(#14727));
#14727 = FILL_AREA_STYLE_COLOUR('',#14360);
#14728 = STYLED_ITEM('color',(#14729),#895);
#14729 = PRESENTATION_STYLE_ASSIGNMENT((#14730));
#14730 = SURFACE_STYLE_USAGE(.BOTH.,#14731);
#14731 = SURFACE_SIDE_STYLE('',(#14732));
#14732 = SURFACE_STYLE_FILL_AREA(#14733);
#14733 = FILL_AREA_STYLE('',(#14734));
#14734 = FILL_AREA_STYLE_COLOUR('',#14360);
ENDSEC;
END-ISO-10303-21;
